{
    "week_1": 1.9924236003804223,
    "week_2": 0.2812323193034308,
    "week_3": 1.3195432939395257,
    "week_4": 1.760665028830246,
    "week_5": 1.1466706279751806,
    "week_6": 0.6876667138413806,
    "week_7": 0.46694365236476987,
    "week_8": 0.6015794952813001,
    "week_9": 1.3897438663339305,
    "week_10": 3.8392570874563408,
    "week_11": 3.8472289061503058,
    "week_12": 1.9592985747304485,
    "week_13": 1.5863139025884665,
    "week_14": 4.063265484545768,
    "week_15": 4.22398605258684,
    "week_16": 0.5936613719495338,
    "week_17": 3.105902497165931,
    "week_18": 4.515636365923234,
    "week_19": 4.719185667909174,
    "week_20": 3.195704122739877,
    "week_21": 1.7250631906494573,
    "week_22": 0.13119918607403266,
    "week_23": 1.3632990429198115,
    "week_24": 0.9383418537826834,
    "week_25": 0.9509367791952491,
    "week_26": 2.668612958410981,
    "week_27": 3.0020959861329564,
    "week_28": 2.581762939194632,
    "week_29": 0.8578296283236806,
    "week_30": 2.210303873366443,
    "week_31": 2.078884473267471,
    "week_32": 1.4039180490184935,
    "week_33": 2.261672897300158,
    "week_34": 1.3728012490534385,
    "week_35": 1.7405039982472337,
    "week_36": 2.7371319151292686,
    "week_37": 3.4600890797350345,
    "week_38": 4.24594589935211,
    "week_39": 1.5691009400302034,
    "week_40": 0.9604736828928166,
    "week_41": 0.9055311220395825,
    "week_42": 2.9062445019433234,
    "week_43": 3.355241340566098,
    "week_44": 2.9811388169280986,
    "week_45": 2.818356356517334,
    "week_46": 2.3488642294175177,
    "week_47": 2.22968628499012,
    "week_48": 0.0239316552321469,
    "week_49": 1.5284985105445803,
    "week_50": 0.5884158948328331,
    "week_51": 0.1918680721617987,
    "week_52": 1.1283904146532497
}