{
    "week_1": 2.212573184208637,
    "week_2": 1.5867575462511805,
    "week_3": 3.37442035591137,
    "week_4": 6.017396959596775,
    "week_5": 1.8047851643347963,
    "week_6": 1.3391569491944488,
    "week_7": 1.3867818745465392,
    "week_8": 1.1965502485269408,
    "week_9": 0.9282741979169383,
    "week_10": 0.7397576740642514,
    "week_11": 0.7761658880419662,
    "week_12": 0.7806782141985744,
    "week_13": 9.981532779316714,
    "week_14": 5.674201776761375,
    "week_15": 2.3768775603095103,
    "week_16": 3.6530254705538967,
    "week_17": 1.9080722616053065,
    "week_18": 0.6749906120916207,
    "week_19": 2.5817868758370084,
    "week_20": 2.267763992332703,
    "week_21": 1.5934518790795198,
    "week_22": 0.6532573702636394,
    "week_23": 0.6490176148602556,
    "week_24": 0.48755428945030627,
    "week_25": 0.16024139288190314,
    "week_26": 5.98327753010598,
    "week_27": 4.068769469697652,
    "week_28": 2.758472258342217,
    "week_29": 3.381481247575292,
    "week_30": 2.1975865790248243,
    "week_31": 0.5660774780151085,
    "week_32": 0.554562338361155,
    "week_33": 0.5576548823165146,
    "week_34": 0.5463537575846283,
    "week_35": 2.0695047636854706,
    "week_36": 0.1656394776890975,
    "week_37": 0.4341778021329188,
    "week_38": 2.1842290681584657,
    "week_39": 7.722425513988557,
    "week_40": 3.7593386746441206,
    "week_41": 1.1329884995075699,
    "week_42": 2.3834945358623223,
    "week_43": 1.1202956783118165,
    "week_44": 5.288279527588237,
    "week_45": 7.375734125111586,
    "week_46": 6.862544711292761,
    "week_47": 6.862544711292761,
    "week_48": 6.862544711292761,
    "week_49": 6.862544711292761,
    "week_50": 6.862544711292761,
    "week_51": 7.19787613194163,
    "week_52": 5.841850854211984
}