{
    "week_1": 3.62021804387527,
    "week_2": 4.210321324245394,
    "week_3": 2.5246720304387376,
    "week_4": 0.03251768148929758,
    "week_5": 1.8047851643347963,
    "week_6": 1.3391569491944488,
    "week_7": 1.3867818745465392,
    "week_8": 1.1965502485269408,
    "week_9": 0.9282741979169383,
    "week_10": 0.7397576740642514,
    "week_11": 0.7868207523973337,
    "week_12": 0.7806782141985744,
    "week_13": 2.4175270712667136,
    "week_14": 7.3181458351658275,
    "week_15": 2.3768775603095103,
    "week_16": 3.6530254705538967,
    "week_17": 1.9080722616053065,
    "week_18": 0.6749906120916207,
    "week_19": 2.5817868758370084,
    "week_20": 2.267763992332703,
    "week_21": 1.5934518790795198,
    "week_22": 0.6532573702636394,
    "week_23": 0.6490176148602556,
    "week_24": 0.48755428945030627,
    "week_25": 0.16024139288190314,
    "week_26": 1.456741708133704,
    "week_27": 3.257740198170864,
    "week_28": 4.475791625938245,
    "week_29": 3.8966428784092315,
    "week_30": 4.9971905853393,
    "week_31": 6.513840374927604,
    "week_32": 7.55558641278879,
    "week_33": 0.5576548823165146,
    "week_34": 0.5463537575846283,
    "week_35": 3.696211998878184,
    "week_36": 2.0280325897774314,
    "week_37": 2.301563883151355,
    "week_38": 10.707221623273536,
    "week_39": 7.722425513988557,
    "week_40": 3.7593386746441206,
    "week_41": 1.1329884995075699,
    "week_42": 2.3834945358623223,
    "week_43": 1.1202956783118165,
    "week_44": 5.446393443839849,
    "week_45": 7.5303631968290095,
    "week_46": 7.018030513176135,
    "week_47": 6.862544711292761,
    "week_48": 6.862544711292761,
    "week_49": 6.862544711292761,
    "week_50": 6.862544711292761,
    "week_51": 7.19787613194163,
    "week_52": 5.841850854211984
}