{
    "week_1": 1.1317628653561116,
    "week_2": 0.9174419279333738,
    "week_3": 1.8052096774929023,
    "week_4": 2.9178485885110175,
    "week_5": 3.500275925841735,
    "week_6": 1.7524613448772357,
    "week_7": 1.8793718834569595,
    "week_8": 2.3274759523866377,
    "week_9": 2.67891643477655,
    "week_10": 0.05019762080263348,
    "week_11": 1.4204633198040824,
    "week_12": 2.7268925760665508,
    "week_13": 0.23880079717759412,
    "week_14": 2.22855079928967,
    "week_15": 3.0960122103464656,
    "week_16": 0.1370079833778688,
    "week_17": 1.9497166245559516,
    "week_18": 1.8985144912150727,
    "week_19": 2.221630552141663,
    "week_20": 1.423080184237645,
    "week_21": 0.9075001623591854,
    "week_22": 0.3929201977337775,
    "week_23": 1.1331316539432048,
    "week_24": 4.130152157606425,
    "week_25": 7.107125522453177,
    "week_26": 7.753008880477073,
    "week_27": 6.82327292990758,
    "week_28": 4.922841274977881,
    "week_29": 4.821279719293689,
    "week_30": 1.2627524381992252,
    "week_31": 1.433931499333987,
    "week_32": 2.6591877862619686,
    "week_33": 1.308912689867381,
    "week_34": 2.029555553101406,
    "week_35": 3.5444860494657684,
    "week_36": 3.549506273766745,
    "week_37": 3.954537541718671,
    "week_38": 4.664832590843888,
    "week_39": 3.0885767876110344,
    "week_40": 2.0953640437735754,
    "week_41": 1.7625701829194953,
    "week_42": 3.633605140050732,
    "week_43": 1.7156321176032046,
    "week_44": 2.334523686465445,
    "week_45": 5.689967946166076,
    "week_46": 8.844351061671535,
    "week_47": 9.454443344089768,
    "week_48": 8.191265375399169,
    "week_49": 7.801590332033499,
    "week_50": 8.294208290761643,
    "week_51": 8.552763934631198,
    "week_52": 7.407521910525859
}