{
    "week_1": 7.2689043908597055,
    "week_2": 6.612553658657855,
    "week_3": 7.2982048528916685,
    "week_4": 7.386274058736145,
    "week_5": 7.1813608924964925,
    "week_6": 3.6442370162331814,
    "week_7": 2.782900973547572,
    "week_8": 0.529105095884827,
    "week_9": 1.3068269991181622,
    "week_10": 2.07931942809937,
    "week_11": 1.9770240684746143,
    "week_12": 2.5580153646306685,
    "week_13": 0.23052581326267296,
    "week_14": 1.5410276549909319,
    "week_15": 0.8128414596354916,
    "week_16": 0.9103437909799993,
    "week_17": 0.9381083675300113,
    "week_18": 0.6778525968061117,
    "week_19": 2.5850921073047672,
    "week_20": 2.2718703617527995,
    "week_21": 1.5974837782082234,
    "week_22": 0.6447115761069079,
    "week_23": 1.2439723381448236,
    "week_24": 0.13554362220904945,
    "week_25": 0.7130592996678572,
    "week_26": 0.34041716870331207,
    "week_27": 0.129681106709372,
    "week_28": 0.9730782920697105,
    "week_29": 0.025930988280460747,
    "week_30": 0.8720677988404705,
    "week_31": 1.9674811941077013,
    "week_32": 1.0168972945724397,
    "week_33": 0.6612220281282413,
    "week_34": 0.3725482373829627,
    "week_35": 0.017250650580069853,
    "week_36": 0.6827214117551453,
    "week_37": 2.4268768858733876,
    "week_38": 4.8999401173121715,
    "week_39": 4.993731412811969,
    "week_40": 4.308797295428774,
    "week_41": 3.889374735046136,
    "week_42": 4.940441127019075,
    "week_43": 2.156371020833426,
    "week_44": 5.304951955656476,
    "week_45": 7.059232878048591,
    "week_46": 6.5531468393035,
    "week_47": 6.982131834750255,
    "week_48": 7.5916476179223675,
    "week_49": 7.559944361753121,
    "week_50": 7.522123659711136,
    "week_51": 7.8126614513303965,
    "week_52": 6.408602652399796
}