{
    "week_1": 2.4309947794714706,
    "week_2": 0.9706612200484204,
    "week_3": 2.756186038546822,
    "week_4": 3.5914605267962285,
    "week_5": 3.58823671737277,
    "week_6": 1.0961297363846094,
    "week_7": 0.26559100441899575,
    "week_8": 0.6866119578067782,
    "week_9": 1.5238617980967752,
    "week_10": 2.0430444596236703,
    "week_11": 2.573075017645775,
    "week_12": 1.7407182850326146,
    "week_13": 1.9961456054294238,
    "week_14": 4.12742703524052,
    "week_15": 3.7455495880286698,
    "week_16": 0.41478658128013,
    "week_17": 2.5497275708178067,
    "week_18": 3.775608851021949,
    "week_19": 3.6223593755441597,
    "week_20": 1.8284133477646718,
    "week_21": 1.5236956716020478,
    "week_22": 1.1805074921182848,
    "week_23": 0.12390143858320238,
    "week_24": 0.853377290009165,
    "week_25": 1.2168794349975234,
    "week_26": 0.11773247058172948,
    "week_27": 0.6983512394948069,
    "week_28": 0.18033870473129068,
    "week_29": 1.6761386267456597,
    "week_30": 0.35609373836445596,
    "week_31": 0.23362723827723453,
    "week_32": 0.15396959816906972,
    "week_33": 2.5002482057354216,
    "week_34": 1.4154850779697956,
    "week_35": 0.9253140288942819,
    "week_36": 1.2808269074894498,
    "week_37": 2.562471729334702,
    "week_38": 3.189879944014937,
    "week_39": 0.024744148727120423,
    "week_40": 1.6060986950335472,
    "week_41": 1.3204033648277707,
    "week_42": 1.7704552193191336,
    "week_43": 3.083582694313083,
    "week_44": 4.518217670487836,
    "week_45": 4.316420067079899,
    "week_46": 2.1970880593735997,
    "week_47": 2.5512714583362857,
    "week_48": 2.5349448391389666,
    "week_49": 2.5369266437814395,
    "week_50": 2.6426328912303405,
    "week_51": 3.075419463229428,
    "week_52": 1.6032572436522792
}