{
    "week_1": 1.6038670062009142,
    "week_2": 1.1856820395322476,
    "week_3": 0.7690196670223447,
    "week_4": 1.1975300407640337,
    "week_5": 1.0217085164468926,
    "week_6": 0.6707864895437777,
    "week_7": 0.7383354340614359,
    "week_8": 0.028133662706545836,
    "week_9": 0.5906702025713036,
    "week_10": 7.8634510891838305,
    "week_11": 3.102313113245898,
    "week_12": 1.301799875429786,
    "week_13": 2.0997404642408273,
    "week_14": 2.69529729416626,
    "week_15": 2.1757737029308934,
    "week_16": 0.5426720841725887,
    "week_17": 2.996756543421226,
    "week_18": 2.6808194694678567,
    "week_19": 3.507244099573191,
    "week_20": 2.838091509096169,
    "week_21": 0.4228556781545627,
    "week_22": 0.7433564674534608,
    "week_23": 1.3147934546790772,
    "week_24": 0.5646554763114231,
    "week_25": 0.48056602769418894,
    "week_26": 2.697491359929,
    "week_27": 2.2517517298570886,
    "week_28": 1.8111172534386426,
    "week_29": 0.45852375490952146,
    "week_30": 1.697752836680426,
    "week_31": 1.2946860855708877,
    "week_32": 0.6893494512274326,
    "week_33": 2.303355477642251,
    "week_34": 1.6601115548134446,
    "week_35": 1.9097134082904872,
    "week_36": 3.025805127517557,
    "week_37": 3.533450162941111,
    "week_38": 4.408800039625255,
    "week_39": 1.3761820440758976,
    "week_40": 1.3272895764321848,
    "week_41": 1.4562594835756002,
    "week_42": 3.305720109210915,
    "week_43": 3.3785722472721083,
    "week_44": 2.4030562987178943,
    "week_45": 2.1140065393561573,
    "week_46": 2.074739960716983,
    "week_47": 1.9938282698433636,
    "week_48": 0.6053645780736688,
    "week_49": 2.456575655414875,
    "week_50": 1.0524186627141774,
    "week_51": 0.35606669229175963,
    "week_52": 1.6665915921933259
}