{
    "week_1": 2.969800829922877,
    "week_2": 1.6853359186236685,
    "week_3": 3.0369040163880077,
    "week_4": 3.853868733461869,
    "week_5": 2.9784078406170917,
    "week_6": 1.8371567005660259,
    "week_7": 0.15089608940697538,
    "week_8": 1.0191625863879565,
    "week_9": 2.4867824749395098,
    "week_10": 2.309163935916697,
    "week_11": 2.1942032075742457,
    "week_12": 2.5117404828200027,
    "week_13": 0.3202860877698006,
    "week_14": 3.428179682726539,
    "week_15": 4.8010709289503275,
    "week_16": 1.9146289287062614,
    "week_17": 3.732587593776889,
    "week_18": 5.450983208120485,
    "week_19": 6.218715395973931,
    "week_20": 5.191452680713927,
    "week_21": 3.7096091149626997,
    "week_22": 1.6135826277903993,
    "week_23": 1.0788008980695656,
    "week_24": 0.5382955611862617,
    "week_25": 0.6530600491881658,
    "week_26": 2.486446170097454,
    "week_27": 3.141815705147889,
    "week_28": 2.76251494285767,
    "week_29": 0.7565237110032095,
    "week_30": 2.420590836264638,
    "week_31": 2.412511379870496,
    "week_32": 1.28020536032411,
    "week_33": 3.1325810351252628,
    "week_34": 2.3755096199219756,
    "week_35": 1.5796997327626108,
    "week_36": 1.9750552999909319,
    "week_37": 3.1394469278878283,
    "week_38": 4.431363423935616,
    "week_39": 1.488799500048679,
    "week_40": 0.22227132195026586,
    "week_41": 0.1305072848118128,
    "week_42": 3.1740087125950947,
    "week_43": 2.133254796369516,
    "week_44": 3.1163474551306294,
    "week_45": 2.9233156949410635,
    "week_46": 1.6344444090473573,
    "week_47": 0.6471516136357,
    "week_48": 1.037889677465152,
    "week_49": 1.9831772856418324,
    "week_50": 1.2297376327030538,
    "week_51": 0.315894701311439,
    "week_52": 1.3217602665272061
}