{
    "week_1": 2.5881384758872863,
    "week_2": 0.8425004868548424,
    "week_3": 1.9363798501842868,
    "week_4": 2.426428745630422,
    "week_5": 3.2083698981703526,
    "week_6": 2.1132885574189277,
    "week_7": 1.7707192797309226,
    "week_8": 0.9344036999243241,
    "week_9": 0.05641050895041664,
    "week_10": 0.288808605110353,
    "week_11": 0.5175313498893022,
    "week_12": 2.372188338619178,
    "week_13": 0.514051876101739,
    "week_14": 3.5504178027971234,
    "week_15": 6.783004096495267,
    "week_16": 4.554476438614648,
    "week_17": 5.567967070660904,
    "week_18": 6.933777694329718,
    "week_19": 7.58446527644929,
    "week_20": 6.848370700260402,
    "week_21": 5.758225413757543,
    "week_22": 4.022479186807278,
    "week_23": 0.4334244071653605,
    "week_24": 0.8966515668051999,
    "week_25": 2.0082463406862727,
    "week_26": 1.4038735455704936,
    "week_27": 0.17601060786315187,
    "week_28": 0.6731264180216268,
    "week_29": 0.7094434269524895,
    "week_30": 0.24972574761634087,
    "week_31": 1.1681908339331888,
    "week_32": 1.7892229184386772,
    "week_33": 1.7684117744595322,
    "week_34": 1.5297214717889343,
    "week_35": 1.6085448874308108,
    "week_36": 1.1633692919542342,
    "week_37": 2.866003456561107,
    "week_38": 4.004932130153895,
    "week_39": 2.6893187844345676,
    "week_40": 0.23708895908089886,
    "week_41": 1.3488301758031926,
    "week_42": 1.5218722522296322,
    "week_43": 2.311735116400323,
    "week_44": 5.5008944942210265,
    "week_45": 7.5844252952834115,
    "week_46": 7.028126140594153,
    "week_47": 7.010774509088194,
    "week_48": 6.9812979049564845,
    "week_49": 6.976020147455922,
    "week_50": 7.000919775165973,
    "week_51": 7.3561988580571045,
    "week_52": 6.056529279362224
}