{
    "week_1": 3.1086055090671407,
    "week_2": 1.1725557539382652,
    "week_3": 2.1548533265773964,
    "week_4": 2.9068722027490144,
    "week_5": 2.3238632664810597,
    "week_6": 1.1026639977916344,
    "week_7": 0.2980252482423262,
    "week_8": 0.7042030277791348,
    "week_9": 1.734888870082287,
    "week_10": 2.9305333043189252,
    "week_11": 3.5605561688596103,
    "week_12": 1.5194923594928285,
    "week_13": 1.7930212232038434,
    "week_14": 4.247188662877062,
    "week_15": 4.771765683869263,
    "week_16": 1.480842651309101,
    "week_17": 3.6451689900704465,
    "week_18": 4.792219611787903,
    "week_19": 4.803791930615085,
    "week_20": 3.499594057197792,
    "week_21": 2.1614877894165154,
    "week_22": 0.9424959059968914,
    "week_23": 2.2297471524430423,
    "week_24": 1.7486410056944794,
    "week_25": 1.465768630862042,
    "week_26": 2.79399463097779,
    "week_27": 3.251072705029854,
    "week_28": 2.842273242382283,
    "week_29": 0.9954337267963033,
    "week_30": 1.6918494969514,
    "week_31": 1.8475235911823187,
    "week_32": 1.4907478261582778,
    "week_33": 2.2237013991965338,
    "week_34": 1.6840004136127877,
    "week_35": 1.6064299870105423,
    "week_36": 2.197132201303181,
    "week_37": 3.342673899102767,
    "week_38": 4.390724439623544,
    "week_39": 1.917693412264379,
    "week_40": 0.0694500027460866,
    "week_41": 0.21299716652339432,
    "week_42": 2.3082496508365793,
    "week_43": 1.9407773948070628,
    "week_44": 2.8547723721508134,
    "week_45": 2.72923184820339,
    "week_46": 1.465064521308237,
    "week_47": 0.5088659097546663,
    "week_48": 1.1452190410914882,
    "week_49": 2.2564067933153233,
    "week_50": 1.4203911142368744,
    "week_51": 0.48491890444751234,
    "week_52": 1.5667333863224238
}