{
    "week_1": 94.14491373206143,
    "week_2": 115.38648903633579,
    "week_3": 45.09888816344057,
    "week_4": 22.610774366066032,
    "week_5": 332.96281636768003,
    "week_6": 43.140206925852695,
    "week_7": 34.363796046022685,
    "week_8": 16.135660928778,
    "week_9": 31.02175762972019,
    "week_10": 52.912036014513795,
    "week_11": 42.79824613925764,
    "week_12": 36.33727821105583,
    "week_13": 33.05065710715696,
    "week_14": 34.40085981480516,
    "week_15": 25.84870827349982,
    "week_16": 32.462251624432916,
    "week_17": 18.74696201458822,
    "week_18": 58.613343428840714,
    "week_19": 23.308485634424837,
    "week_20": 17.630801676875013,
    "week_21": 15.470068087594802,
    "week_22": 11.363104895624126,
    "week_23": 10.765220701243473,
    "week_24": 9.527508881456512,
    "week_25": 8.411209353638133,
    "week_26": 6.01636931923357,
    "week_27": 3.6096412850095128,
    "week_28": 3.619664736777918,
    "week_29": 2.1959577784538573,
    "week_30": 0.7410150587859071,
    "week_31": 0.37172282286423036,
    "week_32": 1.856696545127962,
    "week_33": 2.108516796847097,
    "week_34": 0.7934941145888481,
    "week_35": 0.8984369528406437,
    "week_36": 0.18278421657462476,
    "week_37": 1.3417924131583645,
    "week_38": 1.368521074908329,
    "week_39": 4.424349076292315,
    "week_40": 3.931012098485595,
    "week_41": 4.376305853354831,
    "week_42": 1.3449143335675806,
    "week_43": 1.526658647767214,
    "week_44": 7.686801403946353,
    "week_45": 9.921021231031077,
    "week_46": 8.756642980553794,
    "week_47": 11.434638756431518,
    "week_48": 18.94587473349772,
    "week_49": 13.871877736108265,
    "week_50": 14.065561830506113,
    "week_51": 19.93289762786956,
    "week_52": 44.98453264391322
}