{
    "week_1": 94.14491373295925,
    "week_2": 115.38648903724386,
    "week_3": 45.09888816341741,
    "week_4": 202.64355130243655,
    "week_5": 10.713269593371225,
    "week_6": 43.140206922073084,
    "week_7": 34.36379604199936,
    "week_8": 16.13566092536485,
    "week_9": 31.02175762631037,
    "week_10": 52.9120360122873,
    "week_11": 42.798246137977074,
    "week_12": 36.337278210203756,
    "week_13": 33.05065710652347,
    "week_14": 34.40085981438831,
    "week_15": 25.848708273322877,
    "week_16": 32.46225162434847,
    "week_17": 18.746962014629926,
    "week_18": 58.613343428933995,
    "week_19": 23.308485634451436,
    "week_20": 17.630801676862813,
    "week_21": 15.470068087627029,
    "week_22": 11.363104895735155,
    "week_23": 10.765220701368094,
    "week_24": 9.5275088815735,
    "week_25": 8.41120935377392,
    "week_26": 6.016369319370162,
    "week_27": 3.6096412851259108,
    "week_28": 3.6196647369062926,
    "week_29": 2.1959577785879287,
    "week_30": 0.7410150589166442,
    "week_31": 0.37172282301058657,
    "week_32": 1.856696545302566,
    "week_33": 2.108516797050447,
    "week_34": 0.7934941143087012,
    "week_35": 0.8984369525978667,
    "week_36": 0.18278421632331177,
    "week_37": 1.3417924134706316,
    "week_38": 1.3685210751820474,
    "week_39": 4.424349076460768,
    "week_40": 3.9310120985696924,
    "week_41": 4.376305853538181,
    "week_42": 1.344914333767197,
    "week_43": 1.526658647525845,
    "week_44": 7.686801403704241,
    "week_45": 9.921021230595695,
    "week_46": 8.75664297998133,
    "week_47": 11.434638755592331,
    "week_48": 18.945874732604885,
    "week_49": 13.871877734966146,
    "week_50": 14.065561829067208,
    "week_51": 19.932897626325346,
    "week_52": 44.98453264219784
}