{
    "week_1": 94.14491374934045,
    "week_2": 115.38648905382145,
    "week_3": 45.09888816297125,
    "week_4": 22.610774378568767,
    "week_5": 332.96281620315045,
    "week_6": 43.140206852891,
    "week_7": 34.36379596832143,
    "week_8": 16.135660862897947,
    "week_9": 31.02175756385741,
    "week_10": 52.912035971510605,
    "week_11": 42.79824611454256,
    "week_12": 36.33727819461746,
    "week_13": 33.050657094932774,
    "week_14": 34.400859806756316,
    "week_15": 25.84870827007456,
    "week_16": 32.46225162279536,
    "week_17": 18.746962015379047,
    "week_18": 58.61334343062848,
    "week_19": 23.30848563492813,
    "week_20": 17.63080167663466,
    "week_21": 15.470068088212125,
    "week_22": 11.363104897758799,
    "week_23": 10.765220703643145,
    "week_24": 9.527508883709077,
    "week_25": 8.411209356253023,
    "week_26": 6.016369321864079,
    "week_27": 3.609641287251406,
    "week_28": 3.619664739248154,
    "week_29": 2.1959577810371824,
    "week_30": 0.7410150613013903,
    "week_31": 0.3717228256817335,
    "week_32": 1.8566965484916054,
    "week_33": 2.108516800763502,
    "week_34": 0.793494109193249,
    "week_35": 0.8984369481608442,
    "week_36": 0.18278421173312692,
    "week_37": 1.341792419173955,
    "week_38": 1.3685210801862298,
    "week_39": 4.424349079534977,
    "week_40": 3.931012100108012,
    "week_41": 4.376305856888087,
    "week_42": 1.3449143374113646,
    "week_43": 1.5266586431147553,
    "week_44": 7.686801399281292,
    "week_45": 9.921021222637384,
    "week_46": 8.756642969519094,
    "week_47": 11.434638740252174,
    "week_48": 18.945874716282685,
    "week_49": 13.871877714084773,
    "week_50": 14.065561802764062,
    "week_51": 19.932897598092413,
    "week_52": 44.98453261083169
}