{
    "week_1": 106.1119277807987,
    "week_2": 102.83754167941962,
    "week_3": 53.045391936783005,
    "week_4": 198.15739199356287,
    "week_5": 22.447164172852176,
    "week_6": 0.0,
    "week_7": 6.707101844252169,
    "week_8": 17.16998356017518,
    "week_9": 43.67372181517888,
    "week_10": 56.112800848346,
    "week_11": 36.7069403690212,
    "week_12": 37.606182456768266,
    "week_13": 52.55814361613375,
    "week_14": 39.21225433782756,
    "week_15": 30.567528793871418,
    "week_16": 39.15602131033137,
    "week_17": 23.389615595763853,
    "week_18": 58.006676527625686,
    "week_19": 16.932994537149412,
    "week_20": 18.14757365239541,
    "week_21": 12.806085999876846,
    "week_22": 5.923078607120895,
    "week_23": 3.841405327458748,
    "week_24": 1.24294779076465,
    "week_25": 0.6193614914257658,
    "week_26": 0.5005300617830724,
    "week_27": 0.0,
    "week_28": 0.0,
    "week_29": 0.7479418575733155,
    "week_30": 0.0,
    "week_31": 6.476229624858785,
    "week_32": 3.142353683361828,
    "week_33": 1.1229271016665356,
    "week_34": 6.746199222043332,
    "week_35": 5.774808026230695,
    "week_36": 3.16298925609865,
    "week_37": 0.0,
    "week_38": 0.0,
    "week_39": 6.281022941607059,
    "week_40": 2.5524833452693882,
    "week_41": 2.8087392887711142,
    "week_42": 0.0,
    "week_43": 0.02258639565039146,
    "week_44": 7.393678110698838,
    "week_45": 9.769780180202355,
    "week_46": 6.462001007912612,
    "week_47": 9.357988908646025,
    "week_48": 22.69622866675117,
    "week_49": 12.38950557536659,
    "week_50": 6.135824886760586,
    "week_51": 22.033061021638574,
    "week_52": 43.93637871860499
}