{
    "week_1": 106.1119277807987,
    "week_2": 102.83754167941962,
    "week_3": 53.045391936783005,
    "week_4": 20.53295697669476,
    "week_5": 203.28337641625575,
    "week_6": 0.0,
    "week_7": 6.707101844252169,
    "week_8": 17.16998356017518,
    "week_9": 43.67372181517888,
    "week_10": 46.39978609040718,
    "week_11": 43.56488830723549,
    "week_12": 37.606182456768266,
    "week_13": 52.55814361613375,
    "week_14": 39.21225433782756,
    "week_15": 29.039186255765664,
    "week_16": 39.15602131033137,
    "week_17": 20.979601193582692,
    "week_18": 58.006676527625686,
    "week_19": 24.353827438732097,
    "week_20": 18.489746968811446,
    "week_21": 12.806085999876846,
    "week_22": 5.923078607120895,
    "week_23": 3.841405327458748,
    "week_24": 1.24294779076465,
    "week_25": 0.6193614914257658,
    "week_26": 0.5005300617830724,
    "week_27": 0.0,
    "week_28": 0.0,
    "week_29": 0.7479418575733155,
    "week_30": 0.22864377623398607,
    "week_31": 0.0,
    "week_32": 2.0423608046849138,
    "week_33": 0.0,
    "week_34": 4.8885058529488905,
    "week_35": 3.8977637355844927,
    "week_36": 1.2339153605454738,
    "week_37": 0.0,
    "week_38": 0.0,
    "week_39": 6.281022941607059,
    "week_40": 0.0,
    "week_41": 4.661743072245474,
    "week_42": 0.0,
    "week_43": 6.638983873221378,
    "week_44": 7.393678110698838,
    "week_45": 9.698415136663407,
    "week_46": 6.462001007912612,
    "week_47": 9.357988908646025,
    "week_48": 14.893451995960818,
    "week_49": 12.38950557536659,
    "week_50": 11.87350470622733,
    "week_51": 22.033061021638574,
    "week_52": 43.93637871860499
}