{
    "week_1": 95.60260677453289,
    "week_2": 102.83754167941962,
    "week_3": 62.69761268152724,
    "week_4": 23.757933767556242,
    "week_5": 221.38013110378205,
    "week_6": 2.4150018036752536,
    "week_7": 6.707101844252169,
    "week_8": 17.16998356017518,
    "week_9": 43.67372181517888,
    "week_10": 56.112800848346,
    "week_11": 43.56488830723549,
    "week_12": 37.606182456768266,
    "week_13": 51.75519115314064,
    "week_14": 44.472825064756464,
    "week_15": 31.844999582126082,
    "week_16": 39.15602131033137,
    "week_17": 20.979601193582692,
    "week_18": 63.13288886980042,
    "week_19": 24.531439337281785,
    "week_20": 18.489746968811446,
    "week_21": 12.806085999876846,
    "week_22": 5.923078607120895,
    "week_23": 3.841405327458748,
    "week_24": 1.24294779076465,
    "week_25": 0.6193614914257658,
    "week_26": 0.0,
    "week_27": 0.49803723569952285,
    "week_28": 0.0,
    "week_29": 0.7479418575733155,
    "week_30": 0.0,
    "week_31": 0.39894400065458874,
    "week_32": 0.0,
    "week_33": 2.084942860467172,
    "week_34": 3.7002484261115494,
    "week_35": 2.697128659866789,
    "week_36": 0.0,
    "week_37": 0.0,
    "week_38": 2.2384315752758845,
    "week_39": 6.281022941607059,
    "week_40": 2.724793024232606,
    "week_41": 5.394298522958204,
    "week_42": 0.0,
    "week_43": 0.02258639565039146,
    "week_44": 3.4779868229466095,
    "week_45": 9.698415136663407,
    "week_46": 5.9545580827013795,
    "week_47": 9.357988908646025,
    "week_48": 18.623957962444862,
    "week_49": 17.765132095687242,
    "week_50": 17.22004004240554,
    "week_51": 13.932994302440733,
    "week_52": 43.93637871860499
}