{
    "week_1": 106.1119277807987,
    "week_2": 102.83754167941962,
    "week_3": 53.045391936783005,
    "week_4": 197.74082671028762,
    "week_5": 22.447164172852176,
    "week_6": 2.1931232228493824,
    "week_7": 4.858868480929552,
    "week_8": 23.782008809509115,
    "week_9": 43.87501546117971,
    "week_10": 56.112800848346,
    "week_11": 43.56488830723549,
    "week_12": 37.606182456768266,
    "week_13": 50.355354280066365,
    "week_14": 39.21225433782756,
    "week_15": 31.20626418799875,
    "week_16": 39.15602131033137,
    "week_17": 23.389615595763853,
    "week_18": 58.006676527625686,
    "week_19": 25.37914061808563,
    "week_20": 18.14757365239541,
    "week_21": 12.806085999876846,
    "week_22": 5.923078607120895,
    "week_23": 3.841405327458748,
    "week_24": 1.24294779076465,
    "week_25": 0.6193614914257658,
    "week_26": 0.5005300617830724,
    "week_27": 0.0,
    "week_28": 0.0,
    "week_29": 0.7479418575733155,
    "week_30": 0.0,
    "week_31": 0.0,
    "week_32": 0.20834481558176793,
    "week_33": 1.8722541745277783,
    "week_34": 6.746199222043332,
    "week_35": 5.774808026230695,
    "week_36": 3.16298925609865,
    "week_37": 0.0,
    "week_38": 0.0,
    "week_39": 6.281022941607059,
    "week_40": 2.5524833452693882,
    "week_41": 5.394298522958204,
    "week_42": 0.48445932432155964,
    "week_43": 0.1359137509846041,
    "week_44": 3.6861226141354293,
    "week_45": 10.013208706637876,
    "week_46": 6.208279545306996,
    "week_47": 8.945656842349722,
    "week_48": 15.695140270490008,
    "week_49": 12.38950557536659,
    "week_50": 9.973272728611434,
    "week_51": 22.033061021638574,
    "week_52": 48.718550015305816
}