{
    "week_1": 3.342052630593383,
    "week_2": 3.445644900043531,
    "week_3": 10.407983454521785,
    "week_4": 21.91522077399165,
    "week_5": 0.9197308476851227,
    "week_6": 0.5112897618217057,
    "week_7": 1.6047306368958976,
    "week_8": 1.7826840784316536,
    "week_9": 0.7533506949263244,
    "week_10": 5.131002777963286,
    "week_11": 0.8339527598079439,
    "week_12": 0.9720398803119195,
    "week_13": 1.044990433307795,
    "week_14": 0.3763281079691925,
    "week_15": 1.6822022510327561,
    "week_16": 1.2242516978030848,
    "week_17": 0.1401310887564452,
    "week_18": 2.260270631755502,
    "week_19": 0.25780501343727735,
    "week_20": 1.6695074527187395,
    "week_21": 2.0921274275009396,
    "week_22": 2.68111718650735,
    "week_23": 2.357612114080457,
    "week_24": 2.153070916021571,
    "week_25": 1.9198226524844528,
    "week_26": 1.6428199553731557,
    "week_27": 1.909539926061897,
    "week_28": 1.786701614556756,
    "week_29": 1.0774159101532101,
    "week_30": 0.6051856180787519,
    "week_31": 0.37848252441163915,
    "week_32": 0.15402412480223082,
    "week_33": 0.05431211840326996,
    "week_34": 0.06295386929677457,
    "week_35": 0.100931836282783,
    "week_36": 0.14967528627050128,
    "week_37": 0.21319638913635544,
    "week_38": 0.04784071151941511,
    "week_39": 0.021705881634157494,
    "week_40": 0.12034997847775693,
    "week_41": 0.09787350445921451,
    "week_42": 0.2132577765085561,
    "week_43": 0.2539264496517263,
    "week_44": 0.07538097729878189,
    "week_45": 0.004229507834879115,
    "week_46": 0.013655927400670143,
    "week_47": 0.021201508442798337,
    "week_48": 0.100466700023301,
    "week_49": 0.29524596665596176,
    "week_50": 0.5746543082953889,
    "week_51": 0.24602518193149117,
    "week_52": 0.18240954371753182
}