{
    "week_1": 3.3419836840074066,
    "week_2": 3.445476415300476,
    "week_3": 10.407755970612364,
    "week_4": 0.919698474894259,
    "week_5": 21.91484283301783,
    "week_6": 0.5111668474846618,
    "week_7": 1.6047005874728155,
    "week_8": 1.7825978370418352,
    "week_9": 0.7533199786988106,
    "week_10": 5.130976378059348,
    "week_11": 0.8339528374304243,
    "week_12": 0.972066544401647,
    "week_13": 1.0449790587328425,
    "week_14": 0.37635230197020264,
    "week_15": 1.6822664708905324,
    "week_16": 1.2242699090836608,
    "week_17": 0.14017649874513452,
    "week_18": 2.26027827110806,
    "week_19": 0.25766441906518184,
    "week_20": 1.669415478155899,
    "week_21": 2.092158568051029,
    "week_22": 2.6810516510169817,
    "week_23": 2.3575528936418246,
    "week_24": 2.153036111464305,
    "week_25": 1.9197789396141682,
    "week_26": 1.6427686898821836,
    "week_27": 1.9094986046600322,
    "week_28": 1.7866593856902135,
    "week_29": 1.0773916176406506,
    "week_30": 0.6051645550747702,
    "week_31": 0.3784530304342707,
    "week_32": 0.15399328058701692,
    "week_33": 0.05430576257429306,
    "week_34": 0.0629480246193617,
    "week_35": 0.1009298513823902,
    "week_36": 0.14966407648464836,
    "week_37": 0.2132037915735028,
    "week_38": 0.04783647077992742,
    "week_39": 0.021718031424374583,
    "week_40": 0.12034615432408141,
    "week_41": 0.09785854279776769,
    "week_42": 0.21325543106438896,
    "week_43": 0.25391116593132046,
    "week_44": 0.07539503977782687,
    "week_45": 0.004215890039323661,
    "week_46": 0.013642726165574241,
    "week_47": 0.021246234667441688,
    "week_48": 0.1005288446197828,
    "week_49": 0.29518448093147365,
    "week_50": 0.5746129922432492,
    "week_51": 0.24599635426415284,
    "week_52": 0.18245443367453038
}