{
    "week_1": 3.3421597416762947,
    "week_2": 3.4459067901000235,
    "week_3": 10.408336888216994,
    "week_4": 0.91978119561786,
    "week_5": 21.915808179194855,
    "week_6": 0.5114806740099831,
    "week_7": 1.6047773178161517,
    "week_8": 1.782818034347752,
    "week_9": 0.7533984260997318,
    "week_10": 5.131043821171334,
    "week_11": 0.8339527288197609,
    "week_12": 0.9719985215700309,
    "week_13": 1.0450081312153425,
    "week_14": 0.3762905874790494,
    "week_15": 1.6821026484757955,
    "week_16": 1.224223435073689,
    "week_17": 0.14006056570337663,
    "week_18": 2.260258725198487,
    "week_19": 0.25802321156937186,
    "week_20": 1.669650117031626,
    "week_21": 2.092079082729262,
    "week_22": 2.6812189046797497,
    "week_23": 2.3577039833589604,
    "week_24": 2.153124925132837,
    "week_25": 1.919890483848262,
    "week_26": 1.6428994960835823,
    "week_27": 1.9096040331625794,
    "week_28": 1.786767125322785,
    "week_29": 1.0774536086461866,
    "week_30": 0.6052183131209642,
    "week_31": 0.37852829205114913,
    "week_32": 0.1540719804325866,
    "week_33": 0.05432198993332916,
    "week_34": 0.06296295856011813,
    "week_35": 0.10093493531915551,
    "week_36": 0.14969267543908812,
    "week_37": 0.21318488839103303,
    "week_38": 0.04784730974209077,
    "week_39": 0.02168706394548573,
    "week_40": 0.12035586211270476,
    "week_41": 0.09789665928156666,
    "week_42": 0.2132613821302256,
    "week_43": 0.2539501452950081,
    "week_44": 0.075359130608507,
    "week_45": 0.004250589336366679,
    "week_46": 0.013676437098873433,
    "week_47": 0.021132042533555256,
    "week_48": 0.10037016254733143,
    "week_49": 0.2953414179295327,
    "week_50": 0.5747184629878873,
    "week_51": 0.24606996031823603,
    "week_52": 0.18233985092949212
}