{
    "week_1": 91.80333289434863,
    "week_2": 94.29536789333245,
    "week_3": 36.86131525742224,
    "week_4": 18.483511586794897,
    "week_5": 168.8346671561631,
    "week_6": 1.3295842250007077,
    "week_7": 7.058944667678256,
    "week_8": 19.153197257947678,
    "week_9": 41.69782758165447,
    "week_10": 53.6592873534826,
    "week_11": 41.31411637196232,
    "week_12": 38.10930735265821,
    "week_13": 28.0943660274661,
    "week_14": 35.98266022437904,
    "week_15": 28.37258360884427,
    "week_16": 30.31974175501187,
    "week_17": 16.268524884473443,
    "week_18": 54.512133608725975,
    "week_19": 21.531737990745604,
    "week_20": 12.30777554944781,
    "week_21": 9.901473095259215,
    "week_22": 4.943315674080552,
    "week_23": 3.215672481380273,
    "week_24": 1.2191635400321987,
    "week_25": 0.6085187552061153,
    "week_26": 0.04072145128968438,
    "week_27": 0.8941766832453251,
    "week_28": 0.3924993094667273,
    "week_29": 0.17255268457659306,
    "week_30": 0.008739190908003788,
    "week_31": 0.616831978880623,
    "week_32": 1.6696495225526742,
    "week_33": 0.18489067762697262,
    "week_34": 1.4622232979745502,
    "week_35": 0.7591382199844459,
    "week_36": 2.6941046522518515,
    "week_37": 0.3440541946861988,
    "week_38": 1.234144674458007,
    "week_39": 1.566989698226548,
    "week_40": 0.7959593634026386,
    "week_41": 1.010393825522614,
    "week_42": 1.8764023441815614,
    "week_43": 0.3293159646855005,
    "week_44": 3.797544464570567,
    "week_45": 7.617154446370954,
    "week_46": 5.508409584844812,
    "week_47": 10.256432110854002,
    "week_48": 20.30190975880056,
    "week_49": 15.647932786468036,
    "week_50": 20.313568670519174,
    "week_51": 22.63353964698558,
    "week_52": 47.05211833668776
}