{
    "week_1": 91.69775954303898,
    "week_2": 94.11437362986906,
    "week_3": 42.042859896152166,
    "week_4": 18.321680417200593,
    "week_5": 169.62710843730687,
    "week_6": 1.3376659681567453,
    "week_7": 5.265658897900172,
    "week_8": 13.410435242314419,
    "week_9": 41.70950429574366,
    "week_10": 53.468055700865136,
    "week_11": 41.23386653560483,
    "week_12": 38.03712817966674,
    "week_13": 27.900692535364463,
    "week_14": 35.856323079271036,
    "week_15": 27.95335259913585,
    "week_16": 30.238875168791633,
    "week_17": 16.281247261152405,
    "week_18": 52.08735698228598,
    "week_19": 21.504573743158968,
    "week_20": 12.302033866219316,
    "week_21": 9.86895572503636,
    "week_22": 4.935797330074533,
    "week_23": 3.196925636152956,
    "week_24": 1.2068725638608402,
    "week_25": 0.6071013512230513,
    "week_26": 0.2914219362742408,
    "week_27": 1.6305975734899343,
    "week_28": 0.8090974646215755,
    "week_29": 0.18023143132991623,
    "week_30": 0.03586871452365517,
    "week_31": 0.61791749793909,
    "week_32": 1.6482115515287512,
    "week_33": 0.16057832590775412,
    "week_34": 1.4339290529679647,
    "week_35": 0.8016369527733059,
    "week_36": 2.7004367577499373,
    "week_37": 1.9679837025931641,
    "week_38": 1.3595787452042658,
    "week_39": 1.6171921074710593,
    "week_40": 2.804770747945069,
    "week_41": 1.0489220683119973,
    "week_42": 1.896196038176678,
    "week_43": 0.2968096307101311,
    "week_44": 3.791596183864452,
    "week_45": 7.5443695222933265,
    "week_46": 5.519043998061365,
    "week_47": 12.016734091653092,
    "week_48": 20.334363709285025,
    "week_49": 15.546474785410552,
    "week_50": 20.362185798079864,
    "week_51": 22.6476260312447,
    "week_52": 47.146904069745894
}