{
    "week_1": 97.16098865118572,
    "week_2": 98.98075652591929,
    "week_3": 39.688018224143036,
    "week_4": 211.99544734190243,
    "week_5": 25.36312218341264,
    "week_6": 1.5098960183057966,
    "week_7": 3.8717035168495064,
    "week_8": 12.898426578303134,
    "week_9": 39.10645108247256,
    "week_10": 52.93542417653925,
    "week_11": 47.41713782367017,
    "week_12": 41.922594628994595,
    "week_13": 37.67063600380307,
    "week_14": 30.689955079821868,
    "week_15": 28.885062637943037,
    "week_16": 30.96604048948316,
    "week_17": 17.753152733208584,
    "week_18": 55.622625269322356,
    "week_19": 21.045435828498675,
    "week_20": 13.30089735481916,
    "week_21": 9.56027532216476,
    "week_22": 4.366171694972853,
    "week_23": 3.044707996512637,
    "week_24": 0.9157993540442307,
    "week_25": 0.3375580328215747,
    "week_26": 0.32352850411418316,
    "week_27": 1.2438386280279035,
    "week_28": 0.5580946718635504,
    "week_29": 0.16937068410465336,
    "week_30": 0.08065787775836597,
    "week_31": 0.30035302020310994,
    "week_32": 0.8040405072153325,
    "week_33": 0.43078764887561843,
    "week_34": 1.6528966379465266,
    "week_35": 2.0116766337585688,
    "week_36": 3.051726316205556,
    "week_37": 1.4325565543340266,
    "week_38": 3.394288205910686,
    "week_39": 0.5465698555931376,
    "week_40": 3.467896610060809,
    "week_41": 2.032520172130949,
    "week_42": 2.1445155684944073,
    "week_43": 0.6589645356724005,
    "week_44": 5.933052291585063,
    "week_45": 7.817693528975546,
    "week_46": 6.300367177756207,
    "week_47": 8.799828039763396,
    "week_48": 17.823376936979667,
    "week_49": 13.021640360529533,
    "week_50": 16.35528539147607,
    "week_51": 22.79323001589493,
    "week_52": 45.69172976727411
}