{
    "week_1": 95.63638305984074,
    "week_2": 115.91575708471716,
    "week_3": 41.748006236597135,
    "week_4": 202.5434595050478,
    "week_5": 2.889444855770243,
    "week_6": 44.05090587241041,
    "week_7": 26.836864535751005,
    "week_8": 9.974453603786607,
    "week_9": 37.69305469121147,
    "week_10": 56.77015293247295,
    "week_11": 45.70646135184568,
    "week_12": 33.61988828698132,
    "week_13": 29.951571913035597,
    "week_14": 32.73662163331913,
    "week_15": 25.764565712841886,
    "week_16": 33.864220426195,
    "week_17": 19.32612042301938,
    "week_18": 58.98764825356749,
    "week_19": 22.400638800740857,
    "week_20": 17.08304417147955,
    "week_21": 14.65266414118052,
    "week_22": 11.548613137676623,
    "week_23": 10.967624096128874,
    "week_24": 8.979934152709188,
    "week_25": 7.582247495152811,
    "week_26": 5.715502349201114,
    "week_27": 2.823693945630758,
    "week_28": 1.819665066987019,
    "week_29": 0.733791325469702,
    "week_30": 0.27077476104068515,
    "week_31": 0.9079420542986579,
    "week_32": 0.5264022695608199,
    "week_33": 0.08781920203829761,
    "week_34": 1.5865186319912474,
    "week_35": 0.7870727914904183,
    "week_36": 0.18506578386195152,
    "week_37": 0.6197688629654454,
    "week_38": 0.17071758473391477,
    "week_39": 2.7331260488334896,
    "week_40": 2.459786174179551,
    "week_41": 4.476738018784514,
    "week_42": 0.6228255933610243,
    "week_43": 1.5068649262535367,
    "week_44": 7.754412501786962,
    "week_45": 8.839260933664148,
    "week_46": 10.061374694634113,
    "week_47": 12.48929767169157,
    "week_48": 19.641297284251948,
    "week_49": 12.75080262019468,
    "week_50": 14.128755168416122,
    "week_51": 22.17852300024284,
    "week_52": 50.51524433459759
}