{
    "week_1": 92.88546466828674,
    "week_2": 118.64533214323896,
    "week_3": 48.83473942477845,
    "week_4": 18.991740381253088,
    "week_5": 310.3917142316481,
    "week_6": 19.91717106928079,
    "week_7": 30.947514909055833,
    "week_8": 27.749448912225784,
    "week_9": 39.910725913004256,
    "week_10": 55.25082990469712,
    "week_11": 40.619404823923205,
    "week_12": 34.130067295313246,
    "week_13": 29.49229591111542,
    "week_14": 31.936533378759798,
    "week_15": 27.51211122733011,
    "week_16": 33.946644138245226,
    "week_17": 20.413869471021854,
    "week_18": 59.21742799211316,
    "week_19": 22.186440963644085,
    "week_20": 16.647488556444348,
    "week_21": 15.049307075839957,
    "week_22": 11.565102958215089,
    "week_23": 10.776750089912648,
    "week_24": 9.518988733960617,
    "week_25": 7.628998550714984,
    "week_26": 5.265693912143807,
    "week_27": 2.8046473199044093,
    "week_28": 3.2441475323470055,
    "week_29": 0.8755582458012316,
    "week_30": 0.13612622015645193,
    "week_31": 0.14623302383259928,
    "week_32": 1.172124813687659,
    "week_33": 1.4418627408229057,
    "week_34": 0.11394191090718583,
    "week_35": 0.8751514550341604,
    "week_36": 0.9710583294979452,
    "week_37": 1.1096728389134811,
    "week_38": 0.7784510897768662,
    "week_39": 4.564450229683267,
    "week_40": 4.44642691192901,
    "week_41": 5.203614647623576,
    "week_42": 2.929806493264591,
    "week_43": 1.0732584190121308,
    "week_44": 5.343963660441107,
    "week_45": 8.044659967781568,
    "week_46": 6.157466714992587,
    "week_47": 7.95337377112327,
    "week_48": 15.344523011137124,
    "week_49": 8.18745147126254,
    "week_50": 6.600821365913151,
    "week_51": 13.707428848878124,
    "week_52": 34.76758445469479
}