{
    "week_1": 93.69202262017097,
    "week_2": 113.76610781804597,
    "week_3": 42.683633030077324,
    "week_4": 21.860385607997298,
    "week_5": 314.86463607488906,
    "week_6": 45.8445638262817,
    "week_7": 27.22624644397975,
    "week_8": 11.39804187261187,
    "week_9": 35.19021434613487,
    "week_10": 54.4900846291625,
    "week_11": 44.686948807848715,
    "week_12": 33.22180073137284,
    "week_13": 29.430508473465196,
    "week_14": 32.030651355934445,
    "week_15": 25.60981717598881,
    "week_16": 33.94513332012913,
    "week_17": 19.213275239201185,
    "week_18": 58.487292486156406,
    "week_19": 21.932688840422816,
    "week_20": 16.670311127628747,
    "week_21": 14.543516417396388,
    "week_22": 11.344707102158583,
    "week_23": 10.845262425600707,
    "week_24": 8.874661598545245,
    "week_25": 7.446649869052203,
    "week_26": 5.218767696273503,
    "week_27": 2.2847235013592435,
    "week_28": 1.3361384902719309,
    "week_29": 0.004626057921254099,
    "week_30": 1.1253179438059706,
    "week_31": 1.4383769726590159,
    "week_32": 0.006959620190914916,
    "week_33": 0.8878982890853222,
    "week_34": 2.4884418658062066,
    "week_35": 1.323456727018287,
    "week_36": 0.34514908070637357,
    "week_37": 0.3692990397999681,
    "week_38": 0.8809471309728903,
    "week_39": 1.8670758685890139,
    "week_40": 1.9327211527114518,
    "week_41": 3.928833381619714,
    "week_42": 0.06931686504629267,
    "week_43": 2.3320607922554437,
    "week_44": 8.688937748764731,
    "week_45": 9.612913250583311,
    "week_46": 10.644717025821297,
    "week_47": 13.416122778194229,
    "week_48": 21.379672568757773,
    "week_49": 14.745842657596386,
    "week_50": 15.541133981747226,
    "week_51": 23.434913277127343,
    "week_52": 51.45485005163925
}