{
    "week_1": 80.77033839729899,
    "week_2": 96.210980292536,
    "week_3": 30.62678524409426,
    "week_4": 202.43535382111455,
    "week_5": 32.01239749414626,
    "week_6": 1.9450480812962994,
    "week_7": 39.80445305753121,
    "week_8": 46.22106740384434,
    "week_9": 68.28606797984428,
    "week_10": 61.479642908900935,
    "week_11": 49.55123038403671,
    "week_12": 35.33487679971335,
    "week_13": 37.51220319511944,
    "week_14": 44.27051335743326,
    "week_15": 36.51892629929387,
    "week_16": 39.92152352083396,
    "week_17": 18.854735775437145,
    "week_18": 57.25973265883688,
    "week_19": 20.68523053370583,
    "week_20": 16.85907591052469,
    "week_21": 14.547376171652537,
    "week_22": 9.92975272295901,
    "week_23": 8.701584474058071,
    "week_24": 6.960809267898499,
    "week_25": 5.359520804463864,
    "week_26": 2.071365917024926,
    "week_27": 0.16066562525207811,
    "week_28": 0.4061491252928105,
    "week_29": 0.1340331668555558,
    "week_30": 1.432742083646513,
    "week_31": 1.9494167837596932,
    "week_32": 1.6516431500695694,
    "week_33": 0.2421817646691505,
    "week_34": 2.9859302248315354,
    "week_35": 2.5399967174633575,
    "week_36": 2.922330897481187,
    "week_37": 1.591577159320003,
    "week_38": 1.2786368402116297,
    "week_39": 2.2802227726989486,
    "week_40": 2.09774177775727,
    "week_41": 2.2876910461415054,
    "week_42": 0.7730218299631157,
    "week_43": 2.638088601096645,
    "week_44": 7.558802048991647,
    "week_45": 9.740923801513027,
    "week_46": 8.126734286430288,
    "week_47": 11.270920133129932,
    "week_48": 18.03006448256968,
    "week_49": 11.657835639195751,
    "week_50": 12.5244826390526,
    "week_51": 16.863662564867944,
    "week_52": 38.992804105407764
}