{
    "week_1": 98.04168355773963,
    "week_2": 123.4342369088695,
    "week_3": 55.174505187607124,
    "week_4": 11.261924901612327,
    "week_5": 344.07150463638624,
    "week_6": 50.01242359185054,
    "week_7": 52.68893334348712,
    "week_8": 54.40076459045282,
    "week_9": 70.9004308272844,
    "week_10": 82.2329175505486,
    "week_11": 62.643369190156776,
    "week_12": 49.80520842897601,
    "week_13": 41.55378954286119,
    "week_14": 39.61587544199136,
    "week_15": 29.202501492526157,
    "week_16": 33.793705856851155,
    "week_17": 19.32697179430282,
    "week_18": 59.143011119751044,
    "week_19": 23.892783013987383,
    "week_20": 17.574762851881555,
    "week_21": 15.372654845915948,
    "week_22": 11.170740441570663,
    "week_23": 10.578510237765173,
    "week_24": 8.920881589683907,
    "week_25": 7.752953236900881,
    "week_26": 4.996190462969195,
    "week_27": 2.8540569290349125,
    "week_28": 3.6353889779116737,
    "week_29": 3.332532933535379,
    "week_30": 2.2306272847441866,
    "week_31": 1.7402708102361113,
    "week_32": 2.370352878714318,
    "week_33": 3.437207289731248,
    "week_34": 1.2880787763458075,
    "week_35": 0.9579414124379784,
    "week_36": 0.4965873732713856,
    "week_37": 1.2225974142918852,
    "week_38": 1.1163271300829543,
    "week_39": 4.3361422285479385,
    "week_40": 3.5936786943847063,
    "week_41": 3.5035655754335364,
    "week_42": 0.030301061761768066,
    "week_43": 2.365983506302056,
    "week_44": 7.862101527216677,
    "week_45": 10.460461753524124,
    "week_46": 10.004682698563986,
    "week_47": 12.662896610354139,
    "week_48": 19.462919210439313,
    "week_49": 14.301659676924874,
    "week_50": 14.68618437923471,
    "week_51": 19.781902914223235,
    "week_52": 42.471541924524715
}