{
    "week_1": 96.09463733097196,
    "week_2": 115.37637534839888,
    "week_3": 46.48425427320902,
    "week_4": 16.269559959105518,
    "week_5": 300.0057760415501,
    "week_6": 11.877471728313342,
    "week_7": 23.808677981361008,
    "week_8": 15.775086861803914,
    "week_9": 23.980236875971897,
    "week_10": 57.67961012239827,
    "week_11": 46.13958009958999,
    "week_12": 39.369406320464364,
    "week_13": 36.716447114090364,
    "week_14": 38.37028623423684,
    "week_15": 28.606251209286476,
    "week_16": 34.37901379082404,
    "week_17": 18.876075135894357,
    "week_18": 58.44448506439765,
    "week_19": 22.346968128610662,
    "week_20": 16.46903840750527,
    "week_21": 14.101598157241856,
    "week_22": 9.866068196733993,
    "week_23": 9.279557247357742,
    "week_24": 7.709919823288317,
    "week_25": 6.390393644287272,
    "week_26": 3.5894572676919063,
    "week_27": 1.578664492189029,
    "week_28": 2.100637147455809,
    "week_29": 1.4489355305609601,
    "week_30": 0.05717866263608801,
    "week_31": 0.41141744567628374,
    "week_32": 0.42610076672669583,
    "week_33": 1.451258687098815,
    "week_34": 1.3005931322422848,
    "week_35": 1.252955517612792,
    "week_36": 1.3224379719919706,
    "week_37": 0.25526278735775204,
    "week_38": 0.14490979764242637,
    "week_39": 3.6733288191145066,
    "week_40": 3.666585230787456,
    "week_41": 3.760910683303776,
    "week_42": 0.1556139343736661,
    "week_43": 1.5808433875888497,
    "week_44": 7.201733016672642,
    "week_45": 9.965907880621067,
    "week_46": 9.07684115935991,
    "week_47": 11.004319818418228,
    "week_48": 17.746272990881263,
    "week_49": 12.27572876713453,
    "week_50": 13.284882615122676,
    "week_51": 18.534082773694028,
    "week_52": 45.21434656218397
}