{
    "week_1": 1.0339527985442318,
    "week_2": 30.69194643311529,
    "week_3": 7.970251148582501,
    "week_4": 24.141893917975796,
    "week_5": 41.47706655050795,
    "week_6": 12.391390662357864,
    "week_7": 38.07018059118371,
    "week_8": 20.92225149932435,
    "week_9": 0.9043004353292259,
    "week_10": 11.54584393811432,
    "week_11": 6.788659467081697,
    "week_12": 12.814525992267514,
    "week_13": 19.276338232162686,
    "week_14": 23.147254789623663,
    "week_15": 25.120581364454953,
    "week_16": 23.514724260891914,
    "week_17": 23.274818551708925,
    "week_18": 6.704756391056099,
    "week_19": 7.886594830911493,
    "week_20": 9.267405986989475,
    "week_21": 5.549169781506905,
    "week_22": 4.6936310491669735,
    "week_23": 3.9739148881844697,
    "week_24": 4.8417814213789345,
    "week_25": 5.765291647765439,
    "week_26": 4.005658669288594,
    "week_27": 1.7716881247982608,
    "week_28": 1.8758441016075478,
    "week_29": 0.6522549624931256,
    "week_30": 0.3901461046637768,
    "week_31": 2.3460330774193823,
    "week_32": 1.8638620875800136,
    "week_33": 1.7314289200494863,
    "week_34": 1.7171307640958933,
    "week_35": 1.4692250554485298,
    "week_36": 1.1905898989010903,
    "week_37": 1.0519021881923298,
    "week_38": 1.1505485883096824,
    "week_39": 3.2145865473584196,
    "week_40": 2.7530776997297877,
    "week_41": 2.658470812686007,
    "week_42": 0.9697083355768878,
    "week_43": 0.29726004446260235,
    "week_44": 6.129642859433237,
    "week_45": 14.290779221334105,
    "week_46": 20.008426535591802,
    "week_47": 23.185965646634195,
    "week_48": 23.6901894605286,
    "week_49": 21.043291276835564,
    "week_50": 16.338999240906148,
    "week_51": 19.595301978135588,
    "week_52": 15.352104134350766
}