{
    "week_1": 160.3806181790892,
    "week_2": 245.12917393959162,
    "week_3": 206.6568454097301,
    "week_4": 826.547979840565,
    "week_5": 142.0455564433312,
    "week_6": 418.9541912903705,
    "week_7": 462.0000355463672,
    "week_8": 394.3537737087611,
    "week_9": 318.7194097831069,
    "week_10": 198.76531950213354,
    "week_11": 118.88699929386723,
    "week_12": 6.057887458752144,
    "week_13": 0.7154179623612551,
    "week_14": 5.339744472533151,
    "week_15": 7.37728001075418,
    "week_16": 6.875934185610875,
    "week_17": 11.435657344064392,
    "week_18": 24.674304396151218,
    "week_19": 2.115583003743524,
    "week_20": 3.763626884059059,
    "week_21": 2.1272493879621743,
    "week_22": 2.043292885542823,
    "week_23": 5.510317905889188,
    "week_24": 2.0432816316133544,
    "week_25": 1.4424230088675931,
    "week_26": 0.7227212587158804,
    "week_27": 0.22108460203763627,
    "week_28": 2.70303596896973,
    "week_29": 3.6372012420610114,
    "week_30": 2.71715421482526,
    "week_31": 1.1730875610162,
    "week_32": 1.4881290786204056,
    "week_33": 2.062619671356034,
    "week_34": 4.145169596375296,
    "week_35": 4.647166036743342,
    "week_36": 7.404085179518598,
    "week_37": 10.247210265987254,
    "week_38": 12.633003779713704,
    "week_39": 18.602461089995863,
    "week_40": 19.796966700798414,
    "week_41": 25.30359230972396,
    "week_42": 20.058470359613462,
    "week_43": 0.6988329082709798,
    "week_44": 3.0329706572835615,
    "week_45": 7.1472263491212145,
    "week_46": 4.73978178942767,
    "week_47": 4.489037792165827,
    "week_48": 5.2191527024381275,
    "week_49": 0.6112153626453356,
    "week_50": 5.584610472429566,
    "week_51": 2.9838097776340073,
    "week_52": 0.07602941031803065
}