{
    "week_1": 93.57300530531745,
    "week_2": 105.91712119024525,
    "week_3": 31.473108907603603,
    "week_4": 17.755950518178278,
    "week_5": 180.0814893601644,
    "week_6": 0.7551746249416397,
    "week_7": 6.766132096698908,
    "week_8": 26.811658464941164,
    "week_9": 57.14700693388437,
    "week_10": 53.689874236959575,
    "week_11": 52.53446588361448,
    "week_12": 47.39445789622575,
    "week_13": 45.63485690472622,
    "week_14": 44.43025041380376,
    "week_15": 29.010917637861176,
    "week_16": 40.48181417493713,
    "week_17": 21.943432745750087,
    "week_18": 63.89217334479007,
    "week_19": 22.980690226986187,
    "week_20": 18.150829314133386,
    "week_21": 12.135501330263574,
    "week_22": 5.293410517473195,
    "week_23": 3.313553539785305,
    "week_24": 0.8154786438118214,
    "week_25": 0.43439624969204216,
    "week_26": 0.20650862510434614,
    "week_27": 0.9900800679962374,
    "week_28": 0.9281715349142199,
    "week_29": 1.2588055832167755,
    "week_30": 0.15620987412478834,
    "week_31": 2.088730443229672,
    "week_32": 0.1397728465627629,
    "week_33": 2.339143152092241,
    "week_34": 1.3714944684393058,
    "week_35": 0.7332320907375531,
    "week_36": 0.031051816180021025,
    "week_37": 0.7208774369620069,
    "week_38": 1.283101687960045,
    "week_39": 6.8327119422342815,
    "week_40": 3.443750870421579,
    "week_41": 4.035805085132746,
    "week_42": 0.44648804255394814,
    "week_43": 0.27712870253363603,
    "week_44": 4.94128899921233,
    "week_45": 9.426964992351463,
    "week_46": 6.937711625569308,
    "week_47": 10.435815985022195,
    "week_48": 17.316021482974463,
    "week_49": 14.416494111520434,
    "week_50": 13.03658693363785,
    "week_51": 14.821726795188125,
    "week_52": 43.62119249685059
}