{
    "week_1": 85.01450764081666,
    "week_2": 98.93852772761585,
    "week_3": 30.248282228103836,
    "week_4": 185.33767164426607,
    "week_5": 43.6100887378369,
    "week_6": 9.198387739265293,
    "week_7": 26.735489062810853,
    "week_8": 9.754452429372233,
    "week_9": 28.914969258606742,
    "week_10": 52.86503076731193,
    "week_11": 45.458730021719205,
    "week_12": 41.177581258734236,
    "week_13": 36.506997149153385,
    "week_14": 36.428975823807384,
    "week_15": 25.400156234473737,
    "week_16": 32.84435141217701,
    "week_17": 17.295335195278877,
    "week_18": 58.577225479993146,
    "week_19": 22.702921284390325,
    "week_20": 16.754264280868806,
    "week_21": 14.18592132549552,
    "week_22": 9.717272230631584,
    "week_23": 8.838560311160327,
    "week_24": 6.8899130722019875,
    "week_25": 5.25003967192184,
    "week_26": 1.76178787468266,
    "week_27": 0.5074234741523924,
    "week_28": 0.011876183588573291,
    "week_29": 0.1551290310280075,
    "week_30": 1.6481462163324436,
    "week_31": 2.0693478793331903,
    "week_32": 1.934087584099804,
    "week_33": 0.012314090314276377,
    "week_34": 2.6460781156820485,
    "week_35": 2.310167831554568,
    "week_36": 2.8374028310272905,
    "week_37": 1.5201335709313792,
    "week_38": 1.0536346898403537,
    "week_39": 2.4985677191902598,
    "week_40": 2.2324971054326346,
    "week_41": 2.2924258554164805,
    "week_42": 0.7879809716264556,
    "week_43": 2.7155336451576635,
    "week_44": 7.774947051687063,
    "week_45": 10.066407695754505,
    "week_46": 8.629849019591381,
    "week_47": 11.759646433901603,
    "week_48": 18.65053465259485,
    "week_49": 12.751150576512691,
    "week_50": 13.913635020142118,
    "week_51": 18.761408365301367,
    "week_52": 40.88912336847373
}