{
    "week_1": 97.34050567466063,
    "week_2": 123.4453956525615,
    "week_3": 62.50557000164771,
    "week_4": 2.041411703132868,
    "week_5": 243.41038280300594,
    "week_6": 36.31313270137584,
    "week_7": 52.87427739824457,
    "week_8": 54.28997767782185,
    "week_9": 66.18814356673879,
    "week_10": 68.09843186693693,
    "week_11": 47.72961439269471,
    "week_12": 39.72012663457013,
    "week_13": 33.97773397893757,
    "week_14": 35.027802240227345,
    "week_15": 29.217742295923355,
    "week_16": 33.48225582452951,
    "week_17": 20.47192729925418,
    "week_18": 58.40322920766501,
    "week_19": 23.117979467478612,
    "week_20": 17.44471282260306,
    "week_21": 15.378920757152114,
    "week_22": 10.704123392973047,
    "week_23": 10.274316210058902,
    "week_24": 8.669515746724073,
    "week_25": 7.7957979920918605,
    "week_26": 5.392204049629451,
    "week_27": 2.8368571659914554,
    "week_28": 2.615718916766445,
    "week_29": 1.0996201306445326,
    "week_30": 0.013106487465022049,
    "week_31": 0.07795167435592461,
    "week_32": 1.4041559530827261,
    "week_33": 1.22954508824851,
    "week_34": 1.2244229830899738,
    "week_35": 1.3745485434386067,
    "week_36": 0.6416339120726591,
    "week_37": 0.27217706798406605,
    "week_38": 0.42342229763711464,
    "week_39": 2.86938957306034,
    "week_40": 2.9299947258670156,
    "week_41": 3.3796558148737033,
    "week_42": 0.16200687544310027,
    "week_43": 2.8521229024124284,
    "week_44": 9.233140893839748,
    "week_45": 11.819532078317048,
    "week_46": 11.688863169843408,
    "week_47": 13.23279836392186,
    "week_48": 19.287292646123756,
    "week_49": 15.374740457880035,
    "week_50": 14.797550685229513,
    "week_51": 19.985347118682732,
    "week_52": 37.214785788184145
}