{
    "MAPE": {
        "week_1": 3.1607488861737183,
        "week_2": 10.228880846636697,
        "week_3": 29.476152648489094,
        "week_4": 5.1403406952452535,
        "week_5": 46.46138381396126,
        "week_6": 47.95809541926199,
        "week_7": 50.71596637894121,
        "week_8": 47.97059370311625,
        "week_9": 40.349003684623526,
        "week_10": 27.66608315281825,
        "week_11": 17.44970356148512,
        "week_12": 11.962626260852428,
        "week_13": 8.925705336779654,
        "week_14": 7.3277600000289,
        "week_15": 6.182020565762257,
        "week_16": 5.470874694148811,
        "week_17": 4.5722985689168585,
        "week_18": 5.455856196251338,
        "week_19": 4.005501730682173,
        "week_20": 3.6743662854424644,
        "week_21": 3.283153331684264,
        "week_22": 2.5189689799890647,
        "week_23": 2.6352787571216147,
        "week_24": 3.5653467435170803,
        "week_25": 4.3217557064908485,
        "week_26": 4.261390553158876,
        "week_27": 3.92997514423158,
        "week_28": 5.28541702960454,
        "week_29": 4.913069910074073,
        "week_30": 6.060708295771821,
        "week_31": 5.352068127240455,
        "week_32": 5.17908886874271,
        "week_33": 4.375115992671317,
        "week_34": 3.6068483754587195,
        "week_35": 1.3176305897704466,
        "week_36": 0.16624728421721066,
        "week_37": 0.3668483403050944,
        "week_38": 1.0748892492023476,
        "week_39": 1.3930601706611268,
        "week_40": 0.8448944880769631,
        "week_41": 0.38912917106733613,
        "week_42": 1.3752251677523646,
        "week_43": 2.163697049346956,
        "week_44": 2.7624366230875945,
        "week_45": 2.7481783465166285,
        "week_46": 0.8874907013028526,
        "week_47": 0.06440630263411706,
        "week_48": 0.08340266141001867,
        "week_49": 0.6579832349515891,
        "week_50": 0.4120602545886954,
        "week_51": 0.10698829240556286,
        "week_52": 0.014531287915796205
    },
    "MAE": {
        "week_1": 192052.4123820439,
        "week_2": 466877.1153494641,
        "week_3": 1484303.5008595288,
        "week_4": 85348.3663812019,
        "week_5": 3016798.9800671395,
        "week_6": 1446446.8510260098,
        "week_7": 1426755.2594832964,
        "week_8": 1406743.8965210654,
        "week_9": 1386401.8538545854,
        "week_10": 1365781.843876075,
        "week_11": 1344807.8211773243,
        "week_12": 1323570.0910158604,
        "week_13": 1302029.5898961425,
        "week_14": 1280221.371744249,
        "week_15": 1258228.4385355562,
        "week_16": 1236280.361922808,
        "week_17": 1215063.059878569,
        "week_18": 1196630.6480642036,
        "week_19": 1187114.1929288507,
        "week_20": 1204828.6733121723,
        "week_21": 1137794.4504601061,
        "week_22": 929688.3755307049,
        "week_23": 992113.0915194005,
        "week_24": 1376709.0510359183,
        "week_25": 1679128.114368096,
        "week_26": 1665929.102277875,
        "week_27": 1544057.0126597285,
        "week_28": 2027033.8579835892,
        "week_29": 1870245.008248441,
        "week_30": 2276492.098017171,
        "week_31": 1983226.2922910452,
        "week_32": 1853071.160838835,
        "week_33": 1533439.3919036016,
        "week_34": 1243476.919709213,
        "week_35": 449575.8998136297,
        "week_36": 55193.70767899603,
        "week_37": 117940.49412373081,
        "week_38": 338007.1795611121,
        "week_39": 412169.97846095264,
        "week_40": 243760.18769517913,
        "week_41": 106521.4255884029,
        "week_42": 369034.12378017604,
        "week_43": 563666.449283015,
        "week_44": 725509.3104537614,
        "week_45": 696661.7268256582,
        "week_46": 215851.52128744498,
        "week_47": 14731.854549165815,
        "week_48": 18462.978932540864,
        "week_49": 128523.11518220603,
        "week_50": 70515.28624220192,
        "week_51": 17185.361437486485,
        "week_52": 2008.922654286027
    },
    "R2": 0.9901978011833568,
    "Predictions": {
        "week_1": 6268220.412382044,
        "week_2": 5031180.115349464,
        "week_3": 6519911.500859529,
        "week_4": 1575015.633618798,
        "week_5": 9509930.98006714,
        "week_6": 4462510.85102601,
        "week_7": 4239982.259483296,
        "week_8": 4339256.896521065,
        "week_9": 4822426.853854585,
        "week_10": 6302446.843876075,
        "week_11": 9051573.821177324,
        "week_12": 12387780.09101586,
        "week_13": 15889443.589896142,
        "week_14": 18751063.37174425,
        "week_15": 21611257.438535556,
        "week_16": 23833770.361922808,
        "week_17": 27789510.05987857,
        "week_18": 23129588.648064204,
        "week_19": 30824205.19292885,
        "week_20": 33994936.67331217,
        "week_21": 35793332.450460106,
        "week_22": 37837184.375530705,
        "week_23": 38639481.0915194,
        "week_24": 39990318.05103592,
        "week_25": 40532044.114368096,
        "week_26": 40759485.102277875,
        "week_27": 40833288.01265973,
        "week_28": 40378479.85798359,
        "week_29": 39936974.00824844,
        "week_30": 39837978.09801717,
        "week_31": 39038552.292291045,
        "week_32": 37632939.160838835,
        "week_33": 36582553.3919036,
        "week_34": 35718918.91970921,
        "week_35": 34569601.89981363,
        "week_36": 33254958.707678996,
        "week_37": 32031719.50587627,
        "week_38": 31107760.820438888,
        "week_39": 29175208.021539047,
        "week_40": 28607201.81230482,
        "week_41": 27480831.425588403,
        "week_42": 27203485.123780176,
        "week_43": 26614746.449283015,
        "week_44": 26988892.31045376,
        "week_45": 26046607.72682566,
        "week_46": 24537404.521287445,
        "week_47": 22888043.854549166,
        "week_48": 22118695.02106746,
        "week_49": 19404362.884817794,
        "week_50": 17183373.286242202,
        "week_51": 16045657.638562514,
        "week_52": 13826816.922654286
    },
    "Execution Time": 38.820565938949585
}