{
    "MAPE": {
        "week_1": 23.476638716774268,
        "week_2": 32.7819120164945,
        "week_3": 39.447724357399004,
        "week_4": 35.534867054227284,
        "week_5": 68.56085009682177,
        "week_6": 62.17276833188684,
        "week_7": 64.6732260139577,
        "week_8": 60.138592122286596,
        "week_9": 49.69907634902177,
        "week_10": 33.457948085517835,
        "week_11": 20.70485747507783,
        "week_12": 13.914943932882162,
        "week_13": 10.169194553014915,
        "week_14": 8.169157882561954,
        "week_15": 6.736170504645949,
        "week_16": 5.818917401502239,
        "week_17": 4.738898623567151,
        "week_18": 5.495588867183004,
        "week_19": 3.9014300535608566,
        "week_20": 3.4217780529999633,
        "week_21": 3.266673365834734,
        "week_22": 3.453716378883312,
        "week_23": 3.8409759013801863,
        "week_24": 4.326567182936105,
        "week_25": 4.346575978705931,
        "week_26": 4.077350001893929,
        "week_27": 3.747013564660542,
        "week_28": 4.652155371976512,
        "week_29": 5.060301263548961,
        "week_30": 5.21088714041845,
        "week_31": 5.661334542290777,
        "week_32": 6.101655648358165,
        "week_33": 5.797935800709447,
        "week_34": 5.155084623648115,
        "week_35": 4.174898016150467,
        "week_36": 3.252753728563206,
        "week_37": 2.7394340877659373,
        "week_38": 1.8838781511196063,
        "week_39": 1.670615768245591,
        "week_40": 2.5062107260542326,
        "week_41": 3.3258683996793508,
        "week_42": 4.371474901425286,
        "week_43": 4.770696380810724,
        "week_44": 6.480668236827998,
        "week_45": 6.770570916158344,
        "week_46": 5.608813745774587,
        "week_47": 4.670294378336216,
        "week_48": 2.2613069981769613,
        "week_49": 2.0212097160401266,
        "week_50": 2.7314492893092046,
        "week_51": 0.629471593842396,
        "week_52": 0.0006769319565794624
    },
    "MAE": {
        "week_1": 1426480.0091842487,
        "week_2": 1496265.793626219,
        "week_3": 1986432.7635591328,
        "week_4": 590008.1400162503,
        "week_5": 4451746.497108765,
        "week_6": 1875170.4834614396,
        "week_7": 1819404.6559956819,
        "week_8": 1763572.0320030302,
        "week_9": 1707672.6881214753,
        "week_10": 1651706.8128559291,
        "week_11": 1595674.9162377566,
        "week_12": 1539578.6181163415,
        "week_13": 1483422.509913735,
        "week_14": 1427220.6663929448,
        "week_15": 1371014.7363000363,
        "week_16": 1314929.2779127285,
        "week_17": 1259336.1031035818,
        "week_18": 1205345.1980919242,
        "week_19": 1156270.3752751797,
        "week_20": 1122004.7190989852,
        "week_21": 1132083.2296327353,
        "week_22": 1274680.2343877032,
        "week_23": 1446026.3323839158,
        "week_24": 1670643.7351412624,
        "week_25": 1688771.5138827935,
        "week_26": 1593981.1063064039,
        "week_27": 1472172.8150208145,
        "week_28": 1784168.8553196713,
        "week_29": 1926291.1685787588,
        "week_30": 1957286.6437240764,
        "week_31": 2097825.970596455,
        "week_32": 2183164.336797096,
        "week_33": 2032125.128437467,
        "week_34": 1777238.2094767243,
        "week_35": 1424476.2885840237,
        "week_36": 1079906.5939117223,
        "week_37": 880718.7451408505,
        "week_38": 592399.9528037608,
        "week_39": 494291.40227842703,
        "week_40": 723065.9042138308,
        "week_41": 910433.5259202644,
        "week_42": 1173061.2904002666,
        "week_43": 1242817.9307221062,
        "week_44": 1702042.7199974842,
        "week_45": 1716336.0711378455,
        "week_46": 1364150.6078498513,
        "week_47": 1068251.004475303,
        "week_48": 500589.1030514911,
        "week_49": 394800.5896550417,
        "week_50": 467429.03822149336,
        "week_51": 101111.03384850174,
        "week_52": 93.58454328775406
    },
    "R2": 0.9841951184102247,
    "Predictions": {
        "week_1": 7502648.009184249,
        "week_2": 6060568.793626219,
        "week_3": 7022040.763559133,
        "week_4": 1070355.8599837497,
        "week_5": 10944878.497108765,
        "week_6": 4891234.48346144,
        "week_7": 4632631.655995682,
        "week_8": 4696085.03200303,
        "week_9": 5143697.688121475,
        "week_10": 6588371.812855929,
        "week_11": 9302440.916237757,
        "week_12": 12603788.618116342,
        "week_13": 16070836.509913735,
        "week_14": 18898062.666392945,
        "week_15": 21724043.736300036,
        "week_16": 23912419.27791273,
        "week_17": 27833783.10310358,
        "week_18": 23138303.198091924,
        "week_19": 30793361.37527518,
        "week_20": 33912112.719098985,
        "week_21": 35787621.229632735,
        "week_22": 38182176.2343877,
        "week_23": 39093394.332383916,
        "week_24": 40284252.73514126,
        "week_25": 40541687.51388279,
        "week_26": 40687537.106306404,
        "week_27": 40761403.815020815,
        "week_28": 40135614.85531967,
        "week_29": 39993020.16857876,
        "week_30": 39518772.64372408,
        "week_31": 39153151.970596455,
        "week_32": 37963032.336797096,
        "week_33": 37081239.12843747,
        "week_34": 36252680.209476724,
        "week_35": 35544502.28858402,
        "week_36": 34279671.59391172,
        "week_37": 33030378.74514085,
        "week_38": 32038167.95280376,
        "week_39": 30081669.402278427,
        "week_40": 29574027.90421383,
        "week_41": 28284743.525920264,
        "week_42": 28007512.290400267,
        "week_43": 27293897.930722106,
        "week_44": 27965425.719997484,
        "week_45": 27066282.071137846,
        "week_46": 25685703.60784985,
        "week_47": 23941563.004475303,
        "week_48": 22637747.10305149,
        "week_49": 19927686.58965504,
        "week_50": 17580287.038221493,
        "week_51": 16163954.033848502,
        "week_52": 13824901.584543288
    },
    "Execution Time": 31.654006719589233
}