{
    "MAPE": {
        "week_1": 24.65721363345492,
        "week_2": 45.98018040830269,
        "week_3": 62.92152545106845,
        "week_4": 87.17928108041525,
        "week_5": 71.36627289788152,
        "week_6": 96.53524183062109,
        "week_7": 98.8796234408087,
        "week_8": 90.41000781982402,
        "week_9": 73.34243990705987,
        "week_10": 48.380021076430566,
        "week_11": 29.27449225743225,
        "week_12": 19.194620174006836,
        "week_13": 13.657603384852704,
        "week_14": 10.674764721214634,
        "week_15": 8.604516571157822,
        "week_16": 7.432781691399086,
        "week_17": 6.528002923787442,
        "week_18": 9.893415889869104,
        "week_19": 6.550621924092496,
        "week_20": 6.3133601050410775,
        "week_21": 5.806514860509387,
        "week_22": 4.979935573951246,
        "week_23": 5.876605814321055,
        "week_24": 6.911176455528779,
        "week_25": 7.667782971542576,
        "week_26": 7.89970994606156,
        "week_27": 6.714939252360744,
        "week_28": 8.620303168350324,
        "week_29": 8.283919218218,
        "week_30": 8.984692425042386,
        "week_31": 7.7847252730946,
        "week_32": 6.743275848548587,
        "week_33": 5.840377652191243,
        "week_34": 5.29268046615903,
        "week_35": 2.9194375882721633,
        "week_36": 1.2914208037025259,
        "week_37": 0.8257159868934083,
        "week_38": 0.10351794406718974,
        "week_39": 0.7102159906511931,
        "week_40": 0.6309121243789948,
        "week_41": 0.5817714939732431,
        "week_42": 0.3563660152460584,
        "week_43": 0.2199939467125663,
        "week_44": 0.313911852071617,
        "week_45": 0.8219107638907999,
        "week_46": 0.7956600216915471,
        "week_47": 1.0701513162273972,
        "week_48": 0.2889989891939758,
        "week_49": 1.5415407236494278,
        "week_50": 0.3376001220507484,
        "week_51": 0.4076703394347596,
        "week_52": 0.0016536582384727736
    },
    "MAE": {
        "week_1": 1498213.724487625,
        "week_2": 2098674.753781572,
        "week_3": 3168481.369336039,
        "week_4": 1447493.3985180259,
        "week_5": 4633906.302739672,
        "week_6": 2911564.6761663035,
        "week_7": 2781708.2641351596,
        "week_8": 2651285.232617356,
        "week_9": 2520064.570816554,
        "week_10": 2388359.567472771,
        "week_11": 2256116.615968421,
        "week_12": 2123733.084754482,
        "week_13": 1992291.1482264772,
        "week_14": 1864971.2783151492,
        "week_15": 1751279.753037557,
        "week_16": 1679622.0994357392,
        "week_17": 1734780.677140344,
        "week_18": 2169918.7518903166,
        "week_19": 1941413.7807092443,
        "week_20": 2070157.5968718827,
        "week_21": 2012278.9639594778,
        "week_22": 1837969.522758633,
        "week_23": 2212387.416826844,
        "week_24": 2668654.6538379416,
        "week_25": 2979157.276995741,
        "week_26": 3088277.531601146,
        "week_27": 2638247.9943696856,
        "week_28": 3306010.9146461636,
        "week_29": 3153417.079377964,
        "week_30": 3374783.9873753563,
        "week_31": 2884655.3281495944,
        "week_32": 2412735.1974865645,
        "week_33": 2047000.6213470325,
        "week_34": 1824674.9843559861,
        "week_35": 996112.8641722351,
        "week_36": 428748.6719903499,
        "week_37": 265464.8823518753,
        "week_38": 32552.012529738247,
        "week_39": 210134.2897704132,
        "week_40": 182024.21725797653,
        "week_41": 159255.9322518669,
        "week_42": 95628.86374185607,
        "week_43": 57310.79905324802,
        "week_44": 82443.8719919622,
        "week_45": 208353.93481450528,
        "week_46": 193516.87387552112,
        "week_47": 244779.04943279922,
        "week_48": 63976.16285627335,
        "week_49": 301107.39219401777,
        "week_50": 57773.029494371265,
        "week_51": 65483.44658097252,
        "week_52": 228.6150764450431
    },
    "R2": 0.9724697781624018,
    "Predictions": {
        "week_1": 7574381.724487625,
        "week_2": 6662977.753781572,
        "week_3": 8204089.369336039,
        "week_4": 3107857.398518026,
        "week_5": 11127038.302739672,
        "week_6": 5927628.676166303,
        "week_7": 5594935.26413516,
        "week_8": 5583798.232617356,
        "week_9": 5956089.570816554,
        "week_10": 7325024.567472771,
        "week_11": 9962882.615968421,
        "week_12": 13187943.084754482,
        "week_13": 16579705.148226477,
        "week_14": 19335813.27831515,
        "week_15": 22104308.753037557,
        "week_16": 24277112.09943574,
        "week_17": 28309227.677140344,
        "week_18": 24102876.751890317,
        "week_19": 31578504.780709244,
        "week_20": 34860265.59687188,
        "week_21": 36667816.96395948,
        "week_22": 38745465.52275863,
        "week_23": 39859755.416826844,
        "week_24": 41282263.65383794,
        "week_25": 41832073.27699574,
        "week_26": 42181833.531601146,
        "week_27": 41927478.994369686,
        "week_28": 41657456.91464616,
        "week_29": 41220146.079377964,
        "week_30": 40936269.987375356,
        "week_31": 39939981.328149594,
        "week_32": 38192603.197486565,
        "week_33": 37096114.62134703,
        "week_34": 36300116.984355986,
        "week_35": 35116138.864172235,
        "week_36": 33628513.67199035,
        "week_37": 32415124.882351875,
        "week_38": 31478320.01252974,
        "week_39": 29377243.710229587,
        "week_40": 28668937.782742023,
        "week_41": 27215054.067748133,
        "week_42": 26738822.136258144,
        "week_43": 26108390.799053248,
        "week_44": 26345826.871991962,
        "week_45": 25558299.934814505,
        "week_46": 24128036.12612448,
        "week_47": 22628532.9505672,
        "week_48": 22073181.837143727,
        "week_49": 19833993.392194018,
        "week_50": 17170631.02949437,
        "week_51": 15997359.553419027,
        "week_52": 13825036.615076445
    },
    "Execution Time": 39.79157042503357
}