{
    "MAPE": {
        "week_1": 21.547643966068193,
        "week_2": 12.79432182770992,
        "week_3": 18.216970944171525,
        "week_4": 42.290808260180114,
        "week_5": 33.768006495592054,
        "week_6": 18.93530800080182,
        "week_7": 14.076415999885358,
        "week_8": 7.499160420038269,
        "week_9": 1.2468311427877108,
        "week_10": 2.7388056625316985,
        "week_11": 4.076903646571721,
        "week_12": 4.465247432950359,
        "week_13": 4.623706720861415,
        "week_14": 4.892176195905786,
        "week_15": 5.0721601909602825,
        "week_16": 5.311523581520695,
        "week_17": 5.232208870981959,
        "week_18": 1.8294741056328483,
        "week_19": 2.3527448316169934,
        "week_20": 1.8088229457510947,
        "week_21": 1.0127692136225737,
        "week_22": 0.7253034790252869,
        "week_23": 0.6629413930405831,
        "week_24": 1.6192284266151338,
        "week_25": 2.801450603351762,
        "week_26": 3.23255211774763,
        "week_27": 3.3401585245556316,
        "week_28": 5.238320003484829,
        "week_29": 5.095686700604587,
        "week_30": 5.79094812977214,
        "week_31": 5.109645837794155,
        "week_32": 3.992092518736823,
        "week_33": 3.34091467311802,
        "week_34": 3.1901643652450726,
        "week_35": 1.2826740055748405,
        "week_36": 0.3269461581015515,
        "week_37": 0.713692391245566,
        "week_38": 0.7720720635254383,
        "week_39": 1.1955383021579262,
        "week_40": 0.14577496396305945,
        "week_41": 0.6190603259826657,
        "week_42": 0.7079080933290629,
        "week_43": 2.0108917395028145,
        "week_44": 0.5333882192334832,
        "week_45": 1.6850560628924764,
        "week_46": 0.4812500260735826,
        "week_47": 1.532726198712961,
        "week_48": 1.0809358313944164,
        "week_49": 2.3379046755722137,
        "week_50": 1.5096602042073648,
        "week_51": 0.30332550066678277,
        "week_52": 0.0012550273911159694
    },
    "MAE": {
        "week_1": 1309271.0474201664,
        "week_2": 583971.6150118187,
        "week_3": 917335.2462223768,
        "week_4": 702181.3556610569,
        "week_5": 2192601.2355273664,
        "week_6": 571101.0079013035,
        "week_7": 396001.53554109484,
        "week_8": 219913.85420847684,
        "week_9": 42841.42977397144,
        "week_10": 135205.66056022048,
        "week_11": 314197.42408674955,
        "week_12": 494044.3530012369,
        "week_13": 674479.2415178791,
        "week_14": 854704.3735483103,
        "week_15": 1032338.2345926017,
        "week_16": 1200271.010181781,
        "week_17": 1390430.5733483993,
        "week_18": 401257.78720932826,
        "week_19": 697285.126744125,
        "week_20": 593114.9974405654,
        "week_21": 350980.6196792722,
        "week_22": 267691.3525091186,
        "week_23": 249579.9858623147,
        "week_24": 625242.5334700197,
        "week_25": 1088445.2497017533,
        "week_26": 1263719.5723808557,
        "week_27": 1312322.5984788537,
        "week_28": 2008971.4674436823,
        "week_29": 1939761.2470081896,
        "week_30": 2175166.171031624,
        "week_31": 1893395.9226400554,
        "week_32": 1428365.4336419106,
        "week_33": 1170960.9924238622,
        "week_34": 1099823.2654447332,
        "week_35": 437648.70419737697,
        "week_36": 108545.35616624355,
        "week_37": 229449.67723131925,
        "week_38": 242783.98988902196,
        "week_39": 353728.4365942478,
        "week_40": 42057.479458495975,
        "week_41": 169463.49272150546,
        "week_42": 189963.25042942166,
        "week_43": 523859.0157712698,
        "week_44": 140085.79089416936,
        "week_45": 427160.8020129688,
        "week_46": 117047.48015400022,
        "week_47": 350585.24553735554,
        "week_48": 239288.47287439555,
        "week_49": 456660.2550681904,
        "week_50": 258346.00702851638,
        "week_51": 48722.698951069266,
        "week_52": 173.50512716919184
    },
    "R2": 0.9944767244298972,
    "Predictions": {
        "week_1": 4766896.952579834,
        "week_2": 3980331.3849881813,
        "week_3": 5952943.246222377,
        "week_4": 958182.6443389431,
        "week_5": 8685733.235527366,
        "week_6": 3587165.0079013035,
        "week_7": 3209228.535541095,
        "week_8": 3152426.854208477,
        "week_9": 3478866.4297739714,
        "week_10": 4801459.3394397795,
        "week_11": 7392568.57591325,
        "week_12": 10570165.646998763,
        "week_13": 13912934.75848212,
        "week_14": 16616137.62645169,
        "week_15": 19320690.7654074,
        "week_16": 21397218.98981822,
        "week_17": 25184016.4266516,
        "week_18": 21531700.21279067,
        "week_19": 28939805.873255875,
        "week_20": 32196993.002559435,
        "week_21": 34304557.38032073,
        "week_22": 36639804.64749088,
        "week_23": 37896947.985862315,
        "week_24": 39238851.53347002,
        "week_25": 39941361.24970175,
        "week_26": 40357275.572380856,
        "week_27": 40601553.59847885,
        "week_28": 40360417.46744368,
        "week_29": 40006490.24700819,
        "week_30": 39736652.171031624,
        "week_31": 38948721.922640055,
        "week_32": 37208233.43364191,
        "week_33": 36220074.99242386,
        "week_34": 35575265.26544473,
        "week_35": 34557674.70419738,
        "week_36": 33091219.643833756,
        "week_37": 31920210.32276868,
        "week_38": 31202984.010110978,
        "week_39": 29233649.563405752,
        "week_40": 28893019.479458496,
        "week_41": 27543773.492721505,
        "week_42": 27024414.25042942,
        "week_43": 26574939.01577127,
        "week_44": 26403468.79089417,
        "week_45": 25777106.80201297,
        "week_46": 24438600.480154,
        "week_47": 23223897.245537356,
        "week_48": 22376446.472874396,
        "week_49": 19989546.25506819,
        "week_50": 17371204.007028516,
        "week_51": 16014120.30104893,
        "week_52": 13824981.50512717
    },
    "Execution Time": 16.95676565170288
}