{
    "MAPE": {
        "week_1": 10.094858130367374,
        "week_2": 2.371098545282703,
        "week_3": 29.57176461863657,
        "week_4": 8.793179987612444,
        "week_5": 40.87648254704601,
        "week_6": 34.82504455247229,
        "week_7": 26.933280504069472,
        "week_8": 19.61170435863328,
        "week_9": 8.315349440548461,
        "week_10": 1.8118444414795118,
        "week_11": 2.5475416271284588,
        "week_12": 3.697687178540466,
        "week_13": 4.90844650677106,
        "week_14": 5.843276014962289,
        "week_15": 7.58687440186568,
        "week_16": 5.596357131466499,
        "week_17": 6.073091524827082,
        "week_18": 2.750574192086803,
        "week_19": 3.075448320237287,
        "week_20": 2.573800349999722,
        "week_21": 1.4603560150083452,
        "week_22": 0.8787355639160813,
        "week_23": 0.3291666263051711,
        "week_24": 2.195510846437747,
        "week_25": 4.377771908795058,
        "week_26": 4.547400543614303,
        "week_27": 4.26282587144505,
        "week_28": 5.906086203185571,
        "week_29": 6.036440837017552,
        "week_30": 7.248773895413588,
        "week_31": 7.1149001910787755,
        "week_32": 6.643135018301746,
        "week_33": 6.6108686811194,
        "week_34": 5.91937309467911,
        "week_35": 4.170733311268913,
        "week_36": 2.487393837162086,
        "week_37": 2.5301662764049007,
        "week_38": 1.8409847268204962,
        "week_39": 1.1081545739075631,
        "week_40": 2.2285847110785175,
        "week_41": 2.4734139960891586,
        "week_42": 0.5568758269546255,
        "week_43": 1.8250194726489817,
        "week_44": 0.5251937295216973,
        "week_45": 1.829205166092144,
        "week_46": 0.42179920255764614,
        "week_47": 1.8696350521725673,
        "week_48": 1.3411014556988317,
        "week_49": 3.107228675285678,
        "week_50": 1.6199899156423936,
        "week_51": 0.05913331568478929,
        "week_52": 0.03487724325352664
    },
    "MAE": {
        "week_1": 613380.5393627807,
        "week_2": 108224.12203529477,
        "week_3": 1489118.1448772326,
        "week_4": 145998.79496952146,
        "week_5": 2654163.9687366597,
        "week_6": 1050345.631731078,
        "week_7": 757694.3191262186,
        "week_8": 575115.7798384875,
        "week_9": 285717.48561460525,
        "week_10": 89444.69039696455,
        "week_11": 196333.07195538282,
        "week_12": 409119.8745767921,
        "week_13": 716015.4129112326,
        "week_14": 1020869.5201979578,
        "week_15": 1544158.7472052984,
        "week_16": 1264636.243147429,
        "week_17": 1613890.4885266647,
        "week_18": 603282.2823092379,
        "week_19": 911473.4173266962,
        "week_20": 843951.9144692868,
        "week_21": 506094.2337165028,
        "week_22": 324319.29310290515,
        "week_23": 123922.57113829255,
        "week_24": 847765.9737960622,
        "week_25": 1700892.0423957407,
        "week_26": 1777740.5780621618,
        "week_27": 1674831.5037598088,
        "week_28": 2265069.4609281644,
        "week_29": 2297875.5746728033,
        "week_30": 2722747.1918974295,
        "week_31": 2636449.460378863,
        "week_32": 2376904.9406101406,
        "week_33": 2317050.900435835,
        "week_34": 2040730.0380197018,
        "week_35": 1423055.290195614,
        "week_36": 825808.9085622951,
        "week_37": 813439.8552988358,
        "week_38": 578911.786111407,
        "week_39": 327873.8826063201,
        "week_40": 642968.128131073,
        "week_41": 677080.0148728341,
        "week_42": 149434.57091498375,
        "week_43": 475437.28283536434,
        "week_44": 137933.64067626745,
        "week_45": 463702.5218335688,
        "week_46": 102588.11660363525,
        "week_47": 427647.45874479413,
        "week_48": 296881.74818835035,
        "week_49": 606931.4349028617,
        "week_50": 277226.5738782026,
        "week_51": 9498.491659142077,
        "week_52": 4821.7119154930115
    },
    "R2": 0.9900164406537879,
    "Predictions": {
        "week_1": 5462787.460637219,
        "week_2": 4456078.877964705,
        "week_3": 6524726.144877233,
        "week_4": 1514365.2050304785,
        "week_5": 9147295.96873666,
        "week_6": 4066409.631731078,
        "week_7": 3570921.3191262186,
        "week_8": 3507628.7798384875,
        "week_9": 3721742.4856146052,
        "week_10": 5026109.690396965,
        "week_11": 7510432.928044617,
        "week_12": 10655090.125423208,
        "week_13": 13871398.587088767,
        "week_14": 16449972.479802042,
        "week_15": 18808870.2527947,
        "week_16": 21332853.75685257,
        "week_17": 24960556.511473335,
        "week_18": 21329675.717690762,
        "week_19": 28725617.582673304,
        "week_20": 31946156.085530713,
        "week_21": 34149443.7662835,
        "week_22": 36583176.706897095,
        "week_23": 37771290.57113829,
        "week_24": 39461374.97379606,
        "week_25": 40553808.04239574,
        "week_26": 40871296.57806216,
        "week_27": 40964062.50375981,
        "week_28": 40616515.460928164,
        "week_29": 40364604.5746728,
        "week_30": 40284233.19189743,
        "week_31": 39691775.46037886,
        "week_32": 38156772.94061014,
        "week_33": 37366164.900435835,
        "week_34": 36516172.0380197,
        "week_35": 35543081.290195614,
        "week_36": 34025573.908562295,
        "week_37": 32963099.855298836,
        "week_38": 32024679.786111407,
        "week_39": 29915251.88260632,
        "week_40": 29493930.128131073,
        "week_41": 28051390.014872834,
        "week_42": 26983885.570914984,
        "week_43": 26526517.282835364,
        "week_44": 26401316.640676267,
        "week_45": 25813648.52183357,
        "week_46": 24424141.116603635,
        "week_47": 23300959.458744794,
        "week_48": 22434039.74818835,
        "week_49": 20139817.43490286,
        "week_50": 17390084.573878203,
        "week_51": 16072341.491659142,
        "week_52": 13819986.288084507
    },
    "Execution Time": 46.64708209037781
}