{
    "Predictions": [
        6485890.916572642,
        5271234.9572282955,
        6739606.700253356,
        1284366.8710869253,
        10217438.149635885,
        4659277.143496074,
        4424966.0347290635,
        4512206.274023596,
        4983109.484000336,
        6450588.0851455,
        9187023.246175285,
        12510430.323976148,
        15997207.273849819,
        18847929.946619865,
        21702165.015525,
        23933998.75432078,
        27945618.073133517,
        23479966.745563217,
        31204526.714488976,
        34065367.29771862,
        35828025.60272554,
        37836622.09225458,
        38989621.83527435,
        40233822.26275445,
        40607944.889075026,
        40863211.37175801,
        40873031.01719413,
        40724958.04415173,
        40528101.8191163,
        40397477.48633948,
        39599208.68536752,
        38312331.14962171,
        37427086.32961147,
        36771497.514700465,
        35867184.08379523,
        34581494.56454978,
        33754389.19838706,
        33013410.45748328,
        30926294.79414829,
        30099536.367693894,
        28505544.1548656,
        27902113.70779922,
        27127779.574611474,
        27156871.646951318,
        26328894.22468806,
        24655633.611035753,
        22964099.010118067,
        22309825.51862643,
        20128154.19767096,
        17402584.6703729,
        16164847.89042484,
        13824674.615525335
    ],
    "Last_Date": "2020-12-06",
    "MAE": 1388302.988904051,
    "MAPE": 11.366221370342739
}