{
    "MAPE": {
        "week_1": 18.31255217032473,
        "week_2": 34.2198422006016,
        "week_3": 50.52200913396933,
        "week_4": 71.86761313106932,
        "week_5": 57.91334260575843,
        "week_6": 79.83960777144749,
        "week_7": 83.11131350343189,
        "week_8": 77.32275516594787,
        "week_9": 63.919041030575826,
        "week_10": 43.032054154110305,
        "week_11": 26.624411674481337,
        "week_12": 17.885561593079057,
        "week_13": 13.063716064539154,
        "week_14": 10.491268316292658,
        "week_15": 8.661353784780552,
        "week_16": 7.531751750391033,
        "week_17": 6.283515278668568,
        "week_18": 7.862400485926702,
        "week_19": 6.88165868463778,
        "week_20": 6.270997216301813,
        "week_21": 5.749709232787045,
        "week_22": 4.848433293768392,
        "week_23": 4.936928499328839,
        "week_24": 6.644109059765767,
        "week_25": 7.344869147536288,
        "week_26": 7.327251557604752,
        "week_27": 6.8232895428111835,
        "week_28": 7.6649011049467735,
        "week_29": 7.153867969341186,
        "week_30": 8.028671879661426,
        "week_31": 7.21310836953842,
        "week_32": 7.10026017483085,
        "week_33": 5.319076610300926,
        "week_34": 4.640375182953271,
        "week_35": 2.447401311928803,
        "week_36": 1.5904096144295474,
        "week_37": 0.22384168833874613,
        "week_38": 0.2224770401242341,
        "week_39": 0.3830907297821147,
        "week_40": 0.030348195828797213,
        "week_41": 1.6714347753376861,
        "week_42": 1.8423566349348035,
        "week_43": 2.600200700564241,
        "week_44": 2.982822701601679,
        "week_45": 3.169728000960596,
        "week_46": 1.9269276657544903,
        "week_47": 1.5902298937436503,
        "week_48": 1.4654426247384222,
        "week_49": 1.398081035739079,
        "week_50": 1.0659540541426924,
        "week_51": 0.09335406829335141,
        "week_52": 0.06617005034389979
    },
    "MAE": {
        "week_1": 1112701.4349565767,
        "week_2": 1561897.2841573246,
        "week_3": 2544090.3337108903,
        "week_4": 1193263.9760875478,
        "week_5": 3760389.7810041346,
        "week_6": 2408013.66773583,
        "week_7": 2338109.911533192,
        "week_8": 2267499.8471995927,
        "week_9": 2196274.2295708433,
        "week_10": 2124348.3562070094,
        "week_11": 2051881.1066289581,
        "week_12": 1978896.0943376124,
        "week_13": 1905658.3461188339,
        "week_14": 1832912.9113355502,
        "week_15": 1762847.8476089835,
        "week_16": 1701986.8486194387,
        "week_17": 1669809.437466681,
        "week_18": 1724456.9963700995,
        "week_19": 2039523.4466755018,
        "week_20": 2056266.759902358,
        "week_21": 1992592.6680580229,
        "week_22": 1789435.3239602372,
        "week_23": 1858623.6400392056,
        "week_24": 2565530.2938715294,
        "week_25": 2853695.84020219,
        "week_26": 2864483.190933086,
        "week_27": 2680817.99027393,
        "week_28": 2939600.408217065,
        "week_29": 2723243.5329069123,
        "week_30": 3015688.464064963,
        "week_31": 2672840.8210657462,
        "week_32": 2540463.7182110474,
        "week_33": 1864289.2248917073,
        "week_34": 1599789.8547814488,
        "week_35": 835053.9639544487,
        "week_36": 528012.2545280159,
        "week_37": 71964.34173916653,
        "week_38": 69959.61389073357,
        "week_39": 113346.50230359286,
        "week_40": 8755.74644625187,
        "week_41": 457543.73684874177,
        "week_42": 494386.2884468287,
        "week_43": 677380.3646645509,
        "week_44": 783390.1503325962,
        "week_45": 803524.3365903907,
        "week_46": 468658.73349814117,
        "week_47": 363738.2451132536,
        "week_48": 324407.3492376916,
        "week_49": 273085.5748985335,
        "week_50": 182415.20363068208,
        "week_51": 14995.317424073815,
        "week_52": 9147.882413547486
    },
    "R2": 0.9774242871199696,
    "Predictions": {
        "week_1": 7188869.434956577,
        "week_2": 6126200.284157325,
        "week_3": 7579698.33371089,
        "week_4": 2853627.976087548,
        "week_5": 10253521.781004135,
        "week_6": 5424077.66773583,
        "week_7": 5151336.911533192,
        "week_8": 5200012.847199593,
        "week_9": 5632299.229570843,
        "week_10": 7061013.356207009,
        "week_11": 9758647.106628958,
        "week_12": 13043106.094337612,
        "week_13": 16493072.346118834,
        "week_14": 19303754.91133555,
        "week_15": 22115876.847608984,
        "week_16": 24299476.84861944,
        "week_17": 28244256.43746668,
        "week_18": 23657414.9963701,
        "week_19": 31676614.4466755,
        "week_20": 34846374.75990236,
        "week_21": 36648130.66805802,
        "week_22": 38696931.32396024,
        "week_23": 39505991.640039206,
        "week_24": 41179139.29387153,
        "week_25": 41706611.84020219,
        "week_26": 41958039.190933086,
        "week_27": 41970048.99027393,
        "week_28": 41291046.408217065,
        "week_29": 40789972.53290691,
        "week_30": 40577174.46406496,
        "week_31": 39728166.821065746,
        "week_32": 38320331.71821105,
        "week_33": 36913403.22489171,
        "week_34": 36075231.85478145,
        "week_35": 34955079.96395445,
        "week_36": 33727777.254528016,
        "week_37": 32221624.341739167,
        "week_38": 31515727.613890734,
        "week_39": 29474031.497696407,
        "week_40": 28842206.253553748,
        "week_41": 27831853.73684874,
        "week_42": 27328837.28844683,
        "week_43": 26728460.36466455,
        "week_44": 27046773.150332596,
        "week_45": 26153470.33659039,
        "week_46": 24790211.73349814,
        "week_47": 23237050.245113254,
        "week_48": 22461565.34923769,
        "week_49": 19805971.574898534,
        "week_50": 17295273.203630682,
        "week_51": 16047847.682575926,
        "week_52": 13833955.882413547
    },
    "Execution Time": 37.41396737098694
}