{
    "MAPE": {
        "week_1": 27.03265397763428,
        "week_2": 38.38201420232178,
        "week_3": 45.94785021527103,
        "week_4": 42.300695028624794,
        "week_5": 58.35989587674929,
        "week_6": 72.20151241733234,
        "week_7": 74.97611657025158,
        "week_8": 69.58868135612491,
        "week_9": 57.39167098176872,
        "week_10": 38.55103466023669,
        "week_11": 23.798963829977023,
        "week_12": 15.952208660627656,
        "week_13": 11.62458893672047,
        "week_14": 9.309385243875406,
        "week_15": 7.651494917055951,
        "week_16": 6.5893959121336945,
        "week_17": 5.356973381521031,
        "week_18": 6.23197398362824,
        "week_19": 4.509439192366024,
        "week_20": 4.223877679718463,
        "week_21": 4.8174764248873965,
        "week_22": 4.5362479528644,
        "week_23": 4.728257778440916,
        "week_24": 5.423656056839854,
        "week_25": 5.419641133403367,
        "week_26": 5.061074457971256,
        "week_27": 4.93339701578232,
        "week_28": 6.065429316926828,
        "week_29": 6.117691333695067,
        "week_30": 6.200366944952003,
        "week_31": 5.7118088358424846,
        "week_32": 6.299321818147788,
        "week_33": 6.083181513268161,
        "week_34": 5.770784887502559,
        "week_35": 3.317560266256215,
        "week_36": 2.029892869363666,
        "week_37": 1.5115205957796893,
        "week_38": 0.8491883501585322,
        "week_39": 0.6362936127545997,
        "week_40": 1.841750211498293,
        "week_41": 3.1298280618770025,
        "week_42": 3.972381106686455,
        "week_43": 4.445512364593977,
        "week_44": 5.100092128419643,
        "week_45": 4.911313844104997,
        "week_46": 3.0092687439713215,
        "week_47": 1.7377154372596886,
        "week_48": 0.3399356866560775,
        "week_49": 0.3619469044733,
        "week_50": 0.1039609100286686,
        "week_51": 1.1337788063567913,
        "week_52": 0.003937714399377109
    },
    "MAE": {
        "week_1": 1642549.4705397412,
        "week_2": 1751871.4256969988,
        "week_3": 2313753.6212682053,
        "week_4": 702345.5120050758,
        "week_5": 3789385.074339889,
        "week_6": 2177643.8234746903,
        "week_7": 2109248.3549057916,
        "week_8": 2040697.1272969395,
        "week_9": 1971992.1628513187,
        "week_10": 1903135.4352097735,
        "week_11": 1834130.4528009668,
        "week_12": 1764985.8658500314,
        "week_13": 1695726.913997613,
        "week_14": 1626427.9871287867,
        "week_15": 1557310.9794019237,
        "week_16": 1489038.0823048204,
        "week_17": 1423586.0520764142,
        "week_18": 1366856.2364001088,
        "week_19": 1336466.5970311835,
        "week_20": 1385014.0529675782,
        "week_21": 1669522.373067893,
        "week_22": 1674215.5317535102,
        "week_23": 1780064.6058382764,
        "week_24": 2094269.343292959,
        "week_25": 2105688.617062658,
        "week_26": 1978553.9774286896,
        "week_27": 1938293.749677822,
        "week_28": 2326179.8491493613,
        "week_29": 2328804.981054187,
        "week_30": 2328949.961976774,
        "week_31": 2116529.3846182376,
        "week_32": 2253889.0314284787,
        "week_33": 2132101.2234122828,
        "week_34": 1989503.59683571,
        "week_35": 1131952.4254122898,
        "week_36": 673919.6623804942,
        "week_37": 485948.7323731445,
        "week_38": 267033.7984738797,
        "week_39": 188262.5963955596,
        "week_40": 531362.6536542922,
        "week_41": 856768.8361252025,
        "week_42": 1065966.6616070345,
        "week_43": 1158103.9825102687,
        "week_44": 1339456.7290397026,
        "week_45": 1245015.407371141,
        "week_46": 731900.8924774192,
        "week_47": 397473.0736365728,
        "week_48": 75252.10005344078,
        "week_49": 70698.6762312986,
        "week_50": 17790.682908713818,
        "week_51": 182117.1096323654,
        "week_52": 544.3814553022385
    },
    "R2": 0.9820020245270525,
    "Predictions": {
        "week_1": 7718717.470539741,
        "week_2": 6316174.425696999,
        "week_3": 7349361.621268205,
        "week_4": 2362709.512005076,
        "week_5": 10282517.074339889,
        "week_6": 5193707.82347469,
        "week_7": 4922475.354905792,
        "week_8": 4973210.1272969395,
        "week_9": 5408017.162851319,
        "week_10": 6839800.4352097735,
        "week_11": 9540896.452800967,
        "week_12": 12829195.865850031,
        "week_13": 16283140.913997613,
        "week_14": 19097269.987128787,
        "week_15": 21910339.979401924,
        "week_16": 24086528.08230482,
        "week_17": 27998033.052076414,
        "week_18": 23299814.23640011,
        "week_19": 30973557.597031184,
        "week_20": 34175122.05296758,
        "week_21": 36325060.37306789,
        "week_22": 38581711.53175351,
        "week_23": 39427432.60583828,
        "week_24": 40707878.34329296,
        "week_25": 40958604.61706266,
        "week_26": 41072109.97742869,
        "week_27": 41227524.74967782,
        "week_28": 40677625.84914936,
        "week_29": 40395533.98105419,
        "week_30": 39890435.961976774,
        "week_31": 39171855.38461824,
        "week_32": 38033757.03142848,
        "week_33": 37181215.22341228,
        "week_34": 36464945.59683571,
        "week_35": 35251978.42541229,
        "week_36": 33873684.662380494,
        "week_37": 32635608.732373144,
        "week_38": 31712801.79847388,
        "week_39": 29775640.59639556,
        "week_40": 29382324.653654292,
        "week_41": 28231078.836125202,
        "week_42": 27900417.661607035,
        "week_43": 27209183.98251027,
        "week_44": 27602839.729039703,
        "week_45": 26594961.40737114,
        "week_46": 25053453.89247742,
        "week_47": 23270785.073636573,
        "week_48": 22212410.10005344,
        "week_49": 19462187.3237687,
        "week_50": 17130648.682908714,
        "week_51": 15880725.890367635,
        "week_52": 13825352.381455302
    },
    "Execution Time": 30.744152307510376
}