{
    "MAPE": {
        "week_1": 13.926666295151627,
        "week_2": 33.89618718400482,
        "week_3": 55.904879120973604,
        "week_4": 66.12095230910373,
        "week_5": 65.31255347020846,
        "week_6": 83.60503681827878,
        "week_7": 84.34612282523243,
        "week_8": 75.8097918655749,
        "week_9": 60.314727934425605,
        "week_10": 38.90737759250708,
        "week_11": 22.940736188280944,
        "week_12": 14.5885382907515,
        "week_13": 10.000100162050934,
        "week_14": 7.4465247687606455,
        "week_15": 5.590637149734527,
        "week_16": 4.251887042511067,
        "week_17": 2.800110493470036,
        "week_18": 7.155129286243842,
        "week_19": 4.28513365161876,
        "week_20": 4.125962020879738,
        "week_21": 3.7199136193288975,
        "week_22": 3.289230431941429,
        "week_23": 4.42613697027047,
        "week_24": 5.570969557821137,
        "week_25": 6.316752365495414,
        "week_26": 6.238017642622469,
        "week_27": 6.036040900839905,
        "week_28": 7.739351048762247,
        "week_29": 7.168420181899251,
        "week_30": 7.419779156323168,
        "week_31": 6.6929012610955185,
        "week_32": 5.713806524378528,
        "week_33": 5.296594719367132,
        "week_34": 4.773333316317498,
        "week_35": 2.8737716412242227,
        "week_36": 1.1666667635723478,
        "week_37": 0.8319340738950591,
        "week_38": 0.16875711387529696,
        "week_39": 0.9832230880707107,
        "week_40": 0.311573664638024,
        "week_41": 0.5051120489011198,
        "week_42": 0.7464755069670339,
        "week_43": 1.7804299037540117,
        "week_44": 0.5952100582308568,
        "week_45": 2.291252996669898,
        "week_46": 1.2164508881880505,
        "week_47": 1.1576416822110644,
        "week_48": 0.001696556969591443,
        "week_49": 1.5337285893164248,
        "week_50": 0.08070100902989609,
        "week_51": 0.9290322846218998,
        "week_52": 0.003126723720118069
    },
    "MAE": {
        "week_1": 846207.6408927888,
        "week_2": 1547124.6885251477,
        "week_3": 2815150.5654060766,
        "week_4": 1097848.4885975271,
        "week_5": 4240830.309391215,
        "week_6": 2521581.4176628515,
        "week_7": 2372847.9007726014,
        "week_8": 2223132.0017309263,
        "week_9": 2072429.1305088475,
        "week_10": 1920726.8920271397,
        "week_11": 1767988.8567081317,
        "week_12": 1614106.5124191567,
        "week_13": 1458756.0110530406,
        "week_14": 1300970.5768410377,
        "week_15": 1137864.0003702417,
        "week_16": 960819.7492427342,
        "week_17": 744113.8790286332,
        "week_18": 1569331.5011975616,
        "week_19": 1269988.959801875,
        "week_20": 1352907.4026854485,
        "week_21": 1289156.0779137015,
        "week_22": 1213972.5900995657,
        "week_23": 1666324.0733817741,
        "week_24": 2151152.402566083,
        "week_25": 2454242.490493946,
        "week_26": 2438662.920408495,
        "week_27": 2371514.052785471,
        "week_28": 2968153.0382164866,
        "week_29": 2728783.0842248946,
        "week_30": 2786979.309033245,
        "week_31": 2480076.3811570555,
        "week_32": 2044392.4321980253,
        "week_33": 1856409.521308966,
        "week_34": 1645627.7589337155,
        "week_35": 980531.6311663315,
        "week_36": 387330.62383912504,
        "week_37": 267463.97618141025,
        "week_38": 53066.97051272169,
        "week_39": 290909.93165075406,
        "week_40": 89891.99958672374,
        "week_41": 138270.93811354414,
        "week_42": 200312.6041440703,
        "week_43": 463821.2185708806,
        "week_44": 156322.29724769294,
        "week_45": 580831.3973792009,
        "week_46": 295859.74748962745,
        "week_47": 264790.99381418526,
        "week_48": 375.56949691846967,
        "week_49": 299581.45690058544,
        "week_50": 13810.249079853296,
        "week_51": 149228.9972981289,
        "week_52": 432.2635509967804
    },
    "R2": 0.9815032895898244,
    "Predictions": {
        "week_1": 6922375.640892789,
        "week_2": 6111427.688525148,
        "week_3": 7850758.565406077,
        "week_4": 2758212.488597527,
        "week_5": 10733962.309391215,
        "week_6": 5537645.4176628515,
        "week_7": 5186074.900772601,
        "week_8": 5155645.001730926,
        "week_9": 5508454.130508848,
        "week_10": 6857391.89202714,
        "week_11": 9474754.856708132,
        "week_12": 12678316.512419157,
        "week_13": 16046170.01105304,
        "week_14": 18771812.576841038,
        "week_15": 21490893.00037024,
        "week_16": 23558309.749242734,
        "week_17": 27318560.879028633,
        "week_18": 23502289.50119756,
        "week_19": 30907079.959801875,
        "week_20": 34143015.40268545,
        "week_21": 35944694.0779137,
        "week_22": 38121468.590099566,
        "week_23": 39313692.073381774,
        "week_24": 40764761.40256608,
        "week_25": 41307158.490493946,
        "week_26": 41532218.920408495,
        "week_27": 41660745.05278547,
        "week_28": 41319599.03821649,
        "week_29": 40795512.084224895,
        "week_30": 40348465.309033245,
        "week_31": 39535402.381157055,
        "week_32": 37824260.432198025,
        "week_33": 36905523.521308966,
        "week_34": 36121069.758933716,
        "week_35": 35100557.63116633,
        "week_36": 33587095.623839125,
        "week_37": 32417123.97618141,
        "week_38": 31392701.02948728,
        "week_39": 29296468.068349246,
        "week_40": 28940853.999586724,
        "week_41": 27512580.938113544,
        "week_42": 27034763.60414407,
        "week_43": 26514901.21857088,
        "week_44": 26419705.297247693,
        "week_45": 25930777.3973792,
        "week_46": 24617412.747489627,
        "week_47": 23138102.993814185,
        "week_48": 22137533.56949692,
        "week_49": 19832467.456900585,
        "week_50": 17099047.750920147,
        "week_51": 15913614.002701871,
        "week_52": 13824375.736449003
    },
    "Execution Time": 20.710955381393433
}