{
    "MAPE": {
        "week_1": 6.182411828124105,
        "week_2": 10.057528687945677,
        "week_3": 2.968182465561771,
        "week_4": 0.813805581942262,
        "week_5": 0.7619177627629522,
        "week_6": 2.8686729840590117,
        "week_7": 1.6832075912324644,
        "week_8": 12.045829141679597,
        "week_9": 2.5468070124142534,
        "week_10": 21.04596863192022,
        "week_11": 1.6718975751373018,
        "week_12": 4.487355691948287,
        "week_13": 3.476938592497511,
        "week_14": 3.2981266961714986,
        "week_15": 0.7018322763417485,
        "week_16": 0.7736080380420911,
        "week_17": 8.939230037074992,
        "week_18": 0.09600189649116125,
        "week_19": 0.7637543157748996,
        "week_20": 0.010191422943613433,
        "week_21": 0.7033742443102714,
        "week_22": 15.263658820746048,
        "week_23": 0.8398218397999294,
        "week_24": 6.201029191153257,
        "week_25": 105.59028973926881,
        "week_26": 6.6401683167454815,
        "week_27": 0.5433959283902791,
        "week_28": 1.1690181880798183,
        "week_29": 0.18300210878581089,
        "week_30": 6.838478957327386,
        "week_31": 4.29052731219499,
        "week_32": 1.4914808435007232,
        "week_33": 11.453102984715995,
        "week_34": 2.3885685634964973,
        "week_35": 2.50181588490085,
        "week_36": 1.2816093499275762,
        "week_37": 4.701918922042195,
        "week_38": 5.174457029619232,
        "week_39": 156.64414757867883,
        "week_40": 7.232871620188814,
        "week_41": 6.621149980773709,
        "week_42": 5.652258986462594,
        "week_43": 11.184470685323273,
        "week_44": 3.27060709223748,
        "week_45": 1.1781155573771,
        "week_46": 3.256537483718248,
        "week_47": 2.9318997384760603,
        "week_48": 4.2730791821011405,
        "week_49": 1.9905708778065325,
        "week_50": 16.535693632963003,
        "week_51": 0.1455969359050854,
        "week_52": 0.4266959556695533
    },
    "MAE": {
        "week_1": 1679385.03211746,
        "week_2": 1114113.4874807894,
        "week_3": 537230.2814461552,
        "week_4": 139136.1124791056,
        "week_5": 91057.38612365536,
        "week_6": 769792.6462575532,
        "week_7": 440656.7789052315,
        "week_8": 1394575.0315553527,
        "week_9": 417387.82226950116,
        "week_10": 898151.654004924,
        "week_11": 380839.7095531933,
        "week_12": 1004847.2329264544,
        "week_13": 720867.7675869018,
        "week_14": 968547.2785826959,
        "week_15": 208491.15970775485,
        "week_16": 18762.632925930433,
        "week_17": 645918.9948430154,
        "week_18": 22446.940713163465,
        "week_19": 236634.1524074003,
        "week_20": 2789.831709995866,
        "week_21": 191031.34529139847,
        "week_22": 1337607.3873580843,
        "week_23": 185912.68759501725,
        "week_24": 1217853.794439096,
        "week_25": 1753972.973693763,
        "week_26": 225035.3042545044,
        "week_27": 184817.9756179452,
        "week_28": 361872.7481593974,
        "week_29": 71101.65560477972,
        "week_30": 1276244.812369138,
        "week_31": 893427.6146841012,
        "week_32": 391847.2463651635,
        "week_33": 1308554.2385885026,
        "week_34": 820254.7953088582,
        "week_35": 737479.0570295192,
        "week_36": 482492.18828964233,
        "week_37": 1234882.9748454131,
        "week_38": 1368719.741874341,
        "week_39": 2567162.6125931777,
        "week_40": 276781.3108917922,
        "week_41": 1759533.9924312197,
        "week_42": 1693017.9124275185,
        "week_43": 1004081.1582972091,
        "week_44": 1207099.1817432642,
        "week_45": 437207.8019570559,
        "week_46": 553772.5708375461,
        "week_47": 758702.7946091034,
        "week_48": 483517.4546183944,
        "week_49": 390125.377645988,
        "week_50": 1053918.3079627845,
        "week_51": 40012.04140055552,
        "week_52": 82928.12003464252
    },
    "MAE2": {
        "week_1": 1679385.03211746,
        "week_2": 1114113.4874807894,
        "week_3": 537230.2814461552,
        "week_4": 139136.1124791056,
        "week_5": 91057.38612365536,
        "week_6": 769792.6462575532,
        "week_7": 440656.7789052315,
        "week_8": 1394575.0315553527,
        "week_9": 417387.82226950116,
        "week_10": 898151.654004924,
        "week_11": 380839.7095531933,
        "week_12": 1004847.2329264544,
        "week_13": 720867.7675869018,
        "week_14": 968547.2785826959,
        "week_15": 208491.15970775485,
        "week_16": 18762.632925930433,
        "week_17": 645918.9948430154,
        "week_18": 22446.940713163465,
        "week_19": 236634.1524074003,
        "week_20": 2789.831709995866,
        "week_21": 191031.34529139847,
        "week_22": 1337607.3873580843,
        "week_23": 185912.68759501725,
        "week_24": 1217853.794439096,
        "week_25": 1753972.973693763,
        "week_26": 225035.3042545044,
        "week_27": 184817.9756179452,
        "week_28": 361872.7481593974,
        "week_29": 71101.65560477972,
        "week_30": 1276244.812369138,
        "week_31": 893427.6146841012,
        "week_32": 391847.2463651635,
        "week_33": 1308554.2385885026,
        "week_34": 820254.7953088582,
        "week_35": 737479.0570295192,
        "week_36": 482492.18828964233,
        "week_37": 1234882.9748454131,
        "week_38": 1368719.741874341,
        "week_39": 2567162.6125931777,
        "week_40": 276781.3108917922,
        "week_41": 1759533.9924312197,
        "week_42": 1693017.9124275185,
        "week_43": 1004081.1582972091,
        "week_44": 1207099.1817432642,
        "week_45": 437207.8019570559,
        "week_46": 553772.5708375461,
        "week_47": 758702.7946091034,
        "week_48": 483517.4546183944,
        "week_49": 390125.377645988,
        "week_50": 1053918.3079627845,
        "week_51": 40012.04140055552,
        "week_52": 82928.12003464252
    },
    "ME": {
        "week_1": 1679385.03211746,
        "week_2": -1114113.4874807894,
        "week_3": -537230.2814461552,
        "week_4": 139136.1124791056,
        "week_5": -91057.38612365536,
        "week_6": 769792.6462575532,
        "week_7": -440656.7789052315,
        "week_8": -1394575.0315553527,
        "week_9": 417387.82226950116,
        "week_10": -898151.654004924,
        "week_11": 380839.7095531933,
        "week_12": -1004847.2329264544,
        "week_13": -720867.7675869018,
        "week_14": 968547.2785826959,
        "week_15": -208491.15970775485,
        "week_16": -18762.632925930433,
        "week_17": -645918.9948430154,
        "week_18": 22446.940713163465,
        "week_19": 236634.1524074003,
        "week_20": 2789.831709995866,
        "week_21": 191031.34529139847,
        "week_22": -1337607.3873580843,
        "week_23": 185912.68759501725,
        "week_24": -1217853.794439096,
        "week_25": -1753972.973693763,
        "week_26": -225035.3042545044,
        "week_27": 184817.9756179452,
        "week_28": -361872.7481593974,
        "week_29": -71101.65560477972,
        "week_30": -1276244.812369138,
        "week_31": -893427.6146841012,
        "week_32": -391847.2463651635,
        "week_33": -1308554.2385885026,
        "week_34": -820254.7953088582,
        "week_35": -737479.0570295192,
        "week_36": -482492.18828964233,
        "week_37": 1234882.9748454131,
        "week_38": -1368719.741874341,
        "week_39": -2567162.6125931777,
        "week_40": 276781.3108917922,
        "week_41": 1759533.9924312197,
        "week_42": 1693017.9124275185,
        "week_43": -1004081.1582972091,
        "week_44": -1207099.1817432642,
        "week_45": 437207.8019570559,