{
    "MAPE": {
        "week_1": 1.46813137610587,
        "week_2": 1.9069270850499087,
        "week_3": 1.6740204893306232,
        "week_4": 0.3321697642104833,
        "week_5": 0.8385633294501328,
        "week_6": 1.6598523576604611,
        "week_7": 3.5443035564313212,
        "week_8": 12.574198135241238,
        "week_9": 2.0873254672991672,
        "week_10": 11.993068516744312,
        "week_11": 0.9316192305418367,
        "week_12": 0.02061288059977893,
        "week_13": 25.12996317779585,
        "week_14": 3.7688933478372997,
        "week_15": 9.606615038614482,
        "week_16": 2.4409981913761682,
        "week_17": 8.74181650058035,
        "week_18": 5.2877775284849475,
        "week_19": 2.6537872851055777,
        "week_20": 11.681403218446613,
        "week_21": 19.35634867924085,
        "week_22": 8.477443242275893,
        "week_23": 7.024449304360695,
        "week_24": 0.6489637563184295,
        "week_25": 23.163460241102634,
        "week_26": 2.0079818246977306,
        "week_27": 28.3649317392036,
        "week_28": 1.770076169520742,
        "week_29": 3.4338752672270036,
        "week_30": 1.5205338327494733,
        "week_31": 0.8957007399234067,
        "week_32": 0.0422234731817644,
        "week_33": 2.8664269838758782,
        "week_34": 5.061108705872934,
        "week_35": 2.8415676266085237,
        "week_36": 15.08837123407638,
        "week_37": 2.0717960224454783,
        "week_38": 4.863885669696627,
        "week_39": 4.977516534297567,
        "week_40": 1.2033069905084732,
        "week_41": 12.454106947206187,
        "week_42": 23.231932102917423,
        "week_43": 0.20488685008855423,
        "week_44": 3.6317421781174386,
        "week_45": 0.9240608772493935,
        "week_46": 1.1079620195414117,
        "week_47": 0.0014061372426943898,
        "week_48": 0.6767831341855148,
        "week_49": 6.453298119660267,
        "week_50": 2.4988670411044267,
        "week_51": 14.060880875566712,
        "week_52": 1.3426038941903207
    },
    "MAE": {
        "week_1": 411089.4259207919,
        "week_2": 476453.6268778518,
        "week_3": 436198.9162575044,
        "week_4": 91031.13384697586,
        "week_5": 269145.5210180469,
        "week_6": 51444.899623526726,
        "week_7": 1142347.2539580949,
        "week_8": 655237.566825999,
        "week_9": 67186.76952166157,
        "week_10": 1134473.8823718186,
        "week_11": 188313.56119618937,
        "week_12": 7540.743736341596,
        "week_13": 1734464.7812392022,
        "week_14": 1019592.9886725359,
        "week_15": 1437298.512309825,
        "week_16": 725139.8388476707,
        "week_17": 1256114.3229315057,
        "week_18": 155723.35612507258,
        "week_19": 521191.6949868426,
        "week_20": 1190881.7944443654,
        "week_21": 4656593.191700488,
        "week_22": 2658814.17952466,
        "week_23": 928769.1045534257,
        "week_24": 110588.49248359725,
        "week_25": 1009794.3715194957,
        "week_26": 590677.5317062065,
        "week_27": 823905.6772039034,
        "week_28": 242864.38058555685,
        "week_29": 853880.1979646608,
        "week_30": 354089.5722359754,
        "week_31": 340963.97331763804,
        "week_32": 11445.789216782898,
        "week_33": 694332.6304696351,
        "week_34": 906532.6831244119,
        "week_35": 470166.51830622926,
        "week_36": 751308.9992761882,
        "week_37": 529773.3048963919,
        "week_38": 1246937.0050682835,
        "week_39": 1351857.4037203453,
        "week_40": 354454.9875297658,
        "week_41": 1816732.140391728,
        "week_42": 941868.7589971572,
        "week_43": 35923.40354902297,
        "week_44": 916478.0921633057,
        "week_45": 189709.67961808294,
        "week_46": 268042.2490676902,
        "week_47": 377.3292093835771,
        "week_48": 207816.61613361537,
        "week_49": 1048424.9473325573,
        "week_50": 765040.2141619287,
        "week_51": 2861435.237258289,
        "week_52": 415075.9962879494
    },
    "MAE2": {
        "week_1": 411089.4259207919,
        "week_2": 476453.6268778518,
        "week_3": 436198.9162575044,
        "week_4": 91031.13384697586,
        "week_5": 269145.5210180469,
        "week_6": 51444.899623526726,
        "week_7": 1142347.2539580949,
        "week_8": 655237.566825999,
        "week_9": 67186.76952166157,
        "week_10": 1134473.8823718186,
        "week_11": 188313.56119618937,
        "week_12": 7540.743736341596,
        "week_13": 1734464.7812392022,
        "week_14": 1019592.9886725359,
        "week_15": 1437298.512309825,
        "week_16": 725139.8388476707,
        "week_17": 1256114.3229315057,
        "week_18": 155723.35612507258,
        "week_19": 521191.6949868426,
        "week_20": 1190881.7944443654,
        "week_21": 4656593.191700488,
        "week_22": 2658814.17952466,
        "week_23": 928769.1045534257,
        "week_24": 110588.49248359725,
        "week_25": 1009794.3715194957,
        "week_26": 590677.5317062065,
        "week_27": 823905.6772039034,
        "week_28": 242864.38058555685,
        "week_29": 853880.1979646608,
        "week_30": 354089.5722359754,
        "week_31": 340963.97331763804,
        "week_32": 11445.789216782898,
        "week_33": 694332.6304696351,
        "week_34": 906532.6831244119,
        "week_35": 470166.51830622926,
        "week_36": 751308.9992761882,
        "week_37": 529773.3048963919,
        "week_38": 1246937.0050682835,
        "week_39": 1351857.4037203453,
        "week_40": 354454.9875297658,
        "week_41": 1816732.140391728,
        "week_42": 941868.7589971572,
        "week_43": 35923.40354902297,
        "week_44": 916478.0921633057,
        "week_45": 189709.67961808294,
        "week_46": 268042.2490676902,
        "week_47": 377.3292093835771,
        "week_48": 207816.61613361537,
        "week_49": 1048424.9473325573,
        "week_50": 765040.2141619287,
        "week_51": 2861435.237258289,
        "week_52": 415075.9962879494
    },
    "ME": {
        "week_1": -411089.4259207919,
        "week_2": -476453.6268778518,
        "week_3": 436198.9162575044,
        "week_4": -91031.13384697586,
        "week_5": -269145.5210180469,
        "week_6": -51444.899623526726,
        "week_7": -1142347.2539580949,
        "week_8": 655237.566825999,
        "week_9": 67186.76952166157,
        "week_10": -1134473.8823718186,
        "week_11": -188313.56119618937,
        "week_12": -7540.743736341596,
        "week_13": -1734464.7812392022,
        "week_14": -1019592.9886725359,
        "week_15": 1437298.512309825,
        "week_16": 725139.8388476707,
        "week_17": 1256114.3229315057,
        "week_18": -155723.35612507258,
        "week_19": 521191.6949868426,
        "week_20": 1190881.7944443654,
        "week_21": 4656593.191700488,
        "week_22": 2658814.17952466,
        "week_23": -928769.1045534257,
        "week_24": -110588.49248359725,
        "week_25": -1009794.3715194957,
        "week_26": -590677.5317062065,
        "week_27": -823905.6772039034,
        "week_28": -242864.38058555685,
        "week_29": -853880.1979646608,
        "week_30": -354089.5722359754,
        "week_31": 340963.97331763804,
        "week_32": -11445.789216782898,
        "week_33": -694332.6304696351,
        "week_34": -906532.6831244119,
        "week_35": -470166.51830622926,
        "week_36": 751308.9992761882,
        "week_37": -529773.3048963919,
        "week_38": 1246937.0050682835,
        "week_39": 1351857.4037203453,
        "week_40": -354454.9875297658,
        "week_41": 1816732.140391728,
        "week_42": -941868.7589971572,
        "week_43": -35923.40354902297,
        "week_44": -916478.0921633057,