{
    "MAPE": {
        "week_1": 0.31526212817149774,
        "week_2": 0.3856215349269455,
        "week_3": 0.38765010900553415,
        "week_4": 0.10205631914646626,
        "week_5": 0.6191326018000527,
        "week_6": 0.016465697523313606,
        "week_7": 0.12600049024526866,
        "week_8": 0.1930519397074198,
        "week_9": 0.32133250139890207,
        "week_10": 0.3789821837434255,
        "week_11": 0.325688040884477,
        "week_12": 0.29293723914614717,
        "week_13": 0.2665315585110898,
        "week_14": 0.2681814120586414,
        "week_15": 0.2060961725761052,
        "week_16": 0.24848690474341573,
        "week_17": 0.14726496593160393,
        "week_18": 0.36807590456392225,
        "week_19": 0.18409593484900647,
        "week_20": 0.1428550366916436,
        "week_21": 0.12414374090686146,
        "week_22": 0.0886758551953618,
        "week_23": 0.08074834025628282,
        "week_24": 0.0643363590495709,
        "week_25": 0.0498356913818177,
        "week_26": 0.01816537744679111,
        "week_27": 0.00482442811033582,
        "week_28": 7.196081702225826e-05,
        "week_29": 0.002227574389539752,
        "week_30": 0.017391478405000212,
        "week_31": 0.021561836450698365,
        "week_32": 0.018332848072318407,
        "week_33": 0.0008014323500950729,
        "week_34": 0.027922060206687953,
        "week_35": 0.024312421054527633,
        "week_36": 0.030072464869781476,
        "week_37": 0.016422365992620286,
        "week_38": 0.01134765787315807,
        "week_39": 0.02337447913090768,
        "week_40": 0.020564938317338466,
        "week_41": 0.02078061438005337,
        "week_42": 0.00901639550762511,
        "week_43": 0.027883609889637496,
        "week_44": 0.08423637915659339,
        "week_45": 0.11239427514610996,
        "week_46": 0.09387762683650192,
        "week_47": 0.13502600902450726,
        "week_48": 0.23519834285852664,
        "week_49": 0.15247090898170254,
        "week_50": 0.17786120160597368,
        "week_51": 0.2598552301366152,
        "week_52": 0.7882718780155274
    },
    "MAE": {
        "week_1": 3772077.0,
        "week_2": 3813775.0,
        "week_3": 2889447.0,
        "week_4": 572325.0,
        "week_5": 2699064.0,
        "week_6": 50493.0,
        "week_7": 405570.0,
        "week_8": 701566.0000000005,
        "week_9": 1626874.0,
        "week_10": 3012648.000000001,
        "week_11": 3722314.999999999,
        "week_12": 4583920.0,
        "week_13": 5300850.0,
        "week_14": 6402345.0,
        "week_15": 5283614.0,
        "week_16": 7471833.0,
        "week_17": 4589333.0,
        "week_18": 12775258.0,
        "week_19": 6687144.0,
        "week_20": 5464924.0,
        "week_21": 4912071.0,
        "week_22": 3591262.0,
        "week_23": 3306997.0,
        "week_24": 2655077.0,
        "week_25": 2037818.0,
        "week_26": 723288.0,
        "week_27": 188638.0,
        "week_28": 2760.0,
        "week_29": 84608.0,
        "week_30": 642083.0,
        "week_31": 782117.0,
        "week_32": 644138.0,
        "week_33": 28067.0,
        "week_34": 936477.0,
        "week_35": 809851.0,
        "week_36": 969251.0,
        "week_37": 519443.0,
        "week_38": 352832.0,
        "week_39": 708141.9999999963,
        "week_40": 605776.0,
        "week_41": 580927.0,
        "week_42": 239788.00000000373,
        "week_43": 706693.0,
        "week_44": 2040452.0,
        "week_45": 2561311.9999999963,
        "week_46": 2087299.0,
        "week_47": 2721076.0,
        "week_48": 4215212.0,
        "week_49": 2584184.0,
        "week_50": 2584102.0,
        "week_51": 3313090.0,
        "week_52": 6093988.0
    },
    "MAE2": {
        "week_1": 3772077.0,
        "week_2": 3813775.0,
        "week_3": 2889447.0,
        "week_4": 572325.0,
        "week_5": 2699064.0,
        "week_6": 50493.0,
        "week_7": 405570.0,
        "week_8": 701566.0000000005,
        "week_9": 1626874.0,
        "week_10": 3012648.000000001,
        "week_11": 3722314.999999999,
        "week_12": 4583920.0,
        "week_13": 5300850.0,
        "week_14": 6402345.0,
        "week_15": 5283614.0,
        "week_16": 7471833.0,
        "week_17": 4589333.0,
        "week_18": 12775258.0,
        "week_19": 6687144.0,
        "week_20": 5464924.0,
        "week_21": 4912071.0,
        "week_22": 3591262.0,
        "week_23": 3306997.0,
        "week_24": 2655077.0,
        "week_25": 2037818.0,
        "week_26": 723288.0,
        "week_27": 188638.0,
        "week_28": 2760.0,
        "week_29": 84608.0,
        "week_30": 642083.0,
        "week_31": 782117.0,
        "week_32": 644138.0,
        "week_33": 28067.0,
        "week_34": 936477.0,
        "week_35": 809851.0,
        "week_36": 969251.0,
        "week_37": 519443.0,
        "week_38": 352832.0,
        "week_39": 708141.9999999963,
        "week_40": 605776.0,
        "week_41": 580927.0,
        "week_42": 239788.00000000373,
        "week_43": 706693.0,
        "week_44": 2040452.0,
        "week_45": 2561311.9999999963,
        "week_46": 2087299.0,
        "week_47": 2721076.0,
        "week_48": 4215212.0,
        "week_49": 2584184.0,
        "week_50": 2584102.0,
        "week_51": 3313090.0,
        "week_52": 6093988.0
    },
    "ME": {
        "week_1": 3772077.0,
        "week_2": 3813775.0,
        "week_3": 2889447.0,
        "week_4": 572325.0,
        "week_5": 2699064.0,
        "week_6": 50493.0,
        "week_7": 405570.0,
        "week_8": 701566.0000000005,
        "week_9": 1626874.0,
        "week_10": 3012648.000000001,
        "week_11": 3722314.999999999,
        "week_12": 4583920.0,
        "week_13": 5300850.0,
        "week_14": 6402345.0,
        "week_15": 5283614.0,
        "week_16": 7471833.0,
        "week_17": 4589333.0,
        "week_18": 12775258.0,
        "week_19": 6687144.0,
        "week_20": 5464924.0,
        "week_21": 4912071.0,
        "week_22": 3591262.0,
        "week_23": 3306997.0,
        "week_24": 2655077.0,
        "week_25": 2037818.0,
        "week_26": 723288.0,
        "week_27": -188638.0,
        "week_28": 2760.0,
        "week_29": -84608.0,
        "week_30": -642083.0,
        "week_31": -782117.0,
        "week_32": -644138.0,
        "week_33": -28067.0,
        "week_34": -936477.0,
        "week_35": -809851.0,
        "week_36": -969251.0,
        "week_37": -519443.0,
        "week_38": -352832.0,
        "week_39": 708141.9999999963,
        "week_40": 605776.0,
        "week_41": 580927.0,
        "week_42": -239788.00000000373,
        "week_43": -706693.0,
        "week_44": -2040452.0,
        "week_45": -2561311.9999999963,
        "week_46": -2087299.0,
        "week_47": -2721076.0,
        "week_48": -4215212.0,
        "week_49": -2584184.0,
        "week_50": -2584102.0,
        "week_51": -3313090.0,
        "week_52": -6093988.0
    },
    "MSE": {
        "week_1": 3772077.0,
        "week_2": 3813775.0,
        "week_3": 2889447.0,
        "week_4": 572325.0,
        "week_5": 2699064.0,
        "week_6": 50493.0,
        "week_7": 405570.0,
        "week_8": 701566.0000000005,
        "week_9": 1626874.0,
        "week_10": 3012648.000000001,
        "week_11": 3722314.999999999,
        "week_12": 4583920.0,
        "week_13": 5300850.0,
        "week_14": 6402345.0,
        "week_15": 5283614.0,
        "week_16": 7471833.0,
        "week_17": 4589333.0,
        "week_18": 12775258.0,
        "week_19": 6687144.0,
        "week_20": 5464924.0,
        "week_21": 4912071.0,
        "week_22": 3591262.0,
        "week_23": 3306997.0,
        "week_24": 2655077.0,
        "week_25": 2037818.0,
        "week_26": 723288.0,
        "week_27": 188638.0,