{
    "Predictions": {
        "week_1": 9258120.0,
        "week_2": 6661699.0,
        "week_3": 4950498.0,
        "week_4": 4054199.0,
        "week_5": 4054199.0,
        "week_6": 2709634.9999999995,
        "week_7": 3061505.0,
        "week_8": 2904663.0,
        "week_9": 3001913.0,
        "week_10": 3276616.0,
        "week_11": 4494428.0,
        "week_12": 7089561.999999999,
        "week_13": 10535684.0,
        "week_14": 15225036.999999998,
        "week_15": 18014343.0,
        "week_16": 20732830.0,
        "week_17": 22891403.0,
        "week_18": 28143183.0,
        "week_19": 30409329.0,
        "week_20": 32858653.0,
        "week_21": 34340852.0,
        "week_22": 36681928.0,
        "week_23": 36854857.0,
        "week_24": 38015236.0,
        "week_25": 38740717.0,
        "week_26": 38639736.0,
        "week_27": 38936167.0,
        "week_28": 37348964.0,
        "week_29": 37110774.0,
        "week_30": 36268888.0,
        "week_31": 35630777.0,
        "week_32": 34839718.0,
        "week_33": 34693462.0,
        "week_34": 33939645.0,
        "week_35": 33101275.0,
        "week_36": 32207936.0,
        "week_37": 31667477.0,
        "week_38": 30596903.0,
        "week_39": 29457143.0,
        "week_40": 28713571.0,
        "week_41": 27481376.0,
        "week_42": 27107645.0,
        "week_43": 26490008.000000004,
        "week_44": 25992396.0,
        "week_45": 23942281.0,
        "week_46": 22749894.0,
        "week_47": 20827143.999999996,
        "week_48": 20020646.999999996,
        "week_49": 18492195.0,
        "week_50": 16352203.000000002,
        "week_51": 14166017.0,
        "week_52": 12611269.0
    },
    "Execution Time": 0.04157853126525879,
    "MAE": {
        "week_1": 3181952.0,
        "week_2": 2097396.0,
        "week_3": 85110.0,
        "week_4": 2393835.0,
        "week_5": 2438933.0,
        "week_6": 306429.00000000047,
        "week_7": 248278.0,
        "week_8": 27850.0,
        "week_9": 434112.0,
        "week_10": 1660049.0,
        "week_11": 3212338.0,
        "week_12": 3974648.000000001,
        "week_13": 4051730.0,
        "week_14": 2245805.000000002,
        "week_15": 2338686.0,
        "week_16": 1864660.0,
        "week_17": 3683044.0,
        "week_18": 6210225.0,
        "week_19": 772238.0,
        "week_20": 68545.0,
        "week_21": 314686.0,
        "week_22": 225568.0,
        "week_23": 792511.0,
        "week_24": 598373.0,
        "week_25": 112199.0,
        "week_26": 453820.0,
        "week_27": 353064.0,
        "week_28": 1002482.0,
        "week_29": 955955.0,
        "week_30": 1292598.0,
        "week_31": 1424549.0,
        "week_32": 940150.0,
        "week_33": 355652.0,
        "week_34": 535797.0,
        "week_35": 1018751.0,
        "week_36": 991829.0,
        "week_37": 482183.0,
        "week_38": 848865.0,
        "week_39": 130235.0,
        "week_40": 137391.0,
        "week_41": 107066.0,
        "week_42": 273194.0,
        "week_43": 438928.0000000037,
        "week_44": 270987.0,
        "week_45": 1407665.0,
        "week_46": 1571659.0,
        "week_47": 2046168.0000000037,
        "week_48": 2116511.0000000037,
        "week_49": 1040691.0,
        "week_50": 760654.9999999981,
        "week_51": 1896826.0,
        "week_52": 1213539.0
    },
    "MAE2": {
        "week_1": 3181952.0,
        "week_2": 2097396.0,
        "week_3": 85110.0,
        "week_4": 2393835.0,
        "week_5": 2438933.0,
        "week_6": 306429.00000000047,
        "week_7": 248278.0,
        "week_8": 27850.0,
        "week_9": 434112.0,
        "week_10": 1660049.0,
        "week_11": 3212338.0,
        "week_12": 3974648.000000001,
        "week_13": 4051730.0,
        "week_14": 2245805.000000002,
        "week_15": 2338686.0,
        "week_16": 1864660.0,
        "week_17": 3683044.0,
        "week_18": 6210225.0,
        "week_19": 772238.0,
        "week_20": 68545.0,
        "week_21": 314686.0,
        "week_22": 225568.0,
        "week_23": 792511.0,
        "week_24": 598373.0,
        "week_25": 112199.0,
        "week_26": 453820.0,
        "week_27": 353064.0,
        "week_28": 1002482.0,
        "week_29": 955955.0,
        "week_30": 1292598.0,
        "week_31": 1424549.0,
        "week_32": 940150.0,
        "week_33": 355652.0,
        "week_34": 535797.0,
        "week_35": 1018751.0,
        "week_36": 991829.0,
        "week_37": 482183.0,
        "week_38": 848865.0,
        "week_39": 130235.0,
        "week_40": 137391.0,
        "week_41": 107066.0,
        "week_42": 273194.0,
        "week_43": 438928.0000000037,
        "week_44": 270987.0,
        "week_45": 1407665.0,
        "week_46": 1571659.0,
        "week_47": 2046168.0000000037,
        "week_48": 2116511.0000000037,
        "week_49": 1040691.0,
        "week_50": 760654.9999999981,
        "week_51": 1896826.0,
        "week_52": 1213539.0
    },
    "MAPE": {
        "week_1": 0.5236774230073955,
        "week_2": 0.459521639996293,
        "week_3": 0.01690163332809067,
        "week_4": 1.4417531336502116,
        "week_5": 0.375617344603498,
        "week_6": 0.10159897137461289,
        "week_7": 0.0882538095930403,
        "week_8": 0.009496974096960525,
        "week_9": 0.1263413391928173,
        "week_10": 0.33626932352104105,
        "week_11": 0.41682049253863424,
        "week_12": 0.3592346855310954,
        "week_13": 0.2777551936210215,
        "week_14": 0.1285458937811928,
        "week_15": 0.1149060417493632,
        "week_16": 0.08251624406073418,
        "week_17": 0.13859343902810095,
        "week_18": 0.2831458027686006,
        "week_19": 0.026056470926920594,
        "week_20": 0.002090417024548989,
        "week_21": 0.0090803957508898,
        "week_22": 0.0061117123740933275,
        "week_23": 0.021050900556979175,
        "week_24": 0.015496427697291905,
        "week_25": 0.0028877883966289685,
        "week_26": 0.011608562802524282,
        "week_27": 0.00898627921732548,
        "week_28": 0.026139353389700092,
        "week_29": 0.025112612118577356,
        "week_30": 0.03441285576401317,
        "week_31": 0.03844383935523871,
        "week_32": 0.026275949369069778,
        "week_33": 0.010147246518128818,
        "week_34": 0.01554141060758554,
        "week_35": 0.029857861186858417,
        "week_36": 0.0298745789315075,
        "week_37": 0.014998074629716146,
        "week_38": 0.02699457046175498,
        "week_39": 0.004401708052670298,
        "week_40": 0.00476209424143292,
        "week_41": 0.003911185341292621,
        "week_42": 0.010180718808072503,
        "week_43": 0.016848744850501543,
        "week_44": 0.010318053847061515,
        "week_45": 0.05552930960878576,
        "week_46": 0.06462001007912611,
        "week_47": 0.08945656842349738,
        "week_48": 0.09560897564176954,
        "week_49": 0.05327891638747085,
        "week_50": 0.04444932576428778,
        "week_51": 0.11808781297308328,
        "week_52": 0.08777980858757677
    },
    "ME": {
        "week_1": -3181952.0,
        "week_2": -2097396.0,
        "week_3": 85110.0,
        "week_4": -2393835.0,
        "week_5": 2438933.0,
        "week_6": 306429.00000000047,
        "week_7": -248278.0,
        "week_8": 27850.0,
        "week_9": 434112.0,
        "week_10": 1660049.0,
        "week_11": 3212338.0,
        "week_12": 3974648.000000001,
        "week_13": 4051730.0,
        "week_14": 2245805.000000002,
        "week_15": 2338686.0,
        "week_16": 1864660.0,
        "week_17": 3683044.0,
        "week_18": -6210225.0,
        "week_19": -772238.0,
        "week_20": -68545.0,
        "week_21": 314686.0,
        "week_22": 225568.0,
        "week_23": 792511.0,