{
    "MAPE": {
        "week_1": 7.5930395299022315,
        "week_2": 9.124456627492181,
        "week_3": 7.810885949894235,
        "week_4": 10.816327328060705,
        "week_5": 12.485857124926609,
        "week_6": 15.415902749819727,
        "week_7": 15.760621782624831,
        "week_8": 14.994376057502956,
        "week_9": 13.527845020609883,
        "week_10": 18.612200185726095,
        "week_11": 15.392231243759483,
        "week_12": 21.48353883609947,
        "week_13": 17.97186437732061,
        "week_14": 15.090074507595249,
        "week_15": 16.74543384899679,
        "week_16": 16.813884810161483,
        "week_17": 18.0951403592727,
        "week_18": 20.592305183041244,
        "week_19": 16.203608559964838,
        "week_20": 16.014976924857464,
        "week_21": 17.35287436534378,
        "week_22": 16.33750226524173,
        "week_23": 17.511729385075284,
        "week_24": 18.078917298165177,
        "week_25": 16.01949090443035,
        "week_26": 15.683435598169948,
        "week_27": 12.49224930839868,
        "week_28": 13.640471933370685,
        "week_29": 16.44430513019684,
        "week_30": 20.564012658606657,
        "week_31": 18.276250751392567,
        "week_32": 15.603039548453296,
        "week_33": 14.088177586247491,
        "week_34": 12.780311059460123,
        "week_35": 12.61242612451452,
        "week_36": 13.256497332900402,
        "week_37": 16.355315420832405,
        "week_38": 11.901720116836078,
        "week_39": 14.735503791427467,
        "week_40": 16.795074803851403,
        "week_41": 15.094036085160106,
        "week_42": 14.207998318999419,
        "week_43": 14.099434820510965,
        "week_44": 14.524191217779633,
        "week_45": 17.025193484910314,
        "week_46": 14.108326601272534,
        "week_47": 13.159406204986862,
        "week_48": 14.817358524021232,
        "week_49": 19.606947495893166,
        "week_50": 14.30764810326964,
        "week_51": 16.387852406230277,
        "week_52": 14.414419973738887
    },
    "MAE": {
        "week_1": 1197365.8934426229,
        "week_2": 1387138.8852459015,
        "week_3": 1236701.4344262294,
        "week_4": 1690567.0819672132,
        "week_5": 1851212.024590164,
        "week_6": 1691616.3278688525,
        "week_7": 1548818.8196721312,
        "week_8": 1336267.213114754,
        "week_9": 1298471.475409836,
        "week_10": 1733553.5327868853,
        "week_11": 1679679.7459016393,
        "week_12": 1679578.3196721312,
        "week_13": 1963448.0163934426,
        "week_14": 1783478.786885246,
        "week_15": 1976396.6639344261,
        "week_16": 2065873.450819672,
        "week_17": 2259522.1393442624,
        "week_18": 2285701.4426229508,
        "week_19": 2481119.344262295,
        "week_20": 2435024.3524590163,
        "week_21": 2505404.5081967213,
        "week_22": 2376904.1721311477,
        "week_23": 2648364.0081967213,
        "week_24": 2589115.7868852457,
        "week_25": 2662988.081967213,
        "week_26": 2509769.1475409837,
        "week_27": 2124736.229508197,
        "week_28": 2045315.8032786886,
        "week_29": 2333695.2377049183,
        "week_30": 2375290.204918033,
        "week_31": 2226697.7786885244,
        "week_32": 2011206.4262295081,
        "week_33": 1659082.713114754,
        "week_34": 1569232.524590164,
        "week_35": 1303169.024590164,
        "week_36": 1418059.1557377048,
        "week_37": 1690638.6721311475,
        "week_38": 1575044.8852459015,
        "week_39": 1871328.8770491802,
        "week_40": 2010670.9262295081,
        "week_41": 1979723.0655737706,
        "week_42": 1892125.5819672132,
        "week_43": 1996287.8278688525,
        "week_44": 2093640.5819672132,
        "week_45": 2085239.4098360655,
        "week_46": 2105483.1475409837,
        "week_47": 2089753.3934426229,
        "week_48": 2452010.9672131147,
        "week_49": 2566517.475409836,
        "week_50": 2309222.2622950817,
        "week_51": 2504531.6721311477,
        "week_52": 2470650.6475409837
    },
    "R2": {
        "week_1": 0.9454676915044528,
        "week_2": 0.9649192754590953,
        "week_3": 0.9733006984095113,
        "week_4": 0.9569692597350383,
        "week_5": 0.9253636231678346,
        "week_6": 0.9605517010497103,
        "week_7": 0.9691455206298507,
        "week_8": 0.976335338336995,
        "week_9": 0.9784270752207246,
        "week_10": 0.9552387983695512,
        "week_11": 0.9402327924522783,
        "week_12": 0.956563024296086,
        "week_13": 0.9413909425561807,
        "week_14": 0.942945984856092,
        "week_15": 0.9396122414895948,
        "week_16": 0.9386957189978332,
        "week_17": 0.926485661483527,
        "week_18": 0.9147464307181377,
        "week_19": 0.879537545313988,
        "week_20": 0.8777054967604793,
        "week_21": 0.8909378942214681,
        "week_22": 0.8903597572129276,
        "week_23": 0.8581506640349663,
        "week_24": 0.8871281727047812,
        "week_25": 0.8700165016754231,
        "week_26": 0.8922585818865926,
        "week_27": 0.9221292369780038,
        "week_28": 0.925617885636267,
        "week_29": 0.8783522153144531,
        "week_30": 0.8438777152267248,
        "week_31": 0.8782597868718679,
        "week_32": 0.9098178923762735,
        "week_33": 0.9527073733397654,
        "week_34": 0.965557840238938,
        "week_35": 0.9669998434159844,
        "week_36": 0.9685225940554055,
        "week_37": 0.9618892519688496,
        "week_38": 0.9652715349490412,
        "week_39": 0.9300303365289401,
        "week_40": 0.9328787005732028,
        "week_41": 0.9339265134604946,
        "week_42": 0.9387580950738587,
        "week_43": 0.9250243312296076,
        "week_44": 0.9274378294159981,
        "week_45": 0.9265473740620476,
        "week_46": 0.9145128182978093,
        "week_47": 0.9118209141875853,
        "week_48": 0.8678668524906703,
        "week_49": 0.8730439001512059,
        "week_50": 0.8968647607264406,
        "week_51": 0.8769057871714133,
        "week_52": 0.8841528878013468
    },
    "Execution Time": 1.4955687522888184,
    "Scaler": "No scaling",
    "Scoring": "Pearson Correlation",
    "Predictions": {
        "week_1": 11964891.0,
        "week_2": 9889943.0,
        "week_3": 7453750.0,
        "week_4": 5607933.0,
        "week_5": 4359428.0,
        "week_6": 3066557.0,
        "week_7": 3218797.0,
        "week_8": 3634079.0,
        "week_9": 5062899.0,
        "week_10": 7949313.0,
        "week_11": 11429081.0,
        "week_12": 15648130.0,
        "week_13": 19888264.0,
        "week_14": 23873187.0,
        "week_15": 25636643.0,
        "week_16": 30069323.0,
        "week_17": 31163780.0,
        "week_18": 34708216.0,
        "week_19": 36324235.0,
        "week_20": 38255032.0,
        "week_21": 39567609.0,
        "week_22": 40498758.0,
        "week_23": 40954365.0,
        "week_24": 41268686.0,
        "week_25": 40890734.0,
        "week_26": 39816844.0,
        "week_27": 39100593.0,
        "week_28": 38354206.0,
        "week_29": 37982121.0,
        "week_30": 36919403.0,
        "week_31": 36273209.0,
        "week_32": 35135730.0,
        "week_33": 35021047.0,
        "week_34": 33538965.0,
        "week_35": 33310175.0,
        "week_36": 32230514.0,
        "week_37": 31630217.0,
        "week_38": 31092936.0,
        "week_39": 30295520.0,
        "week_40": 29456738.0,
        "week_41": 27955237.0,
        "week_42": 26594663.0,
        "week_43": 25344387.0,
        "week_44": 24222931.0,
        "week_45": 22788634.0,
        "week_46": 22234254.0,
        "week_47": 20152236.0,
        "week_48": 17921946.0,
        "week_49": 16948702.0,
        "week_50": 14528756.0,
        "week_51": 12749753.0,