{
    "MAPE": {
        "week_1": 0.46438584079738987,
        "week_2": 1.291999453949216,
        "week_3": 0.019390909333798022,
        "week_4": 1.1793775385519043,
        "week_5": 1.0732999617611856,
        "week_6": 0.39092502895759357,
        "week_7": 0.26387921446392126,
        "week_8": 0.23639501538752963,
        "week_9": 2.313742451239608,
        "week_10": 1.221572411906177,
        "week_11": 0.4103390154020108,
        "week_12": 0.06777592215291608,
        "week_13": 0.18982912833823173,
        "week_14": 0.11212337406860666,
        "week_15": 0.3220306392898388,
        "week_16": 0.12839238263136193,
        "week_17": 3.602656418354952,
        "week_18": 0.03945170915006607,
        "week_19": 2.1838156484458735,
        "week_20": 0.3440074204452613,
        "week_21": 0.15105608183199726,
        "week_22": 0.47620942414329204,
        "week_23": 0.007139380502635676,
        "week_24": 0.5014210393691951,
        "week_25": 0.01756884126270609,
        "week_26": 1.5841097178668984,
        "week_27": 0.18195435389753611,
        "week_28": 0.9196558027340587,
        "week_29": 2.168379134210147,
        "week_30": 0.033199683447532734,
        "week_31": 0.051357089288516615,
        "week_32": 0.266618878722122,
        "week_33": 2.8377573766589927,
        "week_34": 0.08964224541920501,
        "week_35": 0.09353895392587372,
        "week_36": 0.7398500932124795,
        "week_37": 2.770866248284322,
        "week_38": 0.23516888864609417,
        "week_39": 0.3403299581566382,
        "week_40": 0.1951218418874308,
        "week_41": 0.34676969078124453,
        "week_42": 1.5834721429334835,
        "week_43": 1.8748770700075739,
        "week_44": 0.057706557334897886,
        "week_45": 0.523784138804691,
        "week_46": 0.9507255259202938,
        "week_47": 0.9463031190006302,
        "week_48": 0.018339756450749898,
        "week_49": 0.44094885105107157,
        "week_50": 0.08586159928483056,
        "week_51": 0.04856468541084349,
        "week_52": 1.4098555090270188
    },
    "MAE": {
        "week_1": 137316.0,
        "week_2": 472648.0,
        "week_3": 4253.0,
        "week_4": 151554.0,
        "week_5": 94057.0,
        "week_6": 59025.0,
        "week_7": 64716.0,
        "week_8": 86159.0,
        "week_9": 261810.0,
        "week_10": 37861.0,
        "week_11": 121400.0,
        "week_12": 16014.0,
        "week_13": 56696.0,
        "week_14": 30693.0,
        "week_15": 108526.0,
        "week_16": 15364.0,
        "week_17": 133912.0,
        "week_18": 11848.0,
        "week_19": 101386.0,
        "week_20": 9958.0,
        "week_21": 41661.0,
        "week_22": 137391.0,
        "week_23": 1962.0,
        "week_24": 97942.0,
        "week_25": 6058.0,
        "week_26": 379272.0,
        "week_27": 34343.0,
        "week_28": 26177.0,
        "week_29": 63588.0,
        "week_30": 6982.0,
        "week_31": 11369.0,
        "week_32": 72128.0,
        "week_33": 150702.0,
        "week_34": 27749.0,
        "week_35": 2455.0,
        "week_36": 33769.0,
        "week_37": 157667.0,
        "week_38": 80759.0,
        "week_39": 44816.0,
        "week_40": 48752.0,
        "week_41": 122686.0,
        "week_42": 72894.0,
        "week_43": 84265.0,
        "week_44": 21725.0,
        "week_45": 67747.0,
        "week_46": 69371.0,
        "week_47": 144075.0,
        "week_48": 5673.0,
        "week_49": 106510.0,
        "week_50": 29296.0,
        "week_51": 1554.0,
        "week_52": 113901.0
    },
    "MAE2": {
        "week_1": 137316.0,
        "week_2": 472648.0,
        "week_3": 4253.0,
        "week_4": 151554.0,
        "week_5": 94057.0,
        "week_6": 59025.0,
        "week_7": 64716.0,
        "week_8": 86159.0,
        "week_9": 261810.0,
        "week_10": 37861.0,
        "week_11": 121400.0,
        "week_12": 16014.0,
        "week_13": 56696.0,
        "week_14": 30693.0,
        "week_15": 108526.0,
        "week_16": 15364.0,
        "week_17": 133912.0,
        "week_18": 11848.0,
        "week_19": 101386.0,
        "week_20": 9958.0,
        "week_21": 41661.0,
        "week_22": 137391.0,
        "week_23": 1962.0,
        "week_24": 97942.0,
        "week_25": 6058.0,
        "week_26": 379272.0,
        "week_27": 34343.0,
        "week_28": 26177.0,
        "week_29": 63588.0,
        "week_30": 6982.0,
        "week_31": 11369.0,
        "week_32": 72128.0,
        "week_33": 150702.0,
        "week_34": 27749.0,
        "week_35": 2455.0,
        "week_36": 33769.0,
        "week_37": 157667.0,
        "week_38": 80759.0,
        "week_39": 44816.0,
        "week_40": 48752.0,
        "week_41": 122686.0,
        "week_42": 72894.0,
        "week_43": 84265.0,
        "week_44": 21725.0,
        "week_45": 67747.0,
        "week_46": 69371.0,
        "week_47": 144075.0,
        "week_48": 5673.0,
        "week_49": 106510.0,
        "week_50": 29296.0,
        "week_51": 1554.0,
        "week_52": 113901.0
    },
    "ME": {
        "week_1": -137316.0,
        "week_2": -472648.0,
        "week_3": -4253.0,
        "week_4": -151554.0,
        "week_5": 94057.0,
        "week_6": 59025.0,
        "week_7": -64716.0,
        "week_8": 86159.0,
        "week_9": -261810.0,
        "week_10": 37861.0,
        "week_11": -121400.0,
        "week_12": 16014.0,
        "week_13": 56696.0,
        "week_14": -30693.0,
        "week_15": -108526.0,
        "week_16": 15364.0,
        "week_17": 133912.0,
        "week_18": 11848.0,
        "week_19": -101386.0,
        "week_20": -9958.0,
        "week_21": -41661.0,
        "week_22": 137391.0,
        "week_23": 1962.0,
        "week_24": 97942.0,
        "week_25": 6058.0,
        "week_26": -379272.0,
        "week_27": 34343.0,
        "week_28": 26177.0,
        "week_29": 63588.0,
        "week_30": 6982.0,
        "week_31": -11369.0,
        "week_32": -72128.0,
        "week_33": 150702.0,
        "week_34": -27749.0,
        "week_35": 2455.0,
        "week_36": 33769.0,
        "week_37": -157667.0,
        "week_38": 80759.0,
        "week_39": 44816.0,
        "week_40": -48752.0,
        "week_41": -122686.0,
        "week_42": 72894.0,
        "week_43": -84265.0,
        "week_44": -21725.0,
        "week_45": -67747.0,
        "week_46": 69371.0,
        "week_47": 144075.0,
        "week_48": 5673.0,
        "week_49": -106510.0,
        "week_50": 29296.0,
        "week_51": -1554.0,
        "week_52": -113901.0
    },
    "MSE": {
        "week_1": 137316.0,
        "week_2": 472648.0,
        "week_3": 4253.0,
        "week_4": 151554.0,
        "week_5": 94057.0,
        "week_6": 59025.0,
        "week_7": 64716.0,
        "week_8": 86159.0,
        "week_9": 261810.0,
        "week_10": 37861.0,
        "week_11": 121400.0,
        "week_12": 16014.0,
        "week_13": 56696.0,
        "week_14": 30693.0,
        "week_15": 108526.0,
        "week_16": 15364.0,
        "week_17": 133912.0,
        "week_18": 11848.0,
        "week_19": 101386.0,
        "week_20": 9958.0,
        "week_21": 41661.0,
        "week_22": 137391.0,
        "week_23": 1962.0,
        "week_24": 97942.0,
        "week_25": 6058.0,
        "week_26": 379272.0,
        "week_27": 34343.0,
        "week_28": 26177.0,
        "week_29": 63588.0,
        "week_30": 6982.0,
        "week_31": 11369.0,
        "week_32": 72128.0,
        "week_33": 150702.0,
        "week_34": 27749.0,
        "week_35": 2455.0,
        "week_36": 33769.0,
        "week_37": 157667.0,
        "week_38": 80759.0,
        "week_39": 44816.0,
        "week_40": 48752.0,
        "week_41": 122686.0,
        "week_42": 72894.0,
        "week_43": 84265.0,