{
    "MAPE": {
        "week_1": 6.562789611740396,
        "week_2": 7.8028453284014825,
        "week_3": 7.692565208507228,
        "week_4": 10.734852664126894,
        "week_5": 12.322586296992641,
        "week_6": 11.927707760340569,
        "week_7": 14.88244069848276,
        "week_8": 14.241613234089575,
        "week_9": 12.619781956379075,
        "week_10": 19.719848172719686,
        "week_11": 23.749066833070895,
        "week_12": 27.808274603890354,
        "week_13": 34.648451851229275,
        "week_14": 28.60091696948521,
        "week_15": 14.773445758515638,
        "week_16": 17.43254005011816,
        "week_17": 15.354976028002929,
        "week_18": 18.817691239312694,
        "week_19": 13.808291747750678,
        "week_20": 17.27251514901153,
        "week_21": 18.846578283515854,
        "week_22": 16.774441586741382,
        "week_23": 14.63814481577571,
        "week_24": 18.326465011772285,
        "week_25": 18.092212345095284,
        "week_26": 15.337742746531271,
        "week_27": 14.451673494375623,
        "week_28": 14.882317038973907,
        "week_29": 16.700731332568008,
        "week_30": 15.739051773468091,
        "week_31": 18.65361193765726,
        "week_32": 14.603108159277985,
        "week_33": 18.652311499403865,
        "week_34": 13.023514866669176,
        "week_35": 13.015675375021674,
        "week_36": 16.152822799820793,
        "week_37": 15.6231944347253,
        "week_38": 34.453649273108546,
        "week_39": 24.2043734351048,
        "week_40": 20.759426536127087,
        "week_41": 16.82169528626963,
        "week_42": 13.359138328013586,
        "week_43": 14.455690952607544,
        "week_44": 12.839639364067109,
        "week_45": 12.75210487644399,
        "week_46": 12.937184885273268,
        "week_47": 15.2056662773184,
        "week_48": 14.595839963589635,
        "week_49": 21.8302644808686,
        "week_50": 15.383205819186529,
        "week_51": 16.484096618007683,
        "week_52": 13.529358371282227
    },
    "MAE": {
        "week_1": 1065622.2950819673,
        "week_2": 1266066.3524590165,
        "week_3": 1158338.450819672,
        "week_4": 1671528.6639344261,
        "week_5": 1974836.8770491802,
        "week_6": 1711275.3934426229,
        "week_7": 1731302.7704918033,
        "week_8": 1503048.6967213114,
        "week_9": 1575089.31147541,
        "week_10": 2449242.4836065574,
        "week_11": 2617949.581967213,
        "week_12": 2440712.4918032787,
        "week_13": 2518211.5573770492,
        "week_14": 2430370.975409836,
        "week_15": 1994043.5737704919,
        "week_16": 2146222.950819672,
        "week_17": 2244971.696038251,
        "week_18": 2301103.599043716,
        "week_19": 2286292.6625683066,
        "week_20": 2726852.8702185787,
        "week_21": 3015248.243169399,
        "week_22": 2704856.9856557376,
        "week_23": 2599477.7356557376,
        "week_24": 2804253.4760928964,
        "week_25": 3168850.3032786883,
        "week_26": 2711689.2786885244,
        "week_27": 2610048.2377049183,
        "week_28": 2458706.9590163934,
        "week_29": 2564824.8114754097,
        "week_30": 2211682.155737705,
        "week_31": 2337571.6147540985,
        "week_32": 2001329.1475409835,
        "week_33": 2210489.6147540985,
        "week_34": 1700720.5901639345,
        "week_35": 1693459.81147541,
        "week_36": 2132941.4918032787,
        "week_37": 2424238.8278688523,
        "week_38": 2222165.5901639345,
        "week_39": 1988862.5655737706,
        "week_40": 2000992.213114754,
        "week_41": 2247795.549180328,
        "week_42": 1813388.2540983607,
        "week_43": 2181552.729508197,
        "week_44": 1922104.8934426229,
        "week_45": 1902708.3688524591,
        "week_46": 2107297.975409836,
        "week_47": 2162673.729508197,
        "week_48": 2233830.3114754097,
        "week_49": 2600137.1393442624,
        "week_50": 2221628.6639344264,
        "week_51": 2529040.6639344264,
        "week_52": 2284033.4590163934
    },
    "R2": {
        "week_1": 0.9643281218475557,
        "week_2": 0.9389167767256489,
        "week_3": 0.978449160046024,
        "week_4": 0.9058841229574897,
        "week_5": 0.8816571156696336,
        "week_6": 0.9556574997970498,
        "week_7": 0.9614604901089254,
        "week_8": 0.9738997956492417,
        "week_9": 0.9589796393031812,
        "week_10": 0.9117171968533879,
        "week_11": 0.8857218686930153,
        "week_12": 0.900283360247011,
        "week_13": 0.8601312248672515,
        "week_14": 0.9082019983701825,
        "week_15": 0.942479204753847,
        "week_16": 0.9319407189519243,
        "week_17": 0.9140718892539427,
        "week_18": 0.9166902046325321,
        "week_19": 0.905716825634194,
        "week_20": 0.8470174803921829,
        "week_21": 0.8305725146660191,
        "week_22": 0.8541256413414986,
        "week_23": 0.8675599117946459,
        "week_24": 0.8466737076919545,
        "week_25": 0.841381240052596,
        "week_26": 0.8859701493053248,
        "week_27": 0.8929346976548076,
        "week_28": 0.9127490193597493,
        "week_29": 0.9044204613103682,
        "week_30": 0.9236517544466208,
        "week_31": 0.9083988526693042,
        "week_32": 0.9267893394603819,
        "week_33": 0.8727752678747196,
        "week_34": 0.9577819653218262,
        "week_35": 0.9645405844586795,
        "week_36": 0.9415901758235318,
        "week_37": 0.8597616533524648,
        "week_38": 0.907549928609368,
        "week_39": 0.9236804947539247,
        "week_40": 0.9447972397057448,
        "week_41": 0.920526518328891,
        "week_42": 0.9502167066443318,
        "week_43": 0.9157351803444891,
        "week_44": 0.9417135332515463,
        "week_45": 0.9330583172741519,
        "week_46": 0.9206818030759644,
        "week_47": 0.9055072623476487,
        "week_48": 0.8986742892225278,
        "week_49": 0.8639214142449262,
        "week_50": 0.8981616604054266,
        "week_51": 0.8614466974309516,
        "week_52": 0.8972860896456185
    },
    "Execution Time": 1.5419697761535645,
    "Scaler": "RobustScaler",
    "Scoring": "F_regression",
    "Predictions": {
        "week_1": 11964891.0,
        "week_2": 9889943.0,
        "week_3": 7453750.0,
        "week_4": 5607933.0,
        "week_5": 4359428.0,
        "week_6": 3066557.0,
        "week_7": 3218797.0,
        "week_8": 3634079.0,
        "week_9": 5062899.0,
        "week_10": 7949313.0,
        "week_11": 11429081.0,
        "week_12": 15648130.0,
        "week_13": 19888264.0,
        "week_14": 23873187.0,
        "week_15": 25636643.0,
        "week_16": 30069323.0,
        "week_17": 31163780.0,
        "week_18": 34708216.0,
        "week_19": 36324235.0,
        "week_20": 38255032.0,
        "week_21": 39567609.0,
        "week_22": 40498758.0,
        "week_23": 40954365.0,
        "week_24": 41268686.0,
        "week_25": 40890734.0,
        "week_26": 39816844.0,
        "week_27": 39100593.0,
        "week_28": 38354206.0,
        "week_29": 37982121.0,
        "week_30": 36919403.0,
        "week_31": 36273209.0,
        "week_32": 35135730.0,
        "week_33": 35021047.0,
        "week_34": 33538965.0,
        "week_35": 33310175.0,
        "week_36": 32230514.0,
        "week_37": 31630217.0,
        "week_38": 31092936.0,
        "week_39": 30295520.0,
        "week_40": 29456738.0,
        "week_41": 27955237.0,
        "week_42": 26594663.0,
        "week_43": 25344387.0,
        "week_44": 24222931.0,
        "week_45": 22788634.0,
        "week_46": 22234254.0,
        "week_47": 20152236.0,
        "week_48": 17921946.0,
        "week_49": 16948702.0,
        "week_50": 14528756.0,
        "week_51": 12749753.0,