{
    "MAPE": {
        "week_1": 0.14334458576183093,
        "week_2": 0.5363438811678689,
        "week_3": 0.16174909133541787,
        "week_4": 0.3286605370822389,
        "week_5": 0.12855744059238838,
        "week_6": 0.19447016076460816,
        "week_7": 0.06703696536683201,
        "week_8": 3.361749998531602,
        "week_9": 0.2272118343214041,
        "week_10": 1.6776990939342311,
        "week_11": 0.35234377092123453,
        "week_12": 0.40214605915216095,
        "week_13": 0.7416787770892831,
        "week_14": 0.24450235757725752,
        "week_15": 0.34830871278738434,
        "week_16": 0.15960642235462974,
        "week_17": 0.9822069021448123,
        "week_18": 0.10349944452446881,
        "week_19": 0.6242548337766944,
        "week_20": 0.11212337406860666,
        "week_21": 0.12628834900784355,
        "week_22": 0.13842884459556376,
        "week_23": 0.051357089288516615,
        "week_24": 1.7877859988900964,
        "week_25": 40.79068720230785,
        "week_26": 1.088816760106226,
        "week_27": 0.914803923125187,
        "week_28": 0.07259506789651429,
        "week_29": 0.5486846855973435,
        "week_30": 0.01165962052650474,
        "week_31": 0.6187792218307423,
        "week_32": 0.18503855877138112,
        "week_33": 4.560806804182813,
        "week_34": 0.2791573138604715,
        "week_35": 0.6206884643268749,
        "week_36": 0.9771413502266614,
        "week_37": 0.15091353615792757,
        "week_38": 0.17758183988743761,
        "week_39": 39.986392897458586,
        "week_40": 3.6874979420986254,
        "week_41": 0.28601912205360286,
        "week_42": 0.2627755142457955,
        "week_43": 1.7980479552229596,
        "week_44": 0.14262414334475576,
        "week_45": 0.6418351716404513,
        "week_46": 0.2107092346640243,
        "week_47": 0.4044901529377917,
        "week_48": 2.6286132728095093,
        "week_49": 1.5829545150721467,
        "week_50": 6.517168643886434,
        "week_51": 0.1656976710336484,
        "week_52": 0.1103476295069335
    },
    "MAE": {
        "week_1": 38938.0,
        "week_2": 59413.0,
        "week_3": 29276.0,
        "week_4": 56191.0,
        "week_5": 15364.0,
        "week_6": 52185.0,
        "week_7": 17550.0,
        "week_8": 389198.0,
        "week_9": 37237.0,
        "week_10": 71597.0,
        "week_11": 80260.0,
        "week_12": 90052.0,
        "week_13": 153771.0,
        "week_14": 71802.0,
        "week_15": 103471.0,
        "week_16": 3871.0,
        "week_17": 70971.0,
        "week_18": 24200.0,
        "week_19": 193413.0,
        "week_20": 30693.0,
        "week_21": 34299.0,
        "week_22": 12131.0,
        "week_23": 11369.0,
        "week_24": 351113.0,
        "week_25": 677579.0,
        "week_26": 36900.0,
        "week_27": 311140.0,
        "week_28": 22472.0,
        "week_29": 213180.0,
        "week_30": 2176.0,
        "week_31": 128850.0,
        "week_32": 48614.0,
        "week_33": 521087.0,
        "week_34": 95865.0,
        "week_35": 182965.0,
        "week_36": 367868.0,
        "week_37": 39635.0,
        "week_38": 46973.0,
        "week_39": 655317.0,
        "week_40": 141110.0,
        "week_41": 76008.0,
        "week_42": 78709.0,
        "week_43": 161419.0,
        "week_44": 52639.0,
        "week_45": 238190.0,
        "week_46": 35831.0,
        "week_47": 104672.0,
        "week_48": 297439.0,
        "week_49": 310238.0,
        "week_50": 415378.0,
        "week_51": 45536.0,
        "week_52": 21446.0
    },
    "MAE2": {
        "week_1": 38938.0,
        "week_2": 59413.0,
        "week_3": 29276.0,
        "week_4": 56191.0,
        "week_5": 15364.0,
        "week_6": 52185.0,
        "week_7": 17550.0,
        "week_8": 389198.0,
        "week_9": 37237.0,
        "week_10": 71597.0,
        "week_11": 80260.0,
        "week_12": 90052.0,
        "week_13": 153771.0,
        "week_14": 71802.0,
        "week_15": 103471.0,
        "week_16": 3871.0,
        "week_17": 70971.0,
        "week_18": 24200.0,
        "week_19": 193413.0,
        "week_20": 30693.0,
        "week_21": 34299.0,
        "week_22": 12131.0,
        "week_23": 11369.0,
        "week_24": 351113.0,
        "week_25": 677579.0,
        "week_26": 36900.0,
        "week_27": 311140.0,
        "week_28": 22472.0,
        "week_29": 213180.0,
        "week_30": 2176.0,
        "week_31": 128850.0,
        "week_32": 48614.0,
        "week_33": 521087.0,
        "week_34": 95865.0,
        "week_35": 182965.0,
        "week_36": 367868.0,
        "week_37": 39635.0,
        "week_38": 46973.0,
        "week_39": 655317.0,
        "week_40": 141110.0,
        "week_41": 76008.0,
        "week_42": 78709.0,
        "week_43": 161419.0,
        "week_44": 52639.0,
        "week_45": 238190.0,
        "week_46": 35831.0,
        "week_47": 104672.0,
        "week_48": 297439.0,
        "week_49": 310238.0,
        "week_50": 415378.0,
        "week_51": 45536.0,
        "week_52": 21446.0
    },
    "ME": {
        "week_1": 38938.0,
        "week_2": 59413.0,
        "week_3": 29276.0,
        "week_4": 56191.0,
        "week_5": -15364.0,
        "week_6": -52185.0,
        "week_7": -17550.0,
        "week_8": -389198.0,
        "week_9": 37237.0,
        "week_10": 71597.0,
        "week_11": -80260.0,
        "week_12": 90052.0,
        "week_13": 153771.0,
        "week_14": 71802.0,
        "week_15": -103471.0,
        "week_16": -3871.0,
        "week_17": -70971.0,
        "week_18": -24200.0,
        "week_19": -193413.0,
        "week_20": -30693.0,
        "week_21": 34299.0,
        "week_22": -12131.0,
        "week_23": -11369.0,
        "week_24": 351113.0,
        "week_25": 677579.0,
        "week_26": 36900.0,
        "week_27": 311140.0,
        "week_28": 22472.0,
        "week_29": 213180.0,
        "week_30": -2176.0,
        "week_31": -128850.0,
        "week_32": 48614.0,
        "week_33": -521087.0,
        "week_34": 95865.0,
        "week_35": 182965.0,
        "week_36": -367868.0,
        "week_37": 39635.0,
        "week_38": -46973.0,
        "week_39": 655317.0,
        "week_40": 141110.0,
        "week_41": 76008.0,
        "week_42": -78709.0,
        "week_43": -161419.0,
        "week_44": 52639.0,
        "week_45": -238190.0,
        "week_46": -35831.0,
        "week_47": 104672.0,
        "week_48": 297439.0,
        "week_49": 310238.0,
        "week_50": -415378.0,
        "week_51": -45536.0,
        "week_52": 21446.0
    },
    "MSE": {
        "week_1": 38938.0,
        "week_2": 59413.0,
        "week_3": 29276.0,
        "week_4": 56191.0,
        "week_5": 15364.0,
        "week_6": 52185.0,
        "week_7": 17550.0,
        "week_8": 389198.0,
        "week_9": 37237.0,
        "week_10": 71597.0,
        "week_11": 80260.0,
        "week_12": 90052.0,
        "week_13": 153771.0,
        "week_14": 71802.0,
        "week_15": 103471.0,
        "week_16": 3871.0,
        "week_17": 70971.0,
        "week_18": 24200.0,
        "week_19": 193413.0,
        "week_20": 30693.0,
        "week_21": 34299.0,
        "week_22": 12131.0,
        "week_23": 11369.0,
        "week_24": 351113.0,
        "week_25": 677579.0,
        "week_26": 36900.0,
        "week_27": 311140.0,
        "week_28": 22472.0,
        "week_29": 213180.0,
        "week_30": 2176.0,
        "week_31": 128850.0,
        "week_32": 48614.0,
        "week_33": 521087.0,
        "week_34": 95865.0,
        "week_35": 182965.0,
        "week_36": 367868.0,
        "week_37": 39635.0,
        "week_38": 46973.0,
        "week_39": 655317.0,
        "week_40": 141110.0,
        "week_41": 76008.0,
        "week_42": 78709.0,