{
    "MAPE": {
        "week_1": 8.547144386907382,
        "week_2": 9.319715817649382,
        "week_3": 9.377981639609091,
        "week_4": 11.048215890933868,
        "week_5": 9.990838046271747,
        "week_6": 11.551730203228551,
        "week_7": 10.746983563284815,
        "week_8": 13.075367840624285,
        "week_9": 10.56764402142411,
        "week_10": 14.791724274453413,
        "week_11": 12.772586487850768,
        "week_12": 11.332221867183653,
        "week_13": 14.583915868543498,
        "week_14": 12.532629525215496,
        "week_15": 13.124524843849949,
        "week_16": 12.93068683373167,
        "week_17": 14.232578879022814,
        "week_18": 11.176256269168801,
        "week_19": 11.246631825609358,
        "week_20": 12.38720254063075,
        "week_21": 10.273742900419158,
        "week_22": 8.991198606306174,
        "week_23": 10.345340108127278,
        "week_24": 10.850244882042631,
        "week_25": 8.754606653719579,
        "week_26": 9.750117614700635,
        "week_27": 10.41526990925786,
        "week_28": 10.441896277226318,
        "week_29": 14.719220860150987,
        "week_30": 13.328366021062738,
        "week_31": 10.347945627154337,
        "week_32": 10.622238262054406,
        "week_33": 9.888620557318879,
        "week_34": 9.27230290351751,
        "week_35": 8.748824222444428,
        "week_36": 12.97385755202329,
        "week_37": 10.020776329524951,
        "week_38": 11.862503367525273,
        "week_39": 16.967643790656844,
        "week_40": 12.085988675335466,
        "week_41": 11.970558862565587,
        "week_42": 10.567821933011915,
        "week_43": 10.56292612336953,
        "week_44": 8.716727038758318,
        "week_45": 10.851367402401761,
        "week_46": 9.374873548765034,
        "week_47": 11.626844967731417,
        "week_48": 14.522464582689597,
        "week_49": 13.49314080906031,
        "week_50": 10.627406182171297,
        "week_51": 12.531381569694695,
        "week_52": 7.913747980122983
    },
    "MAE": {
        "week_1": 1305114.2951417507,
        "week_2": 1476695.8516369243,
        "week_3": 1280906.768079613,
        "week_4": 1405208.1314028723,
        "week_5": 1340833.9911229876,
        "week_6": 1376515.8223470354,
        "week_7": 1401246.939472988,
        "week_8": 1434491.4872464365,
        "week_9": 1254744.5104728448,
        "week_10": 1261887.029656594,
        "week_11": 1063259.7156853199,
        "week_12": 1067314.330801879,
        "week_13": 1168720.2252689386,
        "week_14": 1120029.841614009,
        "week_15": 1340603.6491463687,
        "week_16": 1341282.3667898495,
        "week_17": 1260156.13022549,
        "week_18": 1321194.0106090854,
        "week_19": 1345306.7543589089,
        "week_20": 1480530.7518081837,
        "week_21": 1459356.2876045157,
        "week_22": 1266051.308877022,
        "week_23": 1286092.566206824,
        "week_24": 1447071.250256091,
        "week_25": 1357809.7067234858,
        "week_26": 1376301.364685922,
        "week_27": 1337414.9720918967,
        "week_28": 1327091.0116353012,
        "week_29": 1379275.2201503145,
        "week_30": 1374721.3940974209,
        "week_31": 1428498.8672904714,
        "week_32": 1199617.343567178,
        "week_33": 1158816.2930635791,
        "week_34": 956902.5497544104,
        "week_35": 889651.1931778697,
        "week_36": 1053377.3973126977,
        "week_37": 1005585.7150004015,
        "week_38": 1143479.615169828,
        "week_39": 1237989.3866977764,
        "week_40": 1191250.7151707874,
        "week_41": 1244876.3071304855,
        "week_42": 1241071.3734193454,
        "week_43": 1246519.9929632398,
        "week_44": 1269322.5101759273,
        "week_45": 1301270.4773079427,
        "week_46": 1265939.0382640786,
        "week_47": 1414558.1299486386,
        "week_48": 1470163.1202049057,
        "week_49": 1476450.4026721874,
        "week_50": 1399408.0708474608,
        "week_51": 1558621.2684986433,
        "week_52": 1256624.8956723046
    },
    "R2": {
        "week_1": 0.9585226532686526,
        "week_2": 0.9303903467699253,
        "week_3": 0.9562133005749964,
        "week_4": 0.9476086104448174,
        "week_5": 0.9469477116010219,
        "week_6": 0.9484753455767205,
        "week_7": 0.9544272236684436,
        "week_8": 0.9586110987224334,
        "week_9": 0.9720138111085744,
        "week_10": 0.9736165694330707,
        "week_11": 0.9762473812480273,
        "week_12": 0.9830858668890143,
        "week_13": 0.9759829345775494,
        "week_14": 0.9830956291714689,
        "week_15": 0.9727267936849627,
        "week_16": 0.9720223838652738,
        "week_17": 0.9764035495362536,
        "week_18": 0.9693749681653999,
        "week_19": 0.9600845970114861,
        "week_20": 0.9507439334510753,
        "week_21": 0.954210674107828,
        "week_22": 0.9690789906585967,
        "week_23": 0.9618718163253159,
        "week_24": 0.9553046900251401,
        "week_25": 0.9645978642373872,
        "week_26": 0.9643640073149965,
        "week_27": 0.9695227414924441,
        "week_28": 0.9727962154992682,
        "week_29": 0.9701940094228525,
        "week_30": 0.9714755222988141,
        "week_31": 0.9705353804334348,
        "week_32": 0.979164148681821,
        "week_33": 0.9815872524657693,
        "week_34": 0.9873457988615265,
        "week_35": 0.9884765981843353,
        "week_36": 0.9836055886674198,
        "week_37": 0.9789368406423722,
        "week_38": 0.9759699134270754,
        "week_39": 0.9638928237529641,
        "week_40": 0.9682408625889458,
        "week_41": 0.9711100215401466,
        "week_42": 0.9610931246311473,
        "week_43": 0.9555062155984639,
        "week_44": 0.9504357382301708,
        "week_45": 0.9517562797253769,
        "week_46": 0.9587976159558628,
        "week_47": 0.9462468928238204,
        "week_48": 0.9391519204457002,
        "week_49": 0.9430386205523538,
        "week_50": 0.9452337365538455,
        "week_51": 0.9370696748111857,
        "week_52": 0.9621775667556642
    },
    "Execution Time": 3.3511109352111816,
    "Scaler": "RobustScaler",
    "Scoring": "Pearson Correlation",
    "Predictions": {
        "week_1": 11964890.994557515,
        "week_2": 9889942.994253226,
        "week_3": 7453749.998619244,
        "week_4": 5607933.000675775,
        "week_5": 4359427.997376602,
        "week_6": 3066557.0023852787,
        "week_7": 3218797.000512841,
        "week_8": 3634078.9993281737,
        "week_9": 5062898.998186817,
        "week_10": 7949312.998002961,
        "week_11": 11429080.997841664,
        "week_12": 15648129.994919509,
        "week_13": 19888263.996336024,
        "week_14": 23873186.991647948,
        "week_15": 25636642.990507334,
        "week_16": 30069322.994959768,
        "week_17": 31163780.003973987,
        "week_18": 34708215.994882375,
        "week_19": 36324234.98956299,
        "week_20": 38255031.98299634,
        "week_21": 39567609.00732964,
        "week_22": 40498757.99665508,
        "week_23": 40954364.9920146,
        "week_24": 41268685.9967773,
        "week_25": 40890733.99398955,
        "week_26": 39816843.998974025,
        "week_27": 39100593.000846215,
        "week_28": 38354205.99975895,
        "week_29": 37982120.99752285,
        "week_30": 36919402.999430925,
        "week_31": 36273208.999646045,
        "week_32": 35135730.00146894,
        "week_33": 35021046.99847623,
        "week_34": 33538964.999549665,
        "week_35": 33310174.99773999,
        "week_36": 32230513.99814073,
        "week_37": 31630216.997198366,
        "week_38": 31092935.997196037,
        "week_39": 30295519.996849004,
        "week_40": 29456737.997668248,
        "week_41": 27955236.99975724,