{
    "MAPE": {
        "week_1": 9.640473582335118e-05,
        "week_2": 0.00025564875292216887,
        "week_3": 0.025460160345857102,
        "week_4": 0.0024424558993861104,
        "week_5": 0.0013417267477650254,
        "week_6": 5.050956410825225e-05,
        "week_7": 1.6848927482230925e-06,
        "week_8": 0.0016161359541699294,
        "week_9": 0.0007359440576942725,
        "week_10": 0.000510202224019627,
        "week_11": 0.0001662741764243972,
        "week_12": 0.00024265198695048583,
        "week_13": 9.259842231878689e-05,
        "week_14": 0.0002508409697417481,
        "week_15": 0.00016354354861612298,
        "week_16": 0.0003183974854018653,
        "week_17": 0.009952266862831648,
        "week_18": 0.00013133654758595425,
        "week_19": 0.005027245247768458,
        "week_20": 0.044538802867530675,
        "week_21": 0.00021199686444953693,
        "week_22": 0.0005784130402672967,
        "week_23": 0.0002846428512093492,
        "week_24": 0.00016746724050877834,
        "week_25": 0.0014433208776786005,
        "week_26": 1.7176013574493813e-05,
        "week_27": 5.284767541432742e-05,
        "week_28": 0.00433937655489969,
        "week_29": 0.0011497709655461732,
        "week_30": 0.000171715727262244,
        "week_31": 0.00014591638193479147,
        "week_32": 0.0005199517713591925,
        "week_33": 0.1662426198196363,
        "week_34": 0.0003706156765206396,
        "week_35": 0.0009192467024259488,
        "week_36": 0.0019275387547200023,
        "week_37": 0.0036222391371237353,
        "week_38": 0.00033072954199264655,
        "week_39": 0.0010222925339555223,
        "week_40": 8.52686588867889e-05,
        "week_41": 0.0016369311431003997,
        "week_42": 0.004651167127471717,
        "week_43": 0.003912221617337384,
        "week_44": 0.00027648241049530765,
        "week_45": 0.000548630228741699,
        "week_46": 0.0003432688932058516,
        "week_47": 0.011426147824932382,
        "week_48": 0.00011816740468653521,
        "week_49": 0.0001065410121546463,
        "week_50": 0.0005045576429120985,
        "week_51": 0.0018530041297539486,
        "week_52": 0.0019780947667130547
    },
    "MAE": {
        "week_1": 28.506279781460762,
        "week_2": 93.52316009253263,
        "week_3": 5584.1662753894925,
        "week_4": 313.8638385720551,
        "week_5": 117.58017069846392,
        "week_6": 7.626339580863714,
        "week_7": 0.41321753710508347,
        "week_8": 589.0338146388531,
        "week_9": 83.27526412531734,
        "week_10": 15.813034262508154,
        "week_11": 49.192702278494835,
        "week_12": 57.33347176387906,
        "week_13": 27.65624115616083,
        "week_14": 68.66598466411233,
        "week_15": 55.11502631008625,
        "week_16": 38.100850420072675,
        "week_17": 369.92924258485436,
        "week_18": 39.44253491982818,
        "week_19": 233.39529005251825,
        "week_20": 1289.2669535465539,
        "week_21": 58.4683599807322,
        "week_22": 166.87772645056248,
        "week_23": 78.22377219796181,
        "week_24": 32.71118517592549,
        "week_25": 497.6786884367466,
        "week_26": 4.112329434603453,
        "week_27": 9.974741894751787,
        "week_28": 123.51562371477485,
        "week_29": 33.71718303486705,
        "week_30": 36.112368650734425,
        "week_31": 32.301740016788244,
        "week_32": 140.66176237910986,
        "week_33": 8828.483892994002,
        "week_34": 114.72508703544736,
        "week_35": 24.126319140195847,
        "week_36": 87.97870920784771,
        "week_37": 206.11156470887363,
        "week_38": 113.5753425359726,
        "week_39": 134.61953937262297,
        "week_40": 21.304727435112,
        "week_41": 579.1409675106406,
        "week_42": 214.11312987282872,
        "week_43": 175.83198379166424,
        "week_44": 104.08835053443909,
        "week_45": 70.96062929928303,
        "week_46": 25.047088503837585,
        "week_47": 1739.6352340206504,
        "week_48": 36.55248577520251,
        "week_49": 25.734692759811878,
        "week_50": 172.1551989465952,
        "week_51": 59.293463826179504,
        "week_52": 159.80855526030064
    },
    "MAE2": {
        "week_1": 28.506279781460762,
        "week_2": 93.52316009253263,
        "week_3": 5584.1662753894925,
        "week_4": 313.8638385720551,
        "week_5": 117.58017069846392,
        "week_6": 7.626339580863714,
        "week_7": 0.41321753710508347,
        "week_8": 589.0338146388531,
        "week_9": 83.27526412531734,
        "week_10": 15.813034262508154,
        "week_11": 49.192702278494835,
        "week_12": 57.33347176387906,
        "week_13": 27.65624115616083,
        "week_14": 68.66598466411233,
        "week_15": 55.11502631008625,
        "week_16": 38.100850420072675,
        "week_17": 369.92924258485436,
        "week_18": 39.44253491982818,
        "week_19": 233.39529005251825,
        "week_20": 1289.2669535465539,
        "week_21": 58.4683599807322,
        "week_22": 166.87772645056248,
        "week_23": 78.22377219796181,
        "week_24": 32.71118517592549,
        "week_25": 497.6786884367466,
        "week_26": 4.112329434603453,
        "week_27": 9.974741894751787,
        "week_28": 123.51562371477485,
        "week_29": 33.71718303486705,
        "week_30": 36.112368650734425,
        "week_31": 32.301740016788244,
        "week_32": 140.66176237910986,
        "week_33": 8828.483892994002,
        "week_34": 114.72508703544736,
        "week_35": 24.126319140195847,
        "week_36": 87.97870920784771,
        "week_37": 206.11156470887363,
        "week_38": 113.5753425359726,
        "week_39": 134.61953937262297,
        "week_40": 21.304727435112,
        "week_41": 579.1409675106406,
        "week_42": 214.11312987282872,
        "week_43": 175.83198379166424,
        "week_44": 104.08835053443909,
        "week_45": 70.96062929928303,
        "week_46": 25.047088503837585,
        "week_47": 1739.6352340206504,
        "week_48": 36.55248577520251,
        "week_49": 25.734692759811878,
        "week_50": 172.1551989465952,
        "week_51": 59.293463826179504,
        "week_52": 159.80855526030064
    },
    "ME": {
        "week_1": 28.506279781460762,
        "week_2": 93.52316009253263,
        "week_3": 5584.1662753894925,
        "week_4": -313.8638385720551,
        "week_5": -117.58017069846392,
        "week_6": 7.626339580863714,
        "week_7": -0.41321753710508347,
        "week_8": -589.0338146388531,
        "week_9": 83.27526412531734,
        "week_10": -15.813034262508154,
        "week_11": 49.192702278494835,
        "week_12": -57.33347176387906,
        "week_13": 27.65624115616083,
        "week_14": 68.66598466411233,
        "week_15": 55.11502631008625,
        "week_16": 38.100850420072675,
        "week_17": -369.92924258485436,
        "week_18": -39.44253491982818,
        "week_19": 233.39529005251825,
        "week_20": 1289.2669535465539,
        "week_21": 58.4683599807322,
        "week_22": 166.87772645056248,
        "week_23": -78.22377219796181,
        "week_24": -32.71118517592549,
        "week_25": 497.6786884367466,
        "week_26": -4.112329434603453,
        "week_27": -9.974741894751787,
        "week_28": -123.51562371477485,
        "week_29": 33.71718303486705,
        "week_30": -36.112368650734425,
        "week_31": 32.301740016788244,
        "week_32": -140.66176237910986,
        "week_33": -8828.483892994002,
        "week_34": 114.72508703544736,
        "week_35": -24.126319140195847,
        "week_36": -87.97870920784771,
        "week_37": 206.11156470887363,
        "week_38": -113.5753425359726,
        "week_39": -134.61953937262297,
        "week_40": 21.304727435112,