{
    "MAPE": {
        "week_1": 1.3219422688726723,
        "week_2": 0.2833377123284662,
        "week_3": 2.8344105619625597,
        "week_4": 2.2774939941620853,
        "week_5": 0.029078286738051025,
        "week_6": 0.2669575550223248,
        "week_7": 1.3225088617885394,
        "week_8": 1.057740090823041,
        "week_9": 1.732315093117524,
        "week_10": 1.6714313360246047,
        "week_11": 0.8618622587836137,
        "week_12": 1.0862916367929618,
        "week_13": 0.5398544740214043,
        "week_14": 1.4971433601602029,
        "week_15": 0.35543515180125757,
        "week_16": 3.104101848724787,
        "week_17": 0.03871867657150395,
        "week_18": 0.4590108419235571,
        "week_19": 11.07749322940134,
        "week_20": 1.8952939810774991,
        "week_21": 0.9829514221819562,
        "week_22": 0.7886375938166863,
        "week_23": 1.0112663908401267,
        "week_24": 4.78875672513456,
        "week_25": 0.32501406236406327,
        "week_26": 2.549503783162827,
        "week_27": 0.6564295285872634,
        "week_28": 1.6784650015747569,
        "week_29": 1.2191756641690044,
        "week_30": 0.038501756740506814,
        "week_31": 0.37816286446556646,
        "week_32": 1.7159579464102157,
        "week_33": 8.006014613838346,
        "week_34": 2.7231102368077527,
        "week_35": 1.4314921615460965,
        "week_36": 0.06565285697604374,
        "week_37": 3.8281410547956427,
        "week_38": 0.828585787240143,
        "week_39": 1.1003788300504647,
        "week_40": 0.4130242767292674,
        "week_41": 0.3297194312594639,
        "week_42": 10.511591291473074,
        "week_43": 3.316910805191232,
        "week_44": 1.9444114785270126,
        "week_45": 0.18749595114591275,
        "week_46": 4.841772398755453,
        "week_47": 6.761054295482714,
        "week_48": 0.47391990814182006,
        "week_49": 0.3267318260897687,
        "week_50": 0.10153741412433664,
        "week_51": 1.296769448759987,
        "week_52": 2.088258992863665
    },
    "MAE": {
        "week_1": 390890.09320531413,
        "week_2": 103652.5229536891,
        "week_3": 621670.0781028122,
        "week_4": 292665.67617952824,
        "week_5": 2548.2311685103923,
        "week_6": 40307.39532643743,
        "week_7": 324343.4071659669,
        "week_8": 385515.0174627155,
        "week_9": 196018.97103375196,
        "week_10": 51803.774542092346,
        "week_11": 254984.47451755032,
        "week_12": 256667.4671331495,
        "week_13": 161237.5799597092,
        "week_14": 409832.66455467045,
        "week_15": 119783.49441981316,
        "week_16": 371450.5473485794,
        "week_17": 1439.1867596996017,
        "week_18": 137848.5386887528,
        "week_19": 514284.5868676449,
        "week_20": 54863.169634949416,
        "week_21": 271096.26241376624,
        "week_22": 227529.53250976652,
        "week_23": 277909.91922840476,
        "week_24": 935382.3919378668,
        "week_25": 112069.72391406447,
        "week_26": 610409.3598704748,
        "week_27": 123897.88327333704,
        "week_28": 47775.67674297374,
        "week_29": 35752.4848445924,
        "week_30": 8097.04303316772,
        "week_31": 83714.5108040683,
        "week_32": 464215.4949862771,
        "week_33": 425167.57220279146,
        "week_34": 842946.1534325816,
        "week_35": 37570.58539889846,
        "week_36": 2996.5953205432743,
        "week_37": 217827.7338576652,
        "week_38": 284543.4188891724,
        "week_39": 144902.25284500048,
        "week_40": 103195.82546131313,
        "week_41": 116653.67308302969,
        "week_42": 483893.5367572331,
        "week_43": 149076.16796354018,
        "week_44": 732019.7447553053,
        "week_45": 24250.998190341517,
        "week_46": 353286.60472110193,
        "week_47": 1029373.0180773325,
        "week_48": 146596.69260649383,
        "week_49": 78921.18714873493,
        "week_50": 34644.59209895134,
        "week_51": 41494.75501231337,
        "week_52": 168708.62724813167
    },
    "MAE2": {
        "week_1": 390890.09320531413,
        "week_2": 103652.5229536891,
        "week_3": 621670.0781028122,
        "week_4": 292665.67617952824,
        "week_5": 2548.2311685103923,
        "week_6": 40307.39532643743,
        "week_7": 324343.4071659669,
        "week_8": 385515.0174627155,
        "week_9": 196018.97103375196,
        "week_10": 51803.774542092346,
        "week_11": 254984.47451755032,
        "week_12": 256667.4671331495,
        "week_13": 161237.5799597092,
        "week_14": 409832.66455467045,
        "week_15": 119783.49441981316,
        "week_16": 371450.5473485794,
        "week_17": 1439.1867596996017,
        "week_18": 137848.5386887528,
        "week_19": 514284.5868676449,
        "week_20": 54863.169634949416,
        "week_21": 271096.26241376624,
        "week_22": 227529.53250976652,
        "week_23": 277909.91922840476,
        "week_24": 935382.3919378668,
        "week_25": 112069.72391406447,
        "week_26": 610409.3598704748,
        "week_27": 123897.88327333704,
        "week_28": 47775.67674297374,
        "week_29": 35752.4848445924,
        "week_30": 8097.04303316772,
        "week_31": 83714.5108040683,
        "week_32": 464215.4949862771,
        "week_33": 425167.57220279146,
        "week_34": 842946.1534325816,
        "week_35": 37570.58539889846,
        "week_36": 2996.5953205432743,
        "week_37": 217827.7338576652,
        "week_38": 284543.4188891724,
        "week_39": 144902.25284500048,
        "week_40": 103195.82546131313,
        "week_41": 116653.67308302969,
        "week_42": 483893.5367572331,
        "week_43": 149076.16796354018,
        "week_44": 732019.7447553053,
        "week_45": 24250.998190341517,
        "week_46": 353286.60472110193,
        "week_47": 1029373.0180773325,
        "week_48": 146596.69260649383,
        "week_49": 78921.18714873493,
        "week_50": 34644.59209895134,
        "week_51": 41494.75501231337,
        "week_52": 168708.62724813167
    },
    "ME": {
        "week_1": 390890.09320531413,
        "week_2": -103652.5229536891,
        "week_3": -621670.0781028122,
        "week_4": -292665.67617952824,
        "week_5": -2548.2311685103923,
        "week_6": -40307.39532643743,
        "week_7": 324343.4071659669,
        "week_8": 385515.0174627155,
        "week_9": 196018.97103375196,
        "week_10": 51803.774542092346,
        "week_11": 254984.47451755032,
        "week_12": 256667.4671331495,
        "week_13": -161237.5799597092,
        "week_14": -409832.66455467045,
        "week_15": -119783.49441981316,
        "week_16": 371450.5473485794,
        "week_17": -1439.1867596996017,
        "week_18": 137848.5386887528,
        "week_19": 514284.5868676449,
        "week_20": -54863.169634949416,
        "week_21": 271096.26241376624,
        "week_22": -227529.53250976652,
        "week_23": -277909.91922840476,
        "week_24": -935382.3919378668,
        "week_25": -112069.72391406447,
        "week_26": -610409.3598704748,
        "week_27": 123897.88327333704,
        "week_28": -47775.67674297374,
        "week_29": 35752.4848445924,
        "week_30": -8097.04303316772,
        "week_31": -83714.5108040683,
        "week_32": -464215.4949862771,
        "week_33": 425167.57220279146,
        "week_34": 842946.1534325816,
        "week_35": 37570.58539889846,
        "week_36": 2996.5953205432743,
        "week_37": 217827.7338576652,
        "week_38": 284543.4188891724,
        "week_39": -144902.25284500048,
        "week_40": 103195.82546131313,
        "week_41": -116653.67308302969,
        "week_42": 483893.5367572331,
        "week_43": -149076.16796354018,
        "week_44": 732019.7447553053,