{
    "MAPE": {
        "week_1": 6.03114945283819,
        "week_2": 7.21232760693547,
        "week_3": 9.88564044917518,
        "week_4": 10.799783466358125,
        "week_5": 13.138769456254435,
        "week_6": 12.576800786964718,
        "week_7": 12.37563395023215,
        "week_8": 12.441019210528744,
        "week_9": 14.371962782947737,
        "week_10": 16.246394385509504,
        "week_11": 19.861432363000098,
        "week_12": 25.840492105920244,
        "week_13": 16.416724757841475,
        "week_14": 17.24078148383473,
        "week_15": 19.014572727118512,
        "week_16": 12.992676987714985,
        "week_17": 14.671204408909484,
        "week_18": 18.553232960805627,
        "week_19": 11.916726604519082,
        "week_20": 13.293476231129256,
        "week_21": 15.113732368312432,
        "week_22": 12.270970746297245,
        "week_23": 11.130755823542351,
        "week_24": 13.433483200328233,
        "week_25": 10.471225186300872,
        "week_26": 11.29161137238521,
        "week_27": 11.245602782584387,
        "week_28": 11.485646349613344,
        "week_29": 13.693525758776554,
        "week_30": 19.606640845067975,
        "week_31": 20.597258875618472,
        "week_32": 13.760566342262337,
        "week_33": 11.630702759750475,
        "week_34": 12.74019532681516,
        "week_35": 13.165845665658294,
        "week_36": 12.904686481481429,
        "week_37": 23.537985415565227,
        "week_38": 11.702390441699693,
        "week_39": 10.526811712316727,
        "week_40": 11.927463790556775,
        "week_41": 9.667371892288283,
        "week_42": 9.800697499212095,
        "week_43": 9.645255068101214,
        "week_44": 10.033222697513768,
        "week_45": 10.627981129934623,
        "week_46": 10.289170031703073,
        "week_47": 9.057424204672836,
        "week_48": 9.696955126178786,
        "week_49": 13.873628725994374,
        "week_50": 9.16856162475527,
        "week_51": 10.201569363292672,
        "week_52": 8.992074211592305
    },
    "MAE": {
        "week_1": 893619.7081967213,
        "week_2": 917268.41147541,
        "week_3": 1112195.2524590162,
        "week_4": 1267697.9918032787,
        "week_5": 1455141.713114754,
        "week_6": 1348223.3721311477,
        "week_7": 1208917.121311475,
        "week_8": 1084656.570491803,
        "week_9": 1146729.4114754098,
        "week_10": 1110358.2819672131,
        "week_11": 1280935.6852459016,
        "week_12": 1672034.750819672,
        "week_13": 1510360.0409836064,
        "week_14": 1712132.686885246,
        "week_15": 1852530.1475409837,
        "week_16": 1524004.2950819673,
        "week_17": 1670004.4491803278,
        "week_18": 1697678.4983606557,
        "week_19": 1756889.2721311478,
        "week_20": 1923700.0934426228,
        "week_21": 1872160.5459016394,
        "week_22": 1759086.1393442622,
        "week_23": 1610909.4147540983,
        "week_24": 1701944.8049180328,
        "week_25": 1577472.7000000002,
        "week_26": 1622312.0459016396,
        "week_27": 1804213.970491803,
        "week_28": 1714150.0459016394,
        "week_29": 1572843.3245901642,
        "week_30": 1808792.3655737701,
        "week_31": 1840422.5819672132,
        "week_32": 1460898.762295082,
        "week_33": 1249250.4721311477,
        "week_34": 1303452.424590164,
        "week_35": 1173949.4295081964,
        "week_36": 1139183.7836065572,
        "week_37": 1337866.306557377,
        "week_38": 1052902.019672131,
        "week_39": 1153240.767213115,
        "week_40": 1267961.9590163934,
        "week_41": 1223709.2524590162,
        "week_42": 1266040.044262295,
        "week_43": 1350719.1049180324,
        "week_44": 1404079.1065573771,
        "week_45": 1380163.8704918034,
        "week_46": 1422738.2540983604,
        "week_47": 1425103.9459016393,
        "week_48": 1572811.9967213115,
        "week_49": 1570591.7409836065,
        "week_50": 1469948.8786885245,
        "week_51": 1617629.2672131148,
        "week_52": 1604395.8311475408
    },
    "R2": {
        "week_1": 0.9834927538550822,
        "week_2": 0.9857965963964938,
        "week_3": 0.977442900380662,
        "week_4": 0.9668869907832218,
        "week_5": 0.9513374563525644,
        "week_6": 0.9726671694792564,
        "week_7": 0.9809446022936017,
        "week_8": 0.9855855205653802,
        "week_9": 0.980831266139692,
        "week_10": 0.9781979839211635,
        "week_11": 0.9731762417217528,
        "week_12": 0.9623790714774445,
        "week_13": 0.9711820327039732,
        "week_14": 0.9612262949086217,
        "week_15": 0.9553095392777399,
        "week_16": 0.9666517145653566,
        "week_17": 0.9570140200751097,
        "week_18": 0.9545231389704839,
        "week_19": 0.9457410225189141,
        "week_20": 0.9266293528302685,
        "week_21": 0.9274340471516715,
        "week_22": 0.9410712478267091,
        "week_23": 0.9472829544738607,
        "week_24": 0.9353363194271331,
        "week_25": 0.9560518775539443,
        "week_26": 0.946723776687735,
        "week_27": 0.9413531638026821,
        "week_28": 0.9474619155591759,
        "week_29": 0.9585488300761205,
        "week_30": 0.9461338121532924,
        "week_31": 0.9156539283698389,
        "week_32": 0.9548809593581342,
        "week_33": 0.9794256403220488,
        "week_34": 0.9731527191817931,
        "week_35": 0.9772873590587371,
        "week_36": 0.9774618126548293,
        "week_37": 0.9675284399678993,
        "week_38": 0.9833511702283873,
        "week_39": 0.9774923864122579,
        "week_40": 0.9754875645830042,
        "week_41": 0.9790928915354473,
        "week_42": 0.9768349057514674,
        "week_43": 0.9727078824809173,
        "week_44": 0.9690287508628356,
        "week_45": 0.9677542499737677,
        "week_46": 0.9653477181832859,
        "week_47": 0.9609545481601838,
        "week_48": 0.9462296466117045,
        "week_49": 0.9482395041058725,
        "week_50": 0.9579710328419317,
        "week_51": 0.9495267785368429,
        "week_52": 0.9561971890428036
    },
    "Execution Time": 5.426471710205078,
    "Scaler": "RobustScaler",
    "Scoring": "Pearson Correlation",
    "Predictions": {
        "week_1": 12036559.0,
        "week_2": 9686457.0,
        "week_3": 7429740.8,
        "week_4": 5745615.8,
        "week_5": 4336338.6,
        "week_6": 3450264.8,
        "week_7": 3322190.0,
        "week_8": 3832229.6,
        "week_9": 3584434.2,
        "week_10": 4915348.8,
        "week_11": 7293504.0,
        "week_12": 12108939.6,
        "week_13": 13352461.2,
        "week_14": 16813994.8,
        "week_15": 19755542.4,
        "week_16": 22783522.6,
        "week_17": 25947706.2,
        "week_18": 28955507.4,
        "week_19": 31246678.2,
        "week_20": 34283172.6,
        "week_21": 34155675.8,
        "week_22": 36648048.6,
        "week_23": 37822664.8,
        "week_24": 38726908.4,
        "week_25": 39289473.8,
        "week_26": 39186169.8,
        "week_27": 38763235.4,
        "week_28": 38153490.6,
        "week_29": 37761909.0,
        "week_30": 36782392.6,
        "week_31": 35986399.0,
        "week_32": 35572304.4,
        "week_33": 34378231.8,
        "week_34": 33561773.6,
        "week_35": 32765165.6,
        "week_36": 32002601.0,
        "week_37": 31116450.8,
        "week_38": 31379445.0,
        "week_39": 30551787.0,
        "week_40": 29619373.0,
        "week_41": 28689352.8,
        "week_42": 27546986.2,
        "week_43": 26654483.2,
        "week_44": 25375261.0,
        "week_45": 24107638.2,
        "week_46": 22930201.2,
        "week_47": 21899532.8,
        "week_48": 20387394.0,
        "week_49": 18807319.8,
        "week_50": 16973798.0,
        "week_51": 15238590.6,