{
    "MAPE": {
        "week_1": 2.9017050805017224,
        "week_2": 0.038255187377453856,
        "week_3": 1.7646063104972618,
        "week_4": 4.94506799151065,
        "week_5": 2.2927023965714075,
        "week_6": 1.2553350300807797,
        "week_7": 1.3684924291476759,
        "week_8": 2.1009798709957836,
        "week_9": 4.240299072889972,
        "week_10": 50.645626949126985,
        "week_11": 0.9577210219874874,
        "week_12": 0.7182704027782368,
        "week_13": 2.211054714950136,
        "week_14": 1.6087021144502438,
        "week_15": 0.24274665780162846,
        "week_16": 20.163959892864856,
        "week_17": 0.1605247145353981,
        "week_18": 0.9811358179643335,
        "week_19": 0.3517101786182496,
        "week_20": 0.14309220909517856,
        "week_21": 0.6663399324325436,
        "week_22": 4.300780490716311,
        "week_23": 3.611457185775466,
        "week_24": 2.156977451054115,
        "week_25": 34.59200272259814,
        "week_26": 4.898405207537157,
        "week_27": 0.25414079573161547,
        "week_28": 0.0548979815097187,
        "week_29": 0.5065560912149949,
        "week_30": 0.3922192357938674,
        "week_31": 1.2259019500453934,
        "week_32": 0.08303918218105351,
        "week_33": 2.2501316372738867,
        "week_34": 0.9459943990527537,
        "week_35": 1.2518656646141806,
        "week_36": 0.7726493544944751,
        "week_37": 3.4825863560632864,
        "week_38": 1.4709667323383575,
        "week_39": 13.899607941236884,
        "week_40": 10.393380503611077,
        "week_41": 2.2604044597872726,
        "week_42": 1.6934836935929836,
        "week_43": 0.24764609748179037,
        "week_44": 1.3144255001094571,
        "week_45": 0.24209409333529855,
        "week_46": 1.7533483582297806,
        "week_47": 1.095298919601843,
        "week_48": 3.6155595381943058,
        "week_49": 1.4070420855121553,
        "week_50": 9.277681509113163,
        "week_51": 0.2800919441876012,
        "week_52": 0.01248972733822474
    },
    "MAE": {
        "week_1": 788216.6726011187,
        "week_2": 4237.683186965063,
        "week_3": 319387.3543251604,
        "week_4": 845456.8898895383,
        "week_5": 274002.65172211826,
        "week_6": 336862.26353286207,
        "week_7": 358265.65239220485,
        "week_8": 243235.56605606712,
        "week_9": 694928.6644719876,
        "week_10": 2161338.088449128,
        "week_11": 218158.21810540557,
        "week_12": 160841.27853286266,
        "week_13": 458414.2152575962,
        "week_14": 472420.92209789157,
        "week_15": 72112.00440089032,
        "week_16": 489044.7865052074,
        "week_17": 11598.981325028464,
        "week_18": 229406.90072132275,
        "week_19": 108970.43498332798,
        "week_20": 39170.50490356237,
        "week_21": 180973.0946841687,
        "week_22": 376892.3181097731,
        "week_23": 799473.9833174683,
        "week_24": 423620.5140000768,
        "week_25": 574611.9082654044,
        "week_26": 166006.95248343423,
        "week_27": 86437.50336553156,
        "week_28": 16993.818949863315,
        "week_29": 196811.81261264533,
        "week_30": 73198.6993185021,
        "week_31": 255272.73814400285,
        "week_32": 21816.354544445872,
        "week_33": 257084.85248636268,
        "week_34": 324862.53650699556,
        "week_35": 369021.8434694633,
        "week_36": 290882.1458361596,
        "week_37": 914644.9929986447,
        "week_38": 389092.2650757916,
        "week_39": 227793.72474496067,
        "week_40": 397724.9468049556,
        "week_41": 600689.985151805,
        "week_42": 507248.205456201,
        "week_43": 22232.324390066788,
        "week_44": 485121.53887587786,
        "week_45": 89842.99184501171,
        "week_46": 298156.01164279506,
        "week_47": 283436.1422148049,
        "week_48": 409116.2532750815,
        "week_49": 275761.5069598034,
        "week_50": 591321.9375575762,
        "week_51": 76973.12032790482,
        "week_52": 2427.3715139366686
    },
    "MAE2": {
        "week_1": 788216.6726011187,
        "week_2": 4237.683186965063,
        "week_3": 319387.3543251604,
        "week_4": 845456.8898895383,
        "week_5": 274002.65172211826,
        "week_6": 336862.26353286207,
        "week_7": 358265.65239220485,
        "week_8": 243235.56605606712,
        "week_9": 694928.6644719876,
        "week_10": 2161338.088449128,
        "week_11": 218158.21810540557,
        "week_12": 160841.27853286266,
        "week_13": 458414.2152575962,
        "week_14": 472420.92209789157,
        "week_15": 72112.00440089032,
        "week_16": 489044.7865052074,
        "week_17": 11598.981325028464,
        "week_18": 229406.90072132275,
        "week_19": 108970.43498332798,
        "week_20": 39170.50490356237,
        "week_21": 180973.0946841687,
        "week_22": 376892.3181097731,
        "week_23": 799473.9833174683,
        "week_24": 423620.5140000768,
        "week_25": 574611.9082654044,
        "week_26": 166006.95248343423,
        "week_27": 86437.50336553156,
        "week_28": 16993.818949863315,
        "week_29": 196811.81261264533,
        "week_30": 73198.6993185021,
        "week_31": 255272.73814400285,
        "week_32": 21816.354544445872,
        "week_33": 257084.85248636268,
        "week_34": 324862.53650699556,
        "week_35": 369021.8434694633,
        "week_36": 290882.1458361596,
        "week_37": 914644.9929986447,
        "week_38": 389092.2650757916,
        "week_39": 227793.72474496067,
        "week_40": 397724.9468049556,
        "week_41": 600689.985151805,
        "week_42": 507248.205456201,
        "week_43": 22232.324390066788,
        "week_44": 485121.53887587786,
        "week_45": 89842.99184501171,
        "week_46": 298156.01164279506,
        "week_47": 283436.1422148049,
        "week_48": 409116.2532750815,
        "week_49": 275761.5069598034,
        "week_50": 591321.9375575762,
        "week_51": 76973.12032790482,
        "week_52": 2427.3715139366686
    },
    "ME": {
        "week_1": 788216.6726011187,
        "week_2": -4237.683186965063,
        "week_3": 319387.3543251604,
        "week_4": 845456.8898895383,
        "week_5": 274002.65172211826,
        "week_6": 336862.26353286207,
        "week_7": -358265.65239220485,
        "week_8": -243235.56605606712,
        "week_9": 694928.6644719876,
        "week_10": 2161338.088449128,
        "week_11": 218158.21810540557,
        "week_12": 160841.27853286266,
        "week_13": -458414.2152575962,
        "week_14": 472420.92209789157,
        "week_15": -72112.00440089032,
        "week_16": 489044.7865052074,
        "week_17": 11598.981325028464,
        "week_18": 229406.90072132275,
        "week_19": 108970.43498332798,
        "week_20": -39170.50490356237,
        "week_21": 180973.0946841687,
        "week_22": -376892.3181097731,
        "week_23": 799473.9833174683,
        "week_24": -423620.5140000768,
        "week_25": 574611.9082654044,
        "week_26": -166006.95248343423,
        "week_27": -86437.50336553156,
        "week_28": 16993.818949863315,
        "week_29": -196811.81261264533,
        "week_30": -73198.6993185021,
        "week_31": -255272.73814400285,
        "week_32": 21816.354544445872,
        "week_33": -257084.85248636268,
        "week_34": -324862.53650699556,
        "week_35": -369021.8434694633,
        "week_36": -290882.1458361596,
        "week_37": 914644.9929986447,
        "week_38": -389092.2650757916,
        "week_39": 227793.72474496067,
        "week_40": 397724.9468049556,
        "week_41": 600689.985151805,
        "week_42": 507248.205456201,
        "week_43": 22232.324390066788,
        "week_44": -485121.53887587786,