{
    "MAPE": {
        "week_1": 7.484493916096769,
        "week_2": 12.64803157997736,
        "week_3": 15.329568436024482,
        "week_4": 19.52910591521107,
        "week_5": 24.0894662655265,
        "week_6": 31.753239996727928,
        "week_7": 27.510100216407412,
        "week_8": 38.48861661161632,
        "week_9": 107.73183966455433,
        "week_10": 42.14768081964546,
        "week_11": 44.61913292128815,
        "week_12": 54.31184211801639,
        "week_13": 42.09809194494499,
        "week_14": 41.6035351240774,
        "week_15": 42.780847394296366,
        "week_16": 37.8527528601622,
        "week_17": 42.60206611430563,
        "week_18": 46.54505855171712,
        "week_19": 31.50421878961786,
        "week_20": 32.011564985183284,
        "week_21": 34.4220734409846,
        "week_22": 29.999267861063856,
        "week_23": 26.675744986187432,
        "week_24": 29.761871757943887,
        "week_25": 25.224006968312718,
        "week_26": 26.167359338271734,
        "week_27": 25.588934924808704,
        "week_28": 29.399788570976476,
        "week_29": 23.75921316513852,
        "week_30": 29.477555818049446,
        "week_31": 33.246486038957016,
        "week_32": 26.289714107459634,
        "week_33": 27.492160621945683,
        "week_34": 30.35060783110928,
        "week_35": 70.35591281946868,
        "week_36": 63.226843819741354,
        "week_37": 63.9409337385206,
        "week_38": 49.27772979730458,
        "week_39": 39.63418691068348,
        "week_40": 27.75896937391702,
        "week_41": 13.115676723072161,
        "week_42": 12.15345920364618,
        "week_43": 10.936014116977157,
        "week_44": 11.169750450305669,
        "week_45": 11.487076232285416,
        "week_46": 11.349982121042897,
        "week_47": 10.283522633581331,
        "week_48": 11.340616468223235,
        "week_49": 17.186386360684647,
        "week_50": 12.911148468467331,
        "week_51": 14.263385459194971,
        "week_52": 13.3362134528914
    },
    "MAE": {
        "week_1": 1056901.0347790238,
        "week_2": 1627426.1075141747,
        "week_3": 2239451.226489881,
        "week_4": 2677104.9628118738,
        "week_5": 3214183.827526669,
        "week_6": 3724618.2398497174,
        "week_7": 2847375.360419414,
        "week_8": 3705779.3132462185,
        "week_9": 6431242.8162819985,
        "week_10": 3376929.855258598,
        "week_11": 3387066.8825157103,
        "week_12": 3398795.8680534256,
        "week_13": 3195218.5657426515,
        "week_14": 3126474.551740257,
        "week_15": 3176577.20284926,
        "week_16": 3061194.948848417,
        "week_17": 3243837.534508018,
        "week_18": 3112850.299571461,
        "week_19": 2915460.0164753124,
        "week_20": 2866655.028528572,
        "week_21": 2945669.879991508,
        "week_22": 2984522.5734290862,
        "week_23": 3111652.947382449,
        "week_24": 3214952.436970072,
        "week_25": 3354792.9763353285,
        "week_26": 3474490.202770979,
        "week_27": 3534955.1836598977,
        "week_28": 3733939.9033655305,
        "week_29": 2607112.091805329,
        "week_30": 2701772.437546946,
        "week_31": 3034271.22139808,
        "week_32": 3044574.6295215515,
        "week_33": 3153020.809179467,
        "week_34": 3330718.1118061454,
        "week_35": 5735101.603579935,
        "week_36": 5069653.090422147,
        "week_37": 4462586.252325274,
        "week_38": 3690702.412972099,
        "week_39": 3050969.777773563,
        "week_40": 2114900.141497122,
        "week_41": 1589215.0070809228,
        "week_42": 1474476.7890368318,
        "week_43": 1497739.4656400387,
        "week_44": 1519216.3083689203,
        "week_45": 1520795.9949908468,
        "week_46": 1556813.4307710803,
        "week_47": 1540516.1006122103,
        "week_48": 1712846.9072955775,
        "week_49": 1875868.1938243657,
        "week_50": 1876676.74278419,
        "week_51": 2043784.4999468615,
        "week_52": 2061528.4043174486
    },
    "R2": {
        "week_1": 0.954545744203232,
        "week_2": 0.9124411471209819,
        "week_3": 0.8495796621491359,
        "week_4": 0.8025008777443736,
        "week_5": 0.746005084555886,
        "week_6": 0.7003244297826143,
        "week_7": 0.9023030734671204,
        "week_8": 0.8523552457050194,
        "week_9": 0.6122397231682232,
        "week_10": 0.88955053292324,
        "week_11": 0.888672153460098,
        "week_12": 0.8938462411960626,
        "week_13": 0.9000776735803102,
        "week_14": 0.900571221168276,
        "week_15": 0.8938054157651718,
        "week_16": 0.8959593249616076,
        "week_17": 0.8787156934888629,
        "week_18": 0.8784348963328932,
        "week_19": 0.8749201445647337,
        "week_20": 0.8647574304716397,
        "week_21": 0.8497120350526598,
        "week_22": 0.8469357287255364,
        "week_23": 0.8380299920280978,
        "week_24": 0.829464874573628,
        "week_25": 0.8228341852886278,
        "week_26": 0.8181279523417457,
        "week_27": 0.8186039441612765,
        "week_28": 0.8217262738939429,
        "week_29": 0.913505518955246,
        "week_30": 0.9105105816025447,
        "week_31": 0.9004808927672393,
        "week_32": 0.9000700858502706,
        "week_33": 0.895189581288286,
        "week_34": 0.8856495639761641,
        "week_35": 0.6813340778787478,
        "week_36": 0.745046903709466,
        "week_37": 0.8001492139098169,
        "week_38": 0.8483850608461656,
        "week_39": 0.8891270751658306,
        "week_40": 0.9401625357201797,
        "week_41": 0.9628108436371585,
        "week_42": 0.9697689107517792,
        "week_43": 0.9625153241764225,
        "week_44": 0.9626361895681185,
        "week_45": 0.9648136729587299,
        "week_46": 0.9610947780408107,
        "week_47": 0.9562884556446636,
        "week_48": 0.9435212088686143,
        "week_49": 0.9390246640627065,
        "week_50": 0.9406623654028194,
        "week_51": 0.9254325314281086,
        "week_52": 0.9273083323801334
    },
    "Execution Time": 1.6013157367706299,
    "Scaler": "No scaling",
    "Scoring": "No scoring",
    "Predictions": {
        "week_1": 12372200.149009628,
        "week_2": 10700941.071368335,
        "week_3": 9051318.758934766,
        "week_4": 7574062.054997414,
        "week_5": 6281230.660661201,
        "week_6": 5220963.137284071,
        "week_7": 7766434.832700891,
        "week_8": 5686147.701544095,
        "week_9": 11990640.28423065,
        "week_10": 10287953.743420675,
        "week_11": 11720438.718009641,
        "week_12": 13256952.561011389,
        "week_13": 14621572.564159425,
        "week_14": 16286364.924832385,
        "week_15": 17895231.12784173,
        "week_16": 19327749.098364357,
        "week_17": 20451893.455233082,
        "week_18": 22184504.99220833,
        "week_19": 23879698.4546477,
        "week_20": 25633575.964171983,
        "week_21": 27270071.38232388,
        "week_22": 28585948.019754015,
        "week_23": 29944741.825962573,
        "week_24": 31241162.06446395,
        "week_25": 32258552.555222496,
        "week_26": 33213710.136090867,
        "week_27": 33695705.68875926,
        "week_28": 34331670.522001214,
        "week_29": 39414725.37601523,
        "week_30": 39059638.48867511,
        "week_31": 38460691.19998229,
        "week_32": 37379864.09516354,
        "week_33": 36312551.440200634,
        "week_34": 34880623.33867612,
        "week_35": 31243911.466143876,
        "week_36": 31189305.24739477,
        "week_37": 30895865.244632144,
        "week_38": 30531937.760340247,
        "week_39": 29841679.285402264,
        "week_40": 28111640.7495214,
        "week_41": 26973934.97049192,
        "week_42": 27008540.497926943,