{
    "MAPE": {
        "week_1": 8.961214489022478,
        "week_2": 11.795604028878248,
        "week_3": 17.413492345032324,
        "week_4": 22.096597541066714,
        "week_5": 28.51867552776512,
        "week_6": 34.478250225727095,
        "week_7": 39.74008031995254,
        "week_8": 37.540621202212016,
        "week_9": 40.04023705734342,
        "week_10": 48.63780781007684,
        "week_11": 52.181728148912754,
        "week_12": 41.421552819066,
        "week_13": 40.043674360554775,
        "week_14": 39.188221268741835,
        "week_15": 36.10388369539475,
        "week_16": 42.3711262763463,
        "week_17": 47.450008245898545,
        "week_18": 31.370347880979644,
        "week_19": 31.700985954781157,
        "week_20": 35.15040342843529,
        "week_21": 29.97155946345928,
        "week_22": 25.651013236254578,
        "week_23": 26.79855136275467,
        "week_24": 24.634160630755737,
        "week_25": 22.190034352739488,
        "week_26": 22.31365439337646,
        "week_27": 26.587377486548448,
        "week_28": 27.91724851040901,
        "week_29": 32.2914611877599,
        "week_30": 31.07899052158935,
        "week_31": 26.035681870198196,
        "week_32": 29.640856020847217,
        "week_33": 30.23237907633648,
        "week_34": 71.63980528971699,
        "week_35": 66.17105045926513,
        "week_36": 63.41641751587226,
        "week_37": 53.251533270196894,
        "week_38": 41.75994637845656,
        "week_39": 26.54767064746538,
        "week_40": 13.256951151942372,
        "week_41": 12.266271201253709,
        "week_42": 10.616817876966854,
        "week_43": 12.195122888104125,
        "week_44": 10.441304281107735,
        "week_45": 11.547879687234945,
        "week_46": 11.296627324650881,
        "week_47": 12.216789260107976,
        "week_48": 18.08138903914314,
        "week_49": 13.868442209066128,
        "week_50": 15.268887091406713,
        "week_51": 14.16907879134219,
        "week_52": 13.6035539250558
    },
    "MAE": {
        "week_1": 978541.8544725705,
        "week_2": 1420657.567601295,
        "week_3": 1966141.5763419084,
        "week_4": 2363568.286416353,
        "week_5": 2895478.9812318827,
        "week_6": 3275108.127701938,
        "week_7": 3579531.2113042385,
        "week_8": 3094700.439482381,
        "week_9": 3431981.407048403,
        "week_10": 3585443.7005698793,
        "week_11": 3513826.3761663376,
        "week_12": 3341267.726529652,
        "week_13": 3273564.2818935667,
        "week_14": 3255565.619927869,
        "week_15": 3136820.47405683,
        "week_16": 4112638.174139998,
        "week_17": 3896991.7599664954,
        "week_18": 3267773.470973156,
        "week_19": 2964423.4579354194,
        "week_20": 3061759.7986355717,
        "week_21": 3344111.6601798693,
        "week_22": 3220829.6815506313,
        "week_23": 3215544.7111219727,
        "week_24": 3294069.6440223684,
        "week_25": 3372248.9977884702,
        "week_26": 3364995.6868056655,
        "week_27": 3627652.7693109023,
        "week_28": 3591146.9960480714,
        "week_29": 2675043.9296685564,
        "week_30": 2896141.494866652,
        "week_31": 3009683.656513721,
        "week_32": 3153249.0485941847,
        "week_33": 3358060.182216545,
        "week_34": 5598917.4491072735,
        "week_35": 5032879.764160468,
        "week_36": 4500268.277095667,
        "week_37": 3734251.0123567274,
        "week_38": 3217342.399191612,
        "week_39": 2276021.03630276,
        "week_40": 1728123.3803481916,
        "week_41": 1593498.9756553418,
        "week_42": 1522811.4815300186,
        "week_43": 1703681.245673899,
        "week_44": 1590608.384965976,
        "week_45": 1575149.7395966954,
        "week_46": 1675058.8210423652,
        "week_47": 1839358.3260862324,
        "week_48": 1969830.5607686942,
        "week_49": 2003657.7110634148,
        "week_50": 2041843.699985539,
        "week_51": 2091369.2660098588,
        "week_52": 2038609.9061065065
    },
    "R2": {
        "week_1": 0.9740461194189546,
        "week_2": 0.9505792614160022,
        "week_3": 0.9095195557416402,
        "week_4": 0.8678681274408275,
        "week_5": 0.8227005609214822,
        "week_6": 0.7776651150820099,
        "week_7": 0.8645726918644631,
        "week_8": 0.9092418881591098,
        "week_9": 0.8856794231305211,
        "week_10": 0.8817862198129481,
        "week_11": 0.8868289720838982,
        "week_12": 0.8903781870993979,
        "week_13": 0.8920914866717911,
        "week_14": 0.8887016537830332,
        "week_15": 0.8887697660686728,
        "week_16": -0.007203521413491565,
        "week_17": 0.39293080512520273,
        "week_18": 0.811659668890448,
        "week_19": 0.859400190709452,
        "week_20": 0.843249193076845,
        "week_21": 0.6066626112418787,
        "week_22": 0.8141542456984163,
        "week_23": 0.8305827997223568,
        "week_24": 0.8271513802959348,
        "week_25": 0.8163043450984652,
        "week_26": 0.8292024420556918,
        "week_27": 0.8255126879078505,
        "week_28": 0.8375737834849719,
        "week_29": 0.9159080141769876,
        "week_30": 0.9068820860997227,
        "week_31": 0.9019387269949026,
        "week_32": 0.8964649223953782,
        "week_33": 0.8867210525480148,
        "week_34": 0.7025124348262042,
        "week_35": 0.7520545161999447,
        "week_36": 0.7939987588061463,
        "week_37": 0.8479010911163192,
        "week_38": 0.8724197811244065,
        "week_39": 0.9165627160704545,
        "week_40": 0.9467004754639401,
        "week_41": 0.9582424523844826,
        "week_42": 0.9650714065170324,
        "week_43": 0.9477633920859894,
        "week_44": 0.9600319013276462,
        "week_45": 0.9596501852208166,
        "week_46": 0.9468906433818515,
        "week_47": 0.936368706357018,
        "week_48": 0.9339548919116418,
        "week_49": 0.9340525578105725,
        "week_50": 0.9380628800862585,
        "week_51": 0.9328786375368914,
        "week_52": 0.9353601804095335
    },
    "Execution Time": 1.419004201889038,
    "Scaler": "RobustScaler",
    "Scoring": "No scoring",
    "Predictions": {
        "week_1": 12519862.343588045,
        "week_2": 10823649.11184603,
        "week_3": 9200959.68039118,
        "week_4": 7745601.42745864,
        "week_5": 6431747.553625936,
        "week_6": 5285197.879409671,
        "week_7": 5884404.138273422,
        "week_8": 9361186.100122666,
        "week_9": 8634724.863785453,
        "week_10": 9914045.325003156,
        "week_11": 11376186.14061719,
        "week_12": 12853898.60514779,
        "week_13": 14631112.641986234,
        "week_14": 16391717.287454404,
        "week_15": 17964435.946180794,
        "week_16": 18622355.637054265,
        "week_17": 20333568.8316922,
        "week_18": 22002779.554224875,
        "week_19": 23781830.947222505,
        "week_20": 25528309.984427206,
        "week_21": 26998478.064117074,
        "week_22": 28489107.893225938,
        "week_23": 29919725.066237986,
        "week_24": 31160883.6100622,
        "week_25": 32259420.71040605,
        "week_26": 32930763.88049248,
        "week_27": 33755253.87864791,
        "week_28": 34394342.87844646,
        "week_29": 39511225.861798055,
        "week_30": 39252624.005055025,
        "week_31": 38626608.01888922,
        "week_32": 37605350.6355933,
        "week_33": 36332755.73192327,
        "week_34": 26607197.267357692,
        "week_35": 27254252.745712515,
        "week_36": 27771032.58992878,
        "week_37": 28066052.424047757,
        "week_38": 28318243.12139134,
        "week_39": 28315548.180612028,
        "week_40": 28107761.808219355,
        "week_41": 27914444.87430524,
        "week_42": 27496621.130009733,