{
    "MAPE": {
        "week_1": 7.4971660459072,
        "week_2": 12.654713102596475,
        "week_3": 15.338032211235051,
        "week_4": 19.545292128142915,
        "week_5": 24.122315271468512,
        "week_6": 31.79278783977929,
        "week_7": 27.5079651209011,
        "week_8": 38.48857748334688,
        "week_9": 107.73181505443523,
        "week_10": 42.135354483364196,
        "week_11": 44.60973474124228,
        "week_12": 54.30096832017037,
        "week_13": 42.09272428049253,
        "week_14": 41.88307695198872,
        "week_15": 43.03138597779065,
        "week_16": 38.12254978342875,
        "week_17": 42.907693233130324,
        "week_18": 46.779487585462654,
        "week_19": 31.58318672942148,
        "week_20": 32.358389005138186,
        "week_21": 34.64256446165012,
        "week_22": 30.254611449218277,
        "week_23": 26.71287275569319,
        "week_24": 29.80563029452857,
        "week_25": 25.257653717537742,
        "week_26": 26.191378689611888,
        "week_27": 25.599177067673295,
        "week_28": 29.40848942840631,
        "week_29": 23.7583960666107,
        "week_30": 29.47890718880184,
        "week_31": 33.24867597151173,
        "week_32": 26.289425127803277,
        "week_33": 27.95802626831595,
        "week_34": 30.350609777403125,
        "week_35": 70.35589827065284,
        "week_36": 63.226828578367304,
        "week_37": 63.9409128897278,
        "week_38": 49.277711732772985,
        "week_39": 39.63417041756228,
        "week_40": 27.758988171653016,
        "week_41": 13.1156886063524,
        "week_42": 12.153468377206902,
        "week_43": 10.936010109319124,
        "week_44": 11.169896531312881,
        "week_45": 11.487053450038722,
        "week_46": 11.350272811536296,
        "week_47": 10.283782588900324,
        "week_48": 11.34079124574648,
        "week_49": 17.186611454133878,
        "week_50": 12.911627909207732,
        "week_51": 14.263476827721217,
        "week_52": 13.336236595750414
    },
    "MAE": {
        "week_1": 1057228.1398158404,
        "week_2": 1627502.958472657,
        "week_3": 2239833.496990323,
        "week_4": 2676853.258158399,
        "week_5": 3214557.953263388,
        "week_6": 3724725.5453493837,
        "week_7": 2847436.159110405,
        "week_8": 3705778.2780056903,
        "week_9": 6431242.021376688,
        "week_10": 3376690.901376404,
        "week_11": 3386995.133124135,
        "week_12": 3398673.1299376977,
        "week_13": 3195155.7955201147,
        "week_14": 3222604.464987926,
        "week_15": 3257425.726324955,
        "week_16": 3137244.090925347,
        "week_17": 3324261.083863877,
        "week_18": 3165302.267854993,
        "week_19": 2924503.6225498165,
        "week_20": 2967602.2575454926,
        "week_21": 2991024.9436767506,
        "week_22": 3041751.681594959,
        "week_23": 3104714.856219968,
        "week_24": 3216718.760571767,
        "week_25": 3356938.075698469,
        "week_26": 3475769.658740657,
        "week_27": 3535431.0780580128,
        "week_28": 3734299.3763206094,
        "week_29": 2607007.661208371,
        "week_30": 2701812.8458792027,
        "week_31": 3034319.7300378983,
        "week_32": 3044573.1300534,
        "week_33": 3126154.114167912,
        "week_34": 3330718.661655558,
        "week_35": 5735102.489341555,
        "week_36": 5069653.92576997,
        "week_37": 4462586.988899609,
        "week_38": 3690703.170849218,
        "week_39": 3050970.7905530543,
        "week_40": 2114900.144605173,
        "week_41": 1589215.069888727,
        "week_42": 1474476.249857936,
        "week_43": 1497739.8464310127,
        "week_44": 1519231.6909751638,
        "week_45": 1520797.809622748,
        "week_46": 1556823.6528633721,
        "week_47": 1540531.8516638996,
        "week_48": 1712840.8218260354,
        "week_49": 1875872.4204867969,
        "week_50": 1876707.8466126034,
        "week_51": 2043787.4238818348,
        "week_52": 2061529.4664340531
    },
    "R2": {
        "week_1": 0.9544989641854336,
        "week_2": 0.9123474506200034,
        "week_3": 0.8493505317536993,
        "week_4": 0.802244161693331,
        "week_5": 0.7456474018628574,
        "week_6": 0.6999402836921609,
        "week_7": 0.9023046018585017,
        "week_8": 0.8523552620992937,
        "week_9": 0.6122398155284159,
        "week_10": 0.8895510151581301,
        "week_11": 0.8886727250790322,
        "week_12": 0.8938512769215745,
        "week_13": 0.900080243794483,
        "week_14": 0.8852470138373993,
        "week_15": 0.8835654763446743,
        "week_16": 0.886803319036363,
        "week_17": 0.8684287094572383,
        "week_18": 0.8732106457142114,
        "week_19": 0.8745382869295522,
        "week_20": 0.8439245498039387,
        "week_21": 0.8449018448126928,
        "week_22": 0.8409938192545168,
        "week_23": 0.8378828137702299,
        "week_24": 0.8292637493356771,
        "week_25": 0.8226265631811535,
        "week_26": 0.8179778464304672,
        "week_27": 0.8185598545470996,
        "week_28": 0.8216965004132497,
        "week_29": 0.9135076061619221,
        "week_30": 0.9105101177639063,
        "week_31": 0.9004816737381252,
        "week_32": 0.9000696695730426,
        "week_33": 0.8962282200126008,
        "week_34": 0.8856495318286031,
        "week_35": 0.6813339874364996,
        "week_36": 0.7450468221677414,
        "week_37": 0.800149148705992,
        "week_38": 0.8483849964794353,
        "week_39": 0.88912703301566,
        "week_40": 0.9401625535563392,
        "week_41": 0.9628108585207032,
        "week_42": 0.9697689153837414,
        "week_43": 0.9625153552293003,
        "week_44": 0.9626351616872637,
        "week_45": 0.964813746670296,
        "week_46": 0.9610953217343259,
        "week_47": 0.9562887715825473,
        "week_48": 0.9435228528452648,
        "week_49": 0.9390247013752011,
        "week_50": 0.9406585814719005,
        "week_51": 0.9254329016228994,
        "week_52": 0.9273082352125821
    },
    "Execution Time": 1.4118950366973877,
    "Scaler": "RobustScaler",
    "Scoring": "No scoring",
    "Predictions": {
        "week_1": 12372890.02506898,
        "week_2": 10702145.674732428,
        "week_3": 9053048.970163876,
        "week_4": 7576281.885193335,
        "week_5": 6283903.191494385,
        "week_6": 5223997.907624317,
        "week_7": 7766180.350370905,
        "week_8": 5686139.397875307,
        "week_9": 11990645.337935567,
        "week_10": 10287887.284414377,
        "week_11": 11720379.758229835,
        "week_12": 13256902.939054992,
        "week_13": 14621532.18729072,
        "week_14": 16277486.213374155,
        "week_15": 17887834.9812366,
        "week_16": 19312746.1196379,
        "week_17": 20431171.088798776,
        "week_18": 22168071.36269994,
        "week_19": 23856468.57971087,
        "week_20": 25558742.132669475,
        "week_21": 27199098.560874373,
        "week_22": 28521699.25403159,
        "week_23": 29898847.239598274,
        "week_24": 31209266.368851002,
        "week_25": 32232854.65629012,
        "week_26": 33194440.572326124,
        "week_27": 33689798.8108613,
        "week_28": 34326446.84289665,
        "week_29": 39416693.77921543,
        "week_30": 39058668.66532264,
        "week_31": 38458352.07085992,
        "week_32": 37380012.83928492,
        "week_33": 35932996.01405105,
        "week_34": 34880618.85803988,
        "week_35": 31243918.16042182,
        "week_36": 31189311.94167421,
        "week_37": 30895871.938911624,
        "week_38": 30531944.454619758,
        "week_39": 29841685.97968027,
        "week_40": 28111632.92336522,
        "week_41": 26973931.360939663,
        "week_42": 27008536.637645196,