{
    "MAPE": {
        "week_1": 8.047506044020706,
        "week_2": 11.545780153339335,
        "week_3": 17.593371653994364,
        "week_4": 267.7773834597811,
        "week_5": 111.6983247697239,
        "week_6": 652.0986230752748,
        "week_7": 107.96215266110833,
        "week_8": 133.39240786415252,
        "week_9": 186.8106288677623,
        "week_10": 2754.611976495251,
        "week_11": 116.82198448173489,
        "week_12": 172.92266394165821,
        "week_13": 226.31348581382684,
        "week_14": 1011.9368889550424,
        "week_15": 194.1518668567066,
        "week_16": 2838.934616820928,
        "week_17": 104.81994564863648,
        "week_18": 112.57925655206532,
        "week_19": 88.0015767675413,
        "week_20": 88.67684948386041,
        "week_21": 94.9497622699884,
        "week_22": 90.19098874763762,
        "week_23": 88.28638894330419,
        "week_24": 98.56073797871926,
        "week_25": 100.36521510592522,
        "week_26": 134.28569466447536,
        "week_27": 177.38339062947117,
        "week_28": 749.4311284983042,
        "week_29": 120.06173710290233,
        "week_30": 256.4566005073521,
        "week_31": 248.81261560317793,
        "week_32": 91.29089471880289,
        "week_33": 114.31737295929958,
        "week_34": 132.00976331641954,
        "week_35": 64.92442369110537,
        "week_36": 181.44692320410482,
        "week_37": 57.13368079927669,
        "week_38": 44.540237842174626,
        "week_39": 34.484745477511396,
        "week_40": 24.57881175231541,
        "week_41": 22.075208159557985,
        "week_42": 13.535046786930982,
        "week_43": 10.692678213689717,
        "week_44": 12.591993898290694,
        "week_45": 19.10557416710888,
        "week_46": 62.51028241604525,
        "week_47": 18.21133542316038,
        "week_48": 11.49932561419986,
        "week_49": 21.896536942824948,
        "week_50": 12.139531556079715,
        "week_51": 32.93928768380537,
        "week_52": 12.976201461357991
    },
    "MAE": {
        "week_1": 1412277.6786747389,
        "week_2": 1522574.586719481,
        "week_3": 2294879.3902385607,
        "week_4": 43361909.4024682,
        "week_5": 17820133.80422324,
        "week_6": 85578848.99290088,
        "week_7": 10992019.326913211,
        "week_8": 10655196.562763833,
        "week_9": 12296112.535161244,
        "week_10": 163251852.7428187,
        "week_11": 14487306.816533037,
        "week_12": 13379243.237733828,
        "week_13": 17442180.993128885,
        "week_14": 56666699.37495316,
        "week_15": 17520618.351996742,
        "week_16": 174089772.28885603,
        "week_17": 12936178.559791269,
        "week_18": 13159529.511490548,
        "week_19": 13442726.318126282,
        "week_20": 13449169.20919715,
        "week_21": 13804086.16640879,
        "week_22": 14287541.323367953,
        "week_23": 14417753.555639317,
        "week_24": 14440110.964835323,
        "week_25": 16935474.1644724,
        "week_26": 17784085.90174498,
        "week_27": 17697029.409189496,
        "week_28": 55376359.92434709,
        "week_29": 22234902.24295791,
        "week_30": 16566405.850879626,
        "week_31": 17193932.452249616,
        "week_32": 18344606.035957266,
        "week_33": 16688625.612176768,
        "week_34": 9234585.058466826,
        "week_35": 8175537.523307816,
        "week_36": 24667223.53204457,
        "week_37": 4087697.580587109,
        "week_38": 5737549.700902951,
        "week_39": 3458889.067332153,
        "week_40": 3073989.6896210955,
        "week_41": 2641820.4405190633,
        "week_42": 1990959.7961818883,
        "week_43": 1500274.9705630261,
        "week_44": 1806150.7071673328,
        "week_45": 3084434.346274128,
        "week_46": 12489828.776829908,
        "week_47": 3723458.788557652,
        "week_48": 1708408.204741163,
        "week_49": 2938535.9839565707,
        "week_50": 1812142.5051367432,
        "week_51": 7271998.037473946,
        "week_52": 2062563.964277149
    },
    "R2": {
        "week_1": 0.9545229825492912,
        "week_2": 0.9231328156993104,
        "week_3": 0.8590359135870648,
        "week_4": -19.171295230070626,
        "week_5": -2.293930142977008,
        "week_6": -70.06370147184398,
        "week_7": -0.09123525546530264,
        "week_8": -0.2560983284753797,
        "week_9": -0.5213458823134722,
        "week_10": -257.49755633028155,
        "week_11": -1.5174338741507287,
        "week_12": -1.363550811263547,
        "week_13": -1.6583793936425608,
        "week_14": -31.251349870101635,
        "week_15": -2.0635897223173747,
        "week_16": -338.7661517278526,
        "week_17": -1.2130320762925884,
        "week_18": -1.4265989270593669,
        "week_19": -1.7597511476113903,
        "week_20": -1.7461179536085116,
        "week_21": -1.8366393476493497,
        "week_22": -1.9564865060807892,
        "week_23": -1.9665090426601317,
        "week_24": -1.843441332333681,
        "week_25": -3.114041940399937,
        "week_26": -3.9277994497295863,
        "week_27": -3.0562660985200534,
        "week_28": -35.38326568640165,
        "week_29": -4.687989292339913,
        "week_30": -2.500985046210868,
        "week_31": -2.1255875355339477,
        "week_32": -2.1500519418677384,
        "week_33": -1.4187314149252646,
        "week_34": -0.14985250557361707,
        "week_35": 0.4134900309395272,
        "week_36": -3.8921095917083557,
        "week_37": 0.7801207516390158,
        "week_38": 0.7071328572322939,
        "week_39": 0.8764953027156314,
        "week_40": 0.8792295308767908,
        "week_41": 0.9144998729162037,
        "week_42": 0.9466972515489468,
        "week_43": 0.9581538082351361,
        "week_44": 0.9467583404420861,
        "week_45": 0.8763722634467855,
        "week_46": -0.9914557103492412,
        "week_47": 0.7969286583337916,
        "week_48": 0.9407422045877045,
        "week_49": 0.8692204396573682,
        "week_50": 0.944414161630481,
        "week_51": 0.2983154178189589,
        "week_52": 0.9255109853206666
    },
    "Execution Time": 1.6287243366241455,
    "Scaler": "No scaling",
    "Scoring": "F_regression",
    "Predictions": {
        "week_1": 12993795.851386597,
        "week_2": 9440955.884915026,
        "week_3": 8031990.046944434,
        "week_4": 42618108.970156595,
        "week_5": 17713693.469807334,
        "week_6": 72137749.24509148,
        "week_7": 14022543.877214104,
        "week_8": 11876125.05604138,
        "week_9": 17429240.86592868,
        "week_10": 242227712.11491427,
        "week_11": 8698985.682587078,
        "week_12": 15496903.206154115,
        "week_13": 21601092.40525843,
        "week_14": 89914091.03156856,
        "week_15": 16635038.13698337,
        "week_16": 255163691.91061482,
        "week_17": 2928006.787341239,
        "week_18": 2706951.1051619034,
        "week_19": 3050894.3790472187,
        "week_20": 4504326.368800227,
        "week_21": 4601291.420168407,
        "week_22": 4850303.800939002,
        "week_23": 5249392.640240955,
        "week_24": 6225364.922656483,
        "week_25": 14474196.151906006,
        "week_26": 19226286.838484295,
        "week_27": 19232166.941056293,
        "week_28": 62374535.11498838,
        "week_29": 8875397.641778313,
        "week_30": 30386022.869904723,
        "week_31": 22066666.06944816,
        "week_32": 6796891.334765308,
        "week_33": 6437745.155543789,
        "week_34": 34086570.619953595,
        "week_35": 21856606.156753007,
        "week_36": -2672521.5217470876,
        "week_37": 29894247.749032453,
        "week_38": 22109465.957499593,
        "week_39": 25464062.747205492,
        "week_40": 31108913.375229508,
        "week_41": 25533919.521402836,