{
    "MAPE": {
        "week_1": 3.6323542527853854e-09,
        "week_2": 1.093195922815498e-08,
        "week_3": 4.864659601061314e-08,
        "week_4": 1.0135856920671902e-08,
        "week_5": 8.37925023477552e-08,
        "week_6": 1.8735970139856184e-08,
        "week_7": 1.6560557496480083e-08,
        "week_8": 1.5266996566099762e-08,
        "week_9": 4.1234665814320205e-08,
        "week_10": 3.584175080868729e-07,
        "week_11": 1.648276993978838e-08,
        "week_12": 1.498796532366395e-09,
        "week_13": 1.3585717317716024e-08,
        "week_14": 1.5940616191840294e-08,
        "week_15": 8.574491075722663e-09,
        "week_16": 4.6294626240597973e-08,
        "week_17": 3.6022045385955144e-07,
        "week_18": 3.506963826099072e-09,
        "week_19": 1.2777428417418165e-07,
        "week_20": 6.558809644344172e-07,
        "week_21": 7.104476755173188e-09,
        "week_22": 3.104279675380085e-08,
        "week_23": 1.4009074210055097e-08,
        "week_24": 2.8943498451513007e-10,
        "week_25": 1.3892351522258023e-08,
        "week_26": 6.068532788445315e-09,
        "week_27": 3.3490856989500804e-08,
        "week_28": 6.157127027246464e-08,
        "week_29": 4.0695208401937727e-07,
        "week_30": 1.8546543197990733e-08,
        "week_31": 2.542941374832701e-08,
        "week_32": 1.3363915432679467e-08,
        "week_33": 1.6649437111941336e-06,
        "week_34": 3.756787890730647e-10,
        "week_35": 3.130065676368471e-07,
        "week_36": 2.1972611746411825e-08,
        "week_37": 1.1232743707310058e-07,
        "week_38": 5.226689102770461e-09,
        "week_39": 3.0704966282944644e-08,
        "week_40": 1.297396395396778e-09,
        "week_41": 5.470245843606425e-09,
        "week_42": 2.523978478254575e-07,
        "week_43": 4.504676283271112e-07,
        "week_44": 8.343650423750967e-09,
        "week_45": 5.141264928165726e-08,
        "week_46": 6.892657384816211e-08,
        "week_47": 3.608555766215963e-08,
        "week_48": 1.889766433595129e-09,
        "week_49": 1.7455020005745143e-08,
        "week_50": 2.2854791420156484e-08,
        "week_51": 3.7350428488361236e-07,
        "week_52": 8.641060446034128e-08
    },
    "MAE": {
        "week_1": 0.0010740645229816437,
        "week_2": 0.003999203443527222,
        "week_3": 0.010669637471437454,
        "week_4": 0.0013024918735027313,
        "week_5": 0.007343027740716934,
        "week_6": 0.00282890722155571,
        "week_7": 0.00406145304441452,
        "week_8": 0.005564369261264801,
        "week_9": 0.004665881395339966,
        "week_10": 0.011108670383691788,
        "week_11": 0.004876475781202316,
        "week_12": 0.0003541335463523865,
        "week_13": 0.004057627171278,
        "week_14": 0.004363633692264557,
        "week_15": 0.0028896480798721313,
        "week_16": 0.005539819598197937,
        "week_17": 0.013389520347118378,
        "week_18": 0.0010531991720199585,
        "week_19": 0.00593205913901329,
        "week_20": 0.018985819071531296,
        "week_21": 0.0019594021141529083,
        "week_22": 0.008956145495176315,
        "week_23": 0.0038498863577842712,
        "week_24": 5.653500556945801e-05,
        "week_25": 0.0047902911901474,
        "week_26": 0.0014529451727867126,
        "week_27": 0.006321236491203308,
        "week_28": 0.001752559095621109,
        "week_29": 0.01193392276763916,
        "week_30": 0.0039003975689411163,
        "week_31": 0.005629349499940872,
        "week_32": 0.0036153197288513184,
        "week_33": 0.08841853402554989,
        "week_34": 0.00011629238724708557,
        "week_35": 0.008215092122554779,
        "week_36": 0.0010028965771198273,
        "week_37": 0.0063916221261024475,
        "week_38": 0.0017948895692825317,
        "week_39": 0.004043351858854294,
        "week_40": 0.0003241598606109619,
        "week_41": 0.0019353553652763367,
        "week_42": 0.011618953198194504,
        "week_43": 0.02024594321846962,
        "week_44": 0.003141164779663086,
        "week_45": 0.006649786606431007,
        "week_46": 0.005029322579503059,
        "week_47": 0.0054940395057201385,
        "week_48": 0.0005845576524734497,
        "week_49": 0.0042162127792835236,
        "week_50": 0.007798060774803162,
        "week_51": 0.011951599270105362,
        "week_52": 0.0069810375571250916
    },
    "MAE2": {
        "week_1": 0.0010740645229816437,
        "week_2": 0.003999203443527222,
        "week_3": 0.010669637471437454,
        "week_4": 0.0013024918735027313,
        "week_5": 0.007343027740716934,
        "week_6": 0.00282890722155571,
        "week_7": 0.00406145304441452,
        "week_8": 0.005564369261264801,
        "week_9": 0.004665881395339966,
        "week_10": 0.011108670383691788,
        "week_11": 0.004876475781202316,
        "week_12": 0.0003541335463523865,
        "week_13": 0.004057627171278,
        "week_14": 0.004363633692264557,
        "week_15": 0.0028896480798721313,
        "week_16": 0.005539819598197937,
        "week_17": 0.013389520347118378,
        "week_18": 0.0010531991720199585,
        "week_19": 0.00593205913901329,
        "week_20": 0.018985819071531296,
        "week_21": 0.0019594021141529083,
        "week_22": 0.008956145495176315,
        "week_23": 0.0038498863577842712,
        "week_24": 5.653500556945801e-05,
        "week_25": 0.0047902911901474,
        "week_26": 0.0014529451727867126,
        "week_27": 0.006321236491203308,
        "week_28": 0.001752559095621109,
        "week_29": 0.01193392276763916,
        "week_30": 0.0039003975689411163,
        "week_31": 0.005629349499940872,
        "week_32": 0.0036153197288513184,
        "week_33": 0.08841853402554989,
        "week_34": 0.00011629238724708557,
        "week_35": 0.008215092122554779,
        "week_36": 0.0010028965771198273,
        "week_37": 0.0063916221261024475,
        "week_38": 0.0017948895692825317,
        "week_39": 0.004043351858854294,
        "week_40": 0.0003241598606109619,
        "week_41": 0.0019353553652763367,
        "week_42": 0.011618953198194504,
        "week_43": 0.02024594321846962,
        "week_44": 0.003141164779663086,
        "week_45": 0.006649786606431007,
        "week_46": 0.005029322579503059,
        "week_47": 0.0054940395057201385,
        "week_48": 0.0005845576524734497,
        "week_49": 0.0042162127792835236,
        "week_50": 0.007798060774803162,
        "week_51": 0.011951599270105362,
        "week_52": 0.0069810375571250916
    },
    "ME": {
        "week_1": 0.0010740645229816437,
        "week_2": 0.003999203443527222,
        "week_3": -0.010669637471437454,
        "week_4": -0.0013024918735027313,
        "week_5": -0.007343027740716934,
        "week_6": -0.00282890722155571,
        "week_7": -0.00406145304441452,
        "week_8": 0.005564369261264801,
        "week_9": -0.004665881395339966,
        "week_10": 0.011108670383691788,
        "week_11": -0.004876475781202316,
        "week_12": 0.0003541335463523865,
        "week_13": -0.004057627171278,
        "week_14": 0.004363633692264557,
        "week_15": 0.0028896480798721313,
        "week_16": -0.005539819598197937,
        "week_17": -0.013389520347118378,
        "week_18": 0.0010531991720199585,
        "week_19": -0.00593205913901329,
        "week_20": 0.018985819071531296,
        "week_21": -0.0019594021141529083,
        "week_22": 0.008956145495176315,
        "week_23": 0.0038498863577842712,
        "week_24": 5.653500556945801e-05,
        "week_25": 0.0047902911901474,
        "week_26": 0.0014529451727867126,
        "week_27": -0.006321236491203308,
        "week_28": -0.001752559095621109,
        "week_29": 0.01193392276763916,
        "week_30": 0.0039003975689411163,