{
    "Predictions": {
        "week_1": 6890983.293665737,
        "week_2": 5576799.228570905,
        "week_3": 4609097.811021189,
        "week_4": 3886575.283384662,
        "week_5": 3624407.643101062,
        "week_6": 3461084.81784411,
        "week_7": 3662030.730130297,
        "week_8": 4206454.394659059,
        "week_9": 5006024.581087213,
        "week_10": 5958482.952370627,
        "week_11": 7164003.424077814,
        "week_12": 8587891.653519312,
        "week_13": 10046790.641803797,
        "week_14": 11623348.846128426,
        "week_15": 13268845.895932466,
        "week_16": 14938516.995461721,
        "week_17": 16596538.40468851,
        "week_18": 18231004.082474817,
        "week_19": 19805383.30046812,
        "week_20": 21295177.49788502,
        "week_21": 22679289.556810327,
        "week_22": 23939519.477983747,
        "week_23": 25057859.72525507,
        "week_24": 26021990.823197678,
        "week_25": 26822238.307496596,
        "week_26": 27452108.157896694,
        "week_27": 27908274.806321148,
        "week_28": 28190920.734007683,
        "week_29": 28303041.647377387,
        "week_30": 28250507.11113251,
        "week_31": 28041803.638774857,
        "week_32": 27687775.4174397,
        "week_33": 27201271.794601873,
        "week_34": 26596881.9198358,
        "week_35": 25890581.67593802,
        "week_36": 25099391.608058266,
        "week_37": 24241029.185077254,
        "week_38": 23333573.73551962,
        "week_39": 22395129.395825084,
        "week_40": 21443509.090585973,
        "week_41": 20495936.826839518,
        "week_42": 19568774.404965997,
        "week_43": 18677274.636722576,
        "week_44": 17835366.37595778,
        "week_45": 17055472.06456615,
        "week_46": 16348360.062766606,
        "week_47": 15723032.587103818,
        "week_48": 15186649.773396084,
        "week_49": 14744489.295352122,
        "week_50": 14399940.751860593,
        "week_51": 14154533.277459491,
        "week_52": 14007994.382707322
    },
    "Execution Time": 32.940752029418945,
    "MAE": {
        "week_1": 814815.2936657369,
        "week_2": 1012496.2285709046,
        "week_3": 426510.1889788108,
        "week_4": 2226211.283384662,
        "week_5": 2868724.356898938,
        "week_6": 445020.8178441101,
        "week_7": 848803.7301302971,
        "week_8": 1273941.3946590591,
        "week_9": 1569999.581087213,
        "week_10": 1021817.9523706269,
        "week_11": 542762.5759221856,
        "week_12": 2476318.346480688,
        "week_13": 4540623.358196203,
        "week_14": 5847493.1538715735,
        "week_15": 7084183.104067534,
        "week_16": 7658973.004538279,
        "week_17": 9977908.59531149,
        "week_18": 3701953.9175251834,
        "week_19": 9831707.69953188,
        "week_20": 11494930.502114981,
        "week_21": 11976248.443189673,
        "week_22": 12967976.522016253,
        "week_23": 12589508.274744932,
        "week_24": 12591618.176802322,
        "week_25": 12030677.692503404,
        "week_26": 11641447.842103306,
        "week_27": 11380956.193678852,
        "week_28": 10160525.265992317,
        "week_29": 9763687.352622613,
        "week_30": 9310978.88886749,
        "week_31": 9013522.361225143,
        "week_32": 8092092.582560301,
        "week_33": 7847842.205398127,
        "week_34": 7878560.080164202,
        "week_35": 8229444.324061979,
        "week_36": 8100373.391941734,
        "week_37": 7908630.814922746,
        "week_38": 8112194.2644803785,
        "week_39": 7192248.604174916,
        "week_40": 7407452.909414027,
        "week_41": 6878373.173160482,
        "week_42": 7265676.595034003,
        "week_43": 7373805.363277424,
        "week_44": 8428016.62404222,
        "week_45": 8294473.93543385,
        "week_46": 7973192.937233394,
        "week_47": 7150279.412896182,
        "week_48": 6950508.226603916,
        "week_49": 4788396.704647878,
        "week_50": 2712917.2481394075,
        "week_51": 1908309.722540509,
        "week_52": 183186.38270732202
    },
    "MAE2": {
        "week_1": 814815.2936657369,
        "week_2": 1012496.2285709046,
        "week_3": 426510.1889788108,
        "week_4": 2226211.283384662,
        "week_5": 2868724.356898938,
        "week_6": 445020.8178441101,
        "week_7": 848803.7301302971,
        "week_8": 1273941.3946590591,
        "week_9": 1569999.581087213,
        "week_10": 1021817.9523706269,
        "week_11": 542762.5759221856,
        "week_12": 2476318.346480688,
        "week_13": 4540623.358196203,
        "week_14": 5847493.1538715735,
        "week_15": 7084183.104067534,
        "week_16": 7658973.004538279,
        "week_17": 9977908.59531149,
        "week_18": 3701953.9175251834,
        "week_19": 9831707.69953188,
        "week_20": 11494930.502114981,
        "week_21": 11976248.443189673,
        "week_22": 12967976.522016253,
        "week_23": 12589508.274744932,
        "week_24": 12591618.176802322,
        "week_25": 12030677.692503404,
        "week_26": 11641447.842103306,
        "week_27": 11380956.193678852,
        "week_28": 10160525.265992317,
        "week_29": 9763687.352622613,
        "week_30": 9310978.88886749,
        "week_31": 9013522.361225143,
        "week_32": 8092092.582560301,
        "week_33": 7847842.205398127,
        "week_34": 7878560.080164202,
        "week_35": 8229444.324061979,
        "week_36": 8100373.391941734,
        "week_37": 7908630.814922746,
        "week_38": 8112194.2644803785,
        "week_39": 7192248.604174916,
        "week_40": 7407452.909414027,
        "week_41": 6878373.173160482,
        "week_42": 7265676.595034003,
        "week_43": 7373805.363277424,
        "week_44": 8428016.62404222,
        "week_45": 8294473.93543385,
        "week_46": 7973192.937233394,
        "week_47": 7150279.412896182,
        "week_48": 6950508.226603916,
        "week_49": 4788396.704647878,
        "week_50": 2712917.2481394075,
        "week_51": 1908309.722540509,
        "week_52": 183186.38270732202
    },
    "MAPE": {
        "week_1": 0.13410019171058749,
        "week_2": 0.2218293195195202,
        "week_3": 0.08469884649059474,
        "week_4": 1.3407971284517504,
        "week_5": 0.4418090309728707,
        "week_6": 0.1475501905278237,
        "week_7": 0.30171889084325476,
        "week_8": 0.43441969214085635,
        "week_9": 0.4569232124583532,
        "week_10": 0.20698547549218488,
        "week_11": 0.07042676213630795,
        "week_12": 0.22381338988329832,
        "week_13": 0.3112699316133896,
        "week_14": 0.33470013373548757,
        "week_15": 0.34806529799901204,
        "week_16": 0.33893025307404845,
        "week_17": 0.375470036885866,
        "week_18": 0.16878498183077648,
        "week_19": 0.33173659653479076,
        "week_20": 0.35056092227921243,
        "week_21": 0.345579642803112,
        "week_22": 0.3513643006834236,
        "week_23": 0.3344060672380851,
        "week_24": 0.32609275597114795,
        "week_25": 0.30964671203838096,
        "week_26": 0.297784316220896,
        "week_27": 0.2896711364414043,
        "week_28": 0.2649319993304116,
        "week_29": 0.25648873988155413,
        "week_30": 0.2478863293339217,
        "week_31": 0.24324498889107446,
        "week_32": 0.22616328776171843,
        "week_33": 0.2239098599011127,
        "week_34": 0.22852673158372275,
        "week_35": 0.24119103320911828,
        "week_36": 0.24398887738939518,
        "week_37": 0.24599422870794735,
        "week_38": 0.25797411799515846,
        "week_39": 0.24308502781743335,
        "week_40": 0.25674890526749256,
        "week_41": 0.25127110685750553,
        "week_42": 0.2707592786241091,
        "week_43": 0.28305181064575535,