{
    "Predictions": {
        "week_1": 12563927.45391942,
        "week_2": 11525504.247555431,
        "week_3": 9829108.442370357,
        "week_4": 8411814.715825733,
        "week_5": 7523227.618536449,
        "week_6": 6846001.428061779,
        "week_7": 6622203.190188205,
        "week_8": 6391750.615027334,
        "week_9": 6700240.153428807,
        "week_10": 7192326.838151151,
        "week_11": 7523718.52110885,
        "week_12": 8436479.363079015,
        "week_13": 9250848.18978889,
        "week_14": 10101749.696495544,
        "week_15": 11528175.588919448,
        "week_16": 13094622.605568489,
        "week_17": 14453810.809807977,
        "week_18": 15855214.822546769,
        "week_19": 17124095.501262687,
        "week_20": 18597146.20745164,
        "week_21": 19745460.190198928,
        "week_22": 20869254.366502374,
        "week_23": 22240832.70095528,
        "week_24": 23242273.373620763,
        "week_25": 24346229.490975104,
        "week_26": 25408463.795885876,
        "week_27": 26139043.644958228,
        "week_28": 26692203.110109612,
        "week_29": 27329086.67346009,
        "week_30": 27856545.318644434,
        "week_31": 28359487.818795927,
        "week_32": 28592998.916752324,
        "week_33": 28932687.40850983,
        "week_34": 29142271.661176562,
        "week_35": 29014188.98064156,
        "week_36": 28962680.369627073,
        "week_37": 28674556.689465605,
        "week_38": 28248592.492750987,
        "week_39": 27814446.213721804,
        "week_40": 27335475.512947887,
        "week_41": 26632759.197490618,
        "week_42": 25832924.100043945,
        "week_43": 24899532.34682624,
        "week_44": 23993453.47740189,
        "week_45": 22881561.30844801,
        "week_46": 21732780.272607066,
        "week_47": 20696341.07425955,
        "week_48": 19533573.198220685,
        "week_49": 18448694.667977154,
        "week_50": 17398024.02370488,
        "week_51": 16352993.75709105,
        "week_52": 15324031.147844728
    },
    "Execution Time": 94.80809473991394,
    "MAE": {
        "week_1": 599036.45391942,
        "week_2": 1635561.247555431,
        "week_3": 2375358.442370357,
        "week_4": 2803881.715825733,
        "week_5": 3163799.618536449,
        "week_6": 3779444.4280617787,
        "week_7": 3403406.190188205,
        "week_8": 2757671.6150273336,
        "week_9": 1637341.153428807,
        "week_10": 756986.1618488487,
        "week_11": 3905362.47889115,
        "week_12": 7211650.636920985,
        "week_13": 10637415.81021111,
        "week_14": 13771437.303504456,
        "week_15": 14108467.411080552,
        "week_16": 16974700.39443151,
        "week_17": 16709969.190192023,
        "week_18": 18853001.17745323,
        "week_19": 19200139.498737313,
        "week_20": 19657885.79254836,
        "week_21": 19822148.809801072,
        "week_22": 19629503.633497626,
        "week_23": 18713532.29904472,
        "week_24": 18026412.626379237,
        "week_25": 16544504.509024896,
        "week_26": 14408380.204114124,
        "week_27": 12961549.355041772,
        "week_28": 11662002.889890388,
        "week_29": 10653034.326539911,
        "week_30": 9062857.681355566,
        "week_31": 7913721.181204073,
        "week_32": 6542731.0832476765,
        "week_33": 6088359.591490172,
        "week_34": 4396693.338823438,
        "week_35": 4295986.019358441,
        "week_36": 3267833.6303729266,
        "week_37": 2955660.3105343953,
        "week_38": 2844343.5072490126,
        "week_39": 2481073.7862781957,
        "week_40": 2121262.487052113,
        "week_41": 1322477.8025093824,
        "week_42": 761738.899956055,
        "week_43": 444854.6531737596,
        "week_44": 229477.52259811014,
        "week_45": 92927.3084480092,
        "week_46": 501473.72739293426,
        "week_47": 544105.0742595494,
        "week_48": 1611627.1982206851,
        "week_49": 1499992.6679771543,
        "week_50": 2869268.023704879,
        "week_51": 3603240.757091049,
        "week_52": 7593211.147844728
    },
    "MAE2": {
        "week_1": 599036.45391942,
        "week_2": 1635561.247555431,
        "week_3": 2375358.442370357,
        "week_4": 2803881.715825733,
        "week_5": 3163799.618536449,
        "week_6": 3779444.4280617787,
        "week_7": 3403406.190188205,
        "week_8": 2757671.6150273336,
        "week_9": 1637341.153428807,
        "week_10": 756986.1618488487,
        "week_11": 3905362.47889115,
        "week_12": 7211650.636920985,
        "week_13": 10637415.81021111,
        "week_14": 13771437.303504456,
        "week_15": 14108467.411080552,
        "week_16": 16974700.39443151,
        "week_17": 16709969.190192023,
        "week_18": 18853001.17745323,
        "week_19": 19200139.498737313,
        "week_20": 19657885.79254836,
        "week_21": 19822148.809801072,
        "week_22": 19629503.633497626,
        "week_23": 18713532.29904472,
        "week_24": 18026412.626379237,
        "week_25": 16544504.509024896,
        "week_26": 14408380.204114124,
        "week_27": 12961549.355041772,
        "week_28": 11662002.889890388,
        "week_29": 10653034.326539911,
        "week_30": 9062857.681355566,
        "week_31": 7913721.181204073,
        "week_32": 6542731.0832476765,
        "week_33": 6088359.591490172,
        "week_34": 4396693.338823438,
        "week_35": 4295986.019358441,
        "week_36": 3267833.6303729266,
        "week_37": 2955660.3105343953,
        "week_38": 2844343.5072490126,
        "week_39": 2481073.7862781957,
        "week_40": 2121262.487052113,
        "week_41": 1322477.8025093824,
        "week_42": 761738.899956055,
        "week_43": 444854.6531737596,
        "week_44": 229477.52259811014,
        "week_45": 92927.3084480092,
        "week_46": 501473.72739293426,
        "week_47": 544105.0742595494,
        "week_48": 1611627.1982206851,
        "week_49": 1499992.6679771543,
        "week_50": 2869268.023704879,
        "week_51": 3603240.757091049,
        "week_52": 7593211.147844728
    },
    "MAPE": {
        "week_1": 0.05006618563590926,
        "week_2": 0.16537620566219957,
        "week_3": 0.3186796501586929,
        "week_4": 0.49998488138601743,
        "week_5": 0.7257373257538486,
        "week_6": 1.232471605146025,
        "week_7": 1.057353474042695,
        "week_8": 0.7588364521044627,
        "week_9": 0.323399924317828,
        "week_10": 0.09522661415506581,
        "week_11": 0.3417039811767149,
        "week_12": 0.46086341543181103,
        "week_13": 0.5348589404390002,
        "week_14": 0.5768579328559884,
        "week_15": 0.550324292111122,
        "week_16": 0.5645188750818071,
        "week_17": 0.5361984069388253,
        "week_18": 0.5431855436607065,
        "week_19": 0.5285765687491372,
        "week_20": 0.5138640530361694,
        "week_21": 0.5009690833176468,
        "week_22": 0.48469396600996073,
        "week_23": 0.4569362093404383,
        "week_24": 0.43680607195439264,
        "week_25": 0.40460277648781984,
        "week_26": 0.3618664554155554,
        "week_27": 0.33149239846673867,
        "week_28": 0.30406060002624974,
        "week_29": 0.2804749720675133,
        "week_30": 0.24547682099181198,
        "week_31": 0.21816986694516255,
        "week_32": 0.18621303963935507,
        "week_33": 0.17384858857846744,
        "week_34": 0.1310920995571401,
        "week_35": 0.1289691819198921,
        "week_36": 0.10138943581144647,
        "week_37": 0.09344419959352145,
        "week_38": 0.0914787689155187,
        "week_39": 0.08189573198539572,
        "week_40": 0.07201281034757184,
        "week_41": 0.04730697874281597,
        "week_42": 0.0286425475651282,
        "week_43": 0.017552393481592574,