{
    "MAPE": {
        "week_1": 4.662488248692571,
        "week_2": 6.528626036439839,
        "week_3": 6.043238759357452,
        "week_4": 7.215535505363807,
        "week_5": 7.763591049499473,
        "week_6": 11.40004697095509,
        "week_7": 10.615553413996073,
        "week_8": 10.018806067133237,
        "week_9": 9.478603480840949,
        "week_10": 12.746634567944378,
        "week_11": 14.561216282609804,
        "week_12": 19.93998288112565,
        "week_13": 14.78022591766592,
        "week_14": 12.615409678359327,
        "week_15": 12.51744065036782,
        "week_16": 12.248986687265354,
        "week_17": 14.20265115929219,
        "week_18": 16.457967638113928,
        "week_19": 10.60803034028439,
        "week_20": 11.607052866374008,
        "week_21": 12.488759067959148,
        "week_22": 11.388447960520992,
        "week_23": 11.466006267164003,
        "week_24": 13.522097528865437,
        "week_25": 10.32171518814787,
        "week_26": 10.655464491952207,
        "week_27": 9.710836899523663,
        "week_28": 9.451034676055897,
        "week_29": 11.800706418385099,
        "week_30": 15.10275329744291,
        "week_31": 15.58008819810414,
        "week_32": 12.586770596869485,
        "week_33": 9.951248640464268,
        "week_34": 9.986759073387955,
        "week_35": 9.319119089646161,
        "week_36": 9.557251046915969,
        "week_37": 12.222058528792385,
        "week_38": 10.135988863340287,
        "week_39": 11.069042316386962,
        "week_40": 14.641694285042686,
        "week_41": 10.543837926406905,
        "week_42": 10.198852931803268,
        "week_43": 11.511197386138603,
        "week_44": 11.020721241535119,
        "week_45": 12.21439038357062,
        "week_46": 11.21521916210797,
        "week_47": 10.205735304484783,
        "week_48": 11.577260457995061,
        "week_49": 16.602525716313576,
        "week_50": 11.621788366317768,
        "week_51": 14.029239713201228,
        "week_52": 12.727994072755704
    },
    "MAE": {
        "week_1": 750739.5275409835,
        "week_2": 888276.2997540983,
        "week_3": 904472.4967213116,
        "week_4": 944745.6736885245,
        "week_5": 1065677.7708196722,
        "week_6": 1267780.3704918032,
        "week_7": 1054392.6190163936,
        "week_8": 945441.3196721309,
        "week_9": 903900.6020491802,
        "week_10": 1039452.6542622952,
        "week_11": 1279356.8622950818,
        "week_12": 1541954.592295082,
        "week_13": 1454802.7462295082,
        "week_14": 1431041.2839344258,
        "week_15": 1420894.7205737703,
        "week_16": 1421842.6406557374,
        "week_17": 1579272.2042622953,
        "week_18": 1625902.8513114755,
        "week_19": 1618109.9267213114,
        "week_20": 1745115.608770492,
        "week_21": 1701821.8503278687,
        "week_22": 1618782.97795082,
        "week_23": 1715342.638770492,
        "week_24": 1776544.360655738,
        "week_25": 1610741.7586065573,
        "week_26": 1673250.4350000005,
        "week_27": 1588823.5086065573,
        "week_28": 1346029.1922950817,
        "week_29": 1467401.3169672133,
        "week_30": 1501007.8529508198,
        "week_31": 1613984.8995901642,
        "week_32": 1549693.8877049177,
        "week_33": 1189374.8100819672,
        "week_34": 1105680.8885245905,
        "week_35": 1024871.7290163934,
        "week_36": 1039686.444262295,
        "week_37": 1091312.6106557378,
        "week_38": 1068213.512295082,
        "week_39": 1220879.9367213116,
        "week_40": 1498025.367622951,
        "week_41": 1470247.8306557378,
        "week_42": 1443142.5721311476,
        "week_43": 1615329.2818032787,
        "week_44": 1608216.9399180328,
        "week_45": 1577130.7006557377,
        "week_46": 1663976.9931967214,
        "week_47": 1618521.764180328,
        "week_48": 1829692.5086065573,
        "week_49": 1989205.8886065576,
        "week_50": 1873915.245819672,
        "week_51": 2086447.8940983608,
        "week_52": 2081601.9781967213
    },
    "R2": {
        "week_1": 0.9789180910460836,
        "week_2": 0.9785292531298898,
        "week_3": 0.9841487929721927,
        "week_4": 0.984907098953293,
        "week_5": 0.982967873460544,
        "week_6": 0.9762170192580326,
        "week_7": 0.9850858173242643,
        "week_8": 0.9878363369907398,
        "week_9": 0.9872880068815456,
        "week_10": 0.9806839866170433,
        "week_11": 0.9674675795314456,
        "week_12": 0.9646760684252783,
        "week_13": 0.9732147606059042,
        "week_14": 0.9753765150914244,
        "week_15": 0.9704802302592468,
        "week_16": 0.9718938668659818,
        "week_17": 0.9613218388317732,
        "week_18": 0.957668687408429,
        "week_19": 0.9507324178437061,
        "week_20": 0.933888273221061,
        "week_21": 0.9388815004272377,
        "week_22": 0.9493177826790887,
        "week_23": 0.9448412370728024,
        "week_24": 0.9402126355511072,
        "week_25": 0.9542229905218594,
        "week_26": 0.9464807363691606,
        "week_27": 0.9598795746476129,
        "week_28": 0.9671595266336552,
        "week_29": 0.9631891292498375,
        "week_30": 0.9612154782718199,
        "week_31": 0.9372845888062027,
        "week_32": 0.9436512624507365,
        "week_33": 0.9810973305966763,
        "week_34": 0.9845231977909447,
        "week_35": 0.9849605881910684,
        "week_36": 0.9849416841996628,
        "week_37": 0.9859352543963142,
        "week_38": 0.9820435550816926,
        "week_39": 0.9766921483152794,
        "week_40": 0.9674467579074751,
        "week_41": 0.9661440834601077,
        "week_42": 0.9704477791507445,
        "week_43": 0.9560055164639911,
        "week_44": 0.9553225689014682,
        "week_45": 0.9606780092510361,
        "week_46": 0.9567091722423613,
        "week_47": 0.9530652138788217,
        "week_48": 0.9349391692299711,
        "week_49": 0.9283300569253621,
        "week_50": 0.9396618069231119,
        "week_51": 0.9187396704565787,
        "week_52": 0.9257534056169434
    },
    "Execution Time": 38.71770453453064,
    "Scaler": "No scaling",
    "Scoring": "Pearson Correlation",
    "Predictions": {
        "week_1": 10996223.06,
        "week_2": 8334624.18,
        "week_3": 6999485.18,
        "week_4": 5523595.77,
        "week_5": 4217717.34,
        "week_6": 3397319.94,
        "week_7": 3086995.86,
        "week_8": 3474006.5,
        "week_9": 4525124.99,
        "week_10": 6745577.68,
        "week_11": 9923654.16,
        "week_12": 13543134.6,
        "week_13": 17676604.02,
        "week_14": 21892108.52,
        "week_15": 24228006.14,
        "week_16": 27835396.69,
        "week_17": 29558338.76,
        "week_18": 32587371.25,
        "week_19": 33282415.71,
        "week_20": 36071056.03,
        "week_21": 38278313.92,
        "week_22": 39171264.78,
        "week_23": 39453261.14,
        "week_24": 39768288.41,
        "week_25": 39913106.45,
        "week_26": 39445919.21,
        "week_27": 38929897.58,
        "week_28": 38507555.98,
        "week_29": 38038792.02,
        "week_30": 37088409.64,
        "week_31": 36157327.06,
        "week_32": 34913318.33,
        "week_33": 35105097.63,
        "week_34": 34099053.8,
        "week_35": 33489942.05,
        "week_36": 32579045.35,
        "week_37": 31936614.81,
        "week_38": 31586719.28,
        "week_39": 30830488.94,
        "week_40": 29734673.13,
        "week_41": 28349738.31,
        "week_42": 27083945.22,
        "week_43": 26059718.07,
        "week_44": 24981741.39,
        "week_45": 23743657.88,
        "week_46": 22515775.88,
        "week_47": 21105890.34,
        "week_48": 19362982.71,
        "week_49": 17670791.05,
        "week_50": 16126625.1,