{
    "MAPE": {
        "week_1": 0.028649233969313962,
        "week_2": 0.26113539309506073,
        "week_3": 0.23696078750527697,
        "week_4": 0.3651935069723429,
        "week_5": 0.5436107916301842,
        "week_6": 0.385880788033335,
        "week_7": 0.1055261198872595,
        "week_8": 0.1427148307163318,
        "week_9": 0.13131356693874274,
        "week_10": 0.3140229324319943,
        "week_11": 0.0851672484703817,
        "week_12": 0.1970095048810978,
        "week_13": 0.0015960834182075214,
        "week_14": 0.04084380574341744,
        "week_15": 0.4158389544137615,
        "week_16": 0.20996257701329052,
        "week_17": 1.0356926959256518,
        "week_18": 0.03337258969303404,
        "week_19": 0.8209599001251061,
        "week_20": 0.21092132013451506,
        "week_21": 0.014560209469073469,
        "week_22": 0.09014004455033268,
        "week_23": 0.10854656622725097,
        "week_24": 0.17155887767940953,
        "week_25": 0.04131685106506906,
        "week_26": 0.30690513573038364,
        "week_27": 0.5927458052694792,
        "week_28": 0.17079803863910736,
        "week_29": 0.24684494152284325,
        "week_30": 0.0620597755022429,
        "week_31": 0.022619073324583072,
        "week_32": 0.2993006133771936,
        "week_33": 0.33920222227159375,
        "week_34": 0.049152598276397896,
        "week_35": 1.6848857434060696,
        "week_36": 0.24800697937888955,
        "week_37": 3.2310071579583703,
        "week_38": 0.32136182876301556,
        "week_39": 0.6818396346950933,
        "week_40": 0.13696979365640613,
        "week_41": 0.09632057702728787,
        "week_42": 0.6598741198950017,
        "week_43": 0.9710018716508629,
        "week_44": 0.036747243525755424,
        "week_45": 1.210375637508318,
        "week_46": 1.222368575774207,
        "week_47": 0.2854011454947512,
        "week_48": 0.0007312949597638871,
        "week_49": 0.0488010443006901,
        "week_50": 0.014337122720827386,
        "week_51": 0.1449940247311158,
        "week_52": 1.0719990424454393
    },
    "MAE": {
        "week_1": 8471.39999999851,
        "week_2": 95530.3200000003,
        "week_3": 51972.51000000164,
        "week_4": 46928.59999999963,
        "week_5": 47638.5,
        "week_6": 58263.38000000082,
        "week_7": 25880.129999998957,
        "week_8": 52015.340000003576,
        "week_9": 14858.699999999255,
        "week_10": 9732.720000000205,
        "week_11": 25196.980000000447,
        "week_12": 46549.12999999896,
        "week_13": 476.69999999925494,
        "week_14": 11180.710000000894,
        "week_15": 140139.8900000006,
        "week_16": 25125.050000000745,
        "week_17": 38497.060000000056,
        "week_18": 10022.339999999851,
        "week_19": 38113.950000000186,
        "week_20": 6105.549999999814,
        "week_21": 4015.679999999702,
        "week_22": 26006.269999999553,
        "week_23": 29830.08999999985,
        "week_24": 33510.39999999851,
        "week_25": 14246.670000001788,
        "week_26": 73480.08999999985,
        "week_27": 111877.8900000006,
        "week_28": 4861.5800000000745,
        "week_29": 7238.7599999997765,
        "week_30": 13051.370000001043,
        "week_31": 5007.219999998808,
        "week_32": 80969.33999999985,
        "week_33": 18013.679999999702,
        "week_34": 15215.320000000298,
        "week_35": 44221.08999999985,
        "week_36": 11319.790000000037,
        "week_37": 183849.7999999998,
        "week_38": 110358.3900000006,
        "week_39": 89787.34999999963,
        "week_40": 34222.46999999881,
        "week_41": 34077.909999996424,
        "week_42": 30376.830000000075,
        "week_43": 43640.98000000045,
        "week_44": 13834.369999997318,
        "week_45": 156551.74000000022,
        "week_46": 89191.80999999959,
        "week_47": 43452.4299999997,
        "week_48": 226.21000000089407,
        "week_49": 11787.76000000164,
        "week_50": 4891.829999998212,
        "week_51": 4639.600000000093,
        "week_52": 86605.87000000011
    },
    "MAE2": {
        "week_1": 8471.39999999851,
        "week_2": 95530.3200000003,
        "week_3": 51972.51000000164,
        "week_4": 46928.59999999963,
        "week_5": 47638.5,
        "week_6": 58263.38000000082,
        "week_7": 25880.129999998957,
        "week_8": 52015.340000003576,
        "week_9": 14858.699999999255,
        "week_10": 9732.720000000205,
        "week_11": 25196.980000000447,
        "week_12": 46549.12999999896,
        "week_13": 476.69999999925494,
        "week_14": 11180.710000000894,
        "week_15": 140139.8900000006,
        "week_16": 25125.050000000745,
        "week_17": 38497.060000000056,
        "week_18": 10022.339999999851,
        "week_19": 38113.950000000186,
        "week_20": 6105.549999999814,
        "week_21": 4015.679999999702,
        "week_22": 26006.269999999553,
        "week_23": 29830.08999999985,
        "week_24": 33510.39999999851,
        "week_25": 14246.670000001788,
        "week_26": 73480.08999999985,
        "week_27": 111877.8900000006,
        "week_28": 4861.5800000000745,
        "week_29": 7238.7599999997765,
        "week_30": 13051.370000001043,
        "week_31": 5007.219999998808,
        "week_32": 80969.33999999985,
        "week_33": 18013.679999999702,
        "week_34": 15215.320000000298,
        "week_35": 44221.08999999985,
        "week_36": 11319.790000000037,
        "week_37": 183849.7999999998,
        "week_38": 110358.3900000006,
        "week_39": 89787.34999999963,
        "week_40": 34222.46999999881,
        "week_41": 34077.909999996424,
        "week_42": 30376.830000000075,
        "week_43": 43640.98000000045,
        "week_44": 13834.369999997318,
        "week_45": 156551.74000000022,
        "week_46": 89191.80999999959,
        "week_47": 43452.4299999997,
        "week_48": 226.21000000089407,
        "week_49": 11787.76000000164,
        "week_50": 4891.829999998212,
        "week_51": 4639.600000000093,
        "week_52": 86605.87000000011
    },
    "ME": {
        "week_1": -8471.39999999851,
        "week_2": -95530.3200000003,
        "week_3": -51972.51000000164,
        "week_4": -46928.59999999963,
        "week_5": 47638.5,
        "week_6": 58263.38000000082,
        "week_7": -25880.129999998957,
        "week_8": 52015.340000003576,
        "week_9": 14858.699999999255,
        "week_10": 9732.720000000205,
        "week_11": -25196.980000000447,
        "week_12": 46549.12999999896,
        "week_13": -476.69999999925494,
        "week_14": -11180.710000000894,
        "week_15": -140139.8900000006,
        "week_16": 25125.050000000745,
        "week_17": -38497.060000000056,
        "week_18": -10022.339999999851,
        "week_19": -38113.950000000186,
        "week_20": -6105.549999999814,
        "week_21": -4015.679999999702,
        "week_22": 26006.269999999553,
        "week_23": -29830.08999999985,
        "week_24": -33510.39999999851,
        "week_25": 14246.670000001788,
        "week_26": -73480.08999999985,
        "week_27": 111877.8900000006,
        "week_28": 4861.5800000000745,
        "week_29": -7238.7599999997765,
        "week_30": -13051.370000001043,
        "week_31": 5007.219999998808,
        "week_32": -80969.33999999985,
        "week_33": -18013.679999999702,
        "week_34": -15215.320000000298,
        "week_35": 44221.08999999985,
        "week_36": 11319.790000000037,
        "week_37": -183849.7999999998,
        "week_38": 110358.3900000006,
        "week_39": -89787.34999999963,
        "week_40": 34222.46999999881,
        "week_41": -34077.909999996424,
        "week_42": 30376.830000000075,
        "week_43": -43640.98000000045,
        "week_44": 13834.369999997318,