{
    "MinMaxScaler": {
        "F_regression": {
            "MAPE": {
                "week_1": 4.9157200239948065,
                "week_2": 5.800361328499556,
                "week_3": 6.711130040128448,
                "week_4": 7.97368582931091,
                "week_5": 10.331083441396249,
                "week_6": 12.504271371144862,
                "week_7": 12.0560837602615,
                "week_8": 16.540327311039565,
                "week_9": 13.666855435077391,
                "week_10": 12.025332731687838,
                "week_11": 15.877526929452761,
                "week_12": 10.869325824696247,
                "week_13": 10.55559968860397,
                "week_14": 13.154350677129054,
                "week_15": 14.912310550911592,
                "week_16": 14.035588828135555,
                "week_17": 12.700678061525494,
                "week_18": 13.17792874648892,
                "week_19": 11.730659032969006,
                "week_20": 13.73972043360141,
                "week_21": 12.853721020418174,
                "week_22": 12.68575980952907,
                "week_23": 12.832168380708813,
                "week_24": 11.769670298054969,
                "week_25": 12.664657571483742,
                "week_26": 11.767186962628502,
                "week_27": 11.155536764885058,
                "week_28": 11.998773463688266,
                "week_29": 11.757903634042112,
                "week_30": 10.192994182879819,
                "week_31": 10.007566244860298,
                "week_32": 11.445078534085736,
                "week_33": 8.765770738717189,
                "week_34": 8.884287614886384,
                "week_35": 8.352979786515334,
                "week_36": 12.56799004236046,
                "week_37": 14.15046352598849,
                "week_38": 13.241206222980592,
                "week_39": 11.7724860745965,
                "week_40": 10.436701072831632,
                "week_41": 12.154511497152583,
                "week_42": 12.03268255036191,
                "week_43": 13.706665459439982,
                "week_44": 12.97842103560742,
                "week_45": 13.355890797472508,
                "week_46": 14.222781411676443,
                "week_47": 17.393688504049937,
                "week_48": 14.358707865635429,
                "week_49": 14.577215345075553,
                "week_50": 14.193379045871415,
                "week_51": 15.198248440323342,
                "week_52": 16.275886099048297
            },
            "MAE": {
                "week_1": 568492.8175206612,
                "week_2": 672196.4126446282,
                "week_3": 845933.5948760331,
                "week_4": 947053.132231405,
                "week_5": 1134492.1784297521,
                "week_6": 1104376.4487603304,
                "week_7": 1199197.4762809917,
                "week_8": 2207129.6796956738,
                "week_9": 1804586.8995041326,
                "week_10": 1730657.0333057852,
                "week_11": 1877990.6165289257,
                "week_12": 1583724.4890082644,
                "week_13": 1565735.322892562,
                "week_14": 1686376.8922314052,
                "week_15": 1911798.180222911,
                "week_16": 1909935.1445175072,
                "week_17": 2040032.1389614684,
                "week_18": 2193383.6131457523,
                "week_19": 2093970.697902499,
                "week_20": 2090907.9159402696,
                "week_21": 2144164.7322338317,
                "week_22": 2264805.8859044844,
                "week_23": 2196704.029244959,
                "week_24": 2040770.91785124,
                "week_25": 2108778.3391735535,
                "week_26": 2122804.404628099,
                "week_27": 1827949.8225619835,
                "week_28": 1930075.762644628,
                "week_29": 1666490.733801653,
                "week_30": 1667483.8552892562,
                "week_31": 1678238.179586777,
                "week_32": 1564462.6441322316,
                "week_33": 1211544.4325619836,
                "week_34": 1153952.3361157023,
                "week_35": 1117919.3805785126,
                "week_36": 1588297.4045454545,
                "week_37": 1809637.9514876034,
                "week_38": 1747735.0657024796,
                "week_39": 1658755.1547933884,
                "week_40": 1680618.4585123966,
                "week_41": 1764780.266280992,
                "week_42": 1774058.6215702477,
                "week_43": 1675709.0071900825,
                "week_44": 1774568.076198347,
                "week_45": 1893247.770413223,
                "week_46": 1908840.0319008264,
                "week_47": 2003202.268016529,
                "week_48": 1925907.2041322314,
                "week_49": 1989042.8952892562,
                "week_50": 1874540.0436363635,
                "week_51": 2063490.7240495866,
                "week_52": 1947737.2743801654
            },
            "Prediction": {
                "week_1": 11238296.69,
                "week_2": 8716427.48,
                "week_3": 6659029.32,
                "week_4": 5413864.16,
                "week_5": 3749567.87,
                "week_6": 3343399.65,
                "week_7": 3114440.74,
                "week_8": 3316975.4826666666,
                "week_9": 4400738.5,
                "week_10": 6426344.45,
                "week_11": 9772373.22,
                "week_12": 13707235.47,
                "week_13": 17753064.29,
                "week_14": 21555783.78,
                "week_15": 23211124.700999998,
                "week_16": 27178705.785,
                "week_17": 28592821.283000004,
                "week_18": 31214656.48,
                "week_19": 31758240.588333335,
                "week_20": 34997102.13333333,
                "week_21": 35700781.06695238,
                "week_22": 37393505.85,
                "week_23": 37838803.586333334,
                "week_24": 40138811.11,
                "week_25": 39997405.19,
                "week_26": 39179288.28,
                "week_27": 38682584.75,
                "week_28": 38037103.69,
                "week_29": 37785199.61,
                "week_30": 36743452.81,
                "week_31": 36319912.61,
                "week_32": 34947226.24,
                "week_33": 35136607.38,
                "week_34": 33945840.33,
                "week_35": 33524700.56,
                "week_36": 32484386.91,
                "week_37": 31635955.43,
                "week_38": 31090364.25,
                "week_39": 30191045.14,
                "week_40": 29221279.02,
                "week_41": 28176314.71,
                "week_42": 27173833.74,
                "week_43": 25906964.81,
                "week_44": 25141317.09,
                "week_45": 23395368.56,
                "week_46": 22894346.23,
                "week_47": 21573324.38,
                "week_48": 18880799.48,
                "week_49": 18239781.7,
                "week_50": 15271378.7,
                "week_51": 14848769.12,
                "week_52": 10653664.46
            }
        }
    }
}