{
    "MAPE": {
        "week_1": 6.145384530208734,
        "week_2": 8.169987012794216,
        "week_3": 9.420918518872098,
        "week_4": 9.263067632223379,
        "week_5": 10.477862754066056,
        "week_6": 14.059839657290784,
        "week_7": 16.886351960639946,
        "week_8": 20.728202774232642,
        "week_9": 22.4140182589054,
        "week_10": 26.501850177331086,
        "week_11": 31.740097573653454,
        "week_12": 43.615906046423014,
        "week_13": 32.637066229571026,
        "week_14": 32.30077587505505,
        "week_15": 33.15377162165925,
        "week_16": 27.650143571439955,
        "week_17": 26.510171866382866,
        "week_18": 28.18157766904777,
        "week_19": 19.89495192452769,
        "week_20": 21.528739362095887,
        "week_21": 22.530806156050023,
        "week_22": 19.769096664867238,
        "week_23": 17.540164253095707,
        "week_24": 20.283959135197446,
        "week_25": 16.55183508741193,
        "week_26": 18.647544421590784,
        "week_27": 19.042488223187505,
        "week_28": 19.345711873945127,
        "week_29": 20.890998196673465,
        "week_30": 22.236148902532584,
        "week_31": 19.252728894913357,
        "week_32": 18.883759760884562,
        "week_33": 15.419184080499532,
        "week_34": 17.09841378318401,
        "week_35": 15.601402124893971,
        "week_36": 14.457745486936302,
        "week_37": 17.04587361374038,
        "week_38": 14.984561352459396,
        "week_39": 13.81547503226721,
        "week_40": 14.620321092628089,
        "week_41": 11.892433943617865,
        "week_42": 11.76482974284922,
        "week_43": 11.286468779418398,
        "week_44": 11.279773778743047,
        "week_45": 11.029564065226104,
        "week_46": 11.17001387306563,
        "week_47": 10.348944323781936,
        "week_48": 11.514076317569605,
        "week_49": 17.509155959826213,
        "week_50": 12.204621570554295,
        "week_51": 14.516001410484211,
        "week_52": 13.11468035540289
    },
    "MAE": {
        "week_1": 859036.5474176516,
        "week_2": 996950.3854780832,
        "week_3": 1230671.3331935394,
        "week_4": 1213417.966469677,
        "week_5": 1371848.2720371962,
        "week_6": 1614964.5906571688,
        "week_7": 1705986.5791648605,
        "week_8": 1648884.565142957,
        "week_9": 1749065.1500588586,
        "week_10": 1817962.7410028705,
        "week_11": 2130670.5823215856,
        "week_12": 2366523.532313126,
        "week_13": 2348756.8626579093,
        "week_14": 2328283.5687373066,
        "week_15": 2353253.4353494514,
        "week_16": 2224812.1623738143,
        "week_17": 2242551.829961282,
        "week_18": 2135386.307057983,
        "week_19": 2085151.991967122,
        "week_20": 2204807.9014846496,
        "week_21": 2238388.548339955,
        "week_22": 2129039.71595532,
        "week_23": 2101500.452518883,
        "week_24": 2295774.739447938,
        "week_25": 2211008.160606003,
        "week_26": 2390043.7346375296,
        "week_27": 2310151.5135995587,
        "week_28": 2293749.046977903,
        "week_29": 2270594.708023045,
        "week_30": 2273723.8355915025,
        "week_31": 2264253.7127851355,
        "week_32": 2343689.661585148,
        "week_33": 1760635.2062718587,
        "week_34": 1668957.390073369,
        "week_35": 1570504.9707158087,
        "week_36": 1539316.2835198909,
        "week_37": 1574052.8656962984,
        "week_38": 1537164.1291916922,
        "week_39": 1524497.3230140489,
        "week_40": 1478024.792038184,
        "week_41": 1413315.0928446522,
        "week_42": 1405063.8041626273,
        "week_43": 1465103.2458819626,
        "week_44": 1524841.2077021252,
        "week_45": 1455775.4375605849,
        "week_46": 1523531.118216535,
        "week_47": 1499120.16582868,
        "week_48": 1706067.050533795,
        "week_49": 1817075.0091633236,
        "week_50": 1825479.920686763,
        "week_51": 1999658.088846131,
        "week_52": 1983408.0845911845
    },
    "R2": {
        "week_1": 0.9804867543504872,
        "week_2": 0.9794271427741916,
        "week_3": 0.9701050181937896,
        "week_4": 0.9731258244867719,
        "week_5": 0.9689222363280229,
        "week_6": 0.9590370928924482,
        "week_7": 0.9630541775691701,
        "week_8": 0.9690387802799597,
        "week_9": 0.9667019283524754,
        "week_10": 0.9624656968792098,
        "week_11": 0.9478287026477157,
        "week_12": 0.9372564581308795,
        "week_13": 0.9433123424791066,
        "week_14": 0.9432449429253293,
        "week_15": 0.9378553831175819,
        "week_16": 0.939608462218908,
        "week_17": 0.9361181034666404,
        "week_18": 0.9377028195619386,
        "week_19": 0.9343423950401054,
        "week_20": 0.9235564245702362,
        "week_21": 0.9167375871382433,
        "week_22": 0.9288615882925917,
        "week_23": 0.9308202212142735,
        "week_24": 0.9202784668090029,
        "week_25": 0.9301009105262139,
        "week_26": 0.9222192517522001,
        "week_27": 0.9303964791238587,
        "week_28": 0.9312241169661278,
        "week_29": 0.9330407013579588,
        "week_30": 0.9368671528707478,
        "week_31": 0.9370184486004888,
        "week_32": 0.9327677201034553,
        "week_33": 0.9641673418236879,
        "week_34": 0.9678656163722785,
        "week_35": 0.969641380832166,
        "week_36": 0.9705890159894704,
        "week_37": 0.9708706322377333,
        "week_38": 0.9643568165378783,
        "week_39": 0.9663911966612209,
        "week_40": 0.9677277518317171,
        "week_41": 0.9708935938631448,
        "week_42": 0.9725240417712517,
        "week_43": 0.9629946157347056,
        "week_44": 0.9616681491516651,
        "week_45": 0.9669410035020032,
        "week_46": 0.9631331450066191,
        "week_47": 0.958345890270379,
        "week_48": 0.9412187668710571,
        "week_49": 0.938409438819721,
        "week_50": 0.9403668538380037,
        "week_51": 0.9279041139906211,
        "week_52": 0.9335137818083101
    },
    "Execution Time": 1.6196651458740234,
    "Scaler": "RobustScaler",
    "Scoring": "Pearson Correlation",
    "Predictions": {
        "week_1": 11940141.05892481,
        "week_2": 10283096.111402415,
        "week_3": 8789309.032667259,
        "week_4": 7385803.2526933625,
        "week_5": 5876963.942617694,
        "week_6": 4786643.506964577,
        "week_7": 5202420.041724354,
        "week_8": 5539842.859006414,
        "week_9": 4558883.230124772,
        "week_10": 5933637.460031316,
        "week_11": 9851291.73496533,
        "week_12": 13483934.508042976,
        "week_13": 15567595.13741205,
        "week_14": 17917464.65174981,
        "week_15": 20579044.43716983,
        "week_16": 23280085.4738274,
        "week_17": 25849532.65066874,
        "week_18": 28318188.078878894,
        "week_19": 30611468.094538882,
        "week_20": 32925537.338099718,
        "week_21": 34658536.20750874,
        "week_22": 36125667.15274109,
        "week_23": 37189096.56403068,
        "week_24": 38020412.495772175,
        "week_25": 38428589.90438726,
        "week_26": 38671429.6352547,
        "week_27": 38651158.81626313,
        "week_28": 38153489.32330718,
        "week_29": 37627265.63525361,
        "week_30": 36858429.734483615,
        "week_31": 35960577.30506641,
        "week_32": 36500980.40677227,
        "week_33": 35159102.04130487,
        "week_34": 34494260.050931215,
        "week_35": 33051417.855135143,
        "week_36": 32392468.271112718,
        "week_37": 32242695.708129525,
        "week_38": 30456484.31137906,
        "week_39": 29545210.13631259,
        "week_40": 28762855.623120666,
        "week_41": 28069761.23625699,