{
    "MAPE": {
        "week_1": 2.0157558536113435e-13,
        "week_2": 1.8329774920336464e-13,
        "week_3": 2.0042178315323718e-12,
        "week_4": 4.638371751419349e-13,
        "week_5": 1.1902772805519808e-12,
        "week_6": 1.3570013888876178e-13,
        "week_7": 2.430376852977802e-13,
        "week_8": 2.0442207022549448e-13,
        "week_9": 3.127609408122409e-13,
        "week_10": 4.206833282876789e-12,
        "week_11": 3.3997580506798317e-13,
        "week_12": 2.2073122228787032e-13,
        "week_13": 2.868787574744182e-13,
        "week_14": 2.585654786212926e-13,
        "week_15": 2.210820662982004e-13,
        "week_16": 6.381884533303152e-13,
        "week_17": 5.211548869462341e-12,
        "week_18": 1.364500137490973e-13,
        "week_19": 1.7051282133300006e-12,
        "week_20": 1.3480619225927529e-11,
        "week_21": 8.104381884819016e-14,
        "week_22": 7.101703104922646e-13,
        "week_23": 2.440024304907966e-13,
        "week_24": 1.1443133283413154e-13,
        "week_25": 3.889345032687932e-13,
        "week_26": 1.5559462769908656e-14,
        "week_27": 6.118515117916113e-13,
        "week_28": 1.3578558548893092e-12,
        "week_29": 5.1766379096127794e-12,
        "week_30": 5.491309393343036e-13,
        "week_31": 5.721595795978195e-13,
        "week_32": 1.790154363045432e-13,
        "week_33": 2.4166045729281338e-11,
        "week_34": 3.128951698081072e-13,
        "week_35": 3.6194394372718935e-12,
        "week_36": 1.2242691704939113e-12,
        "week_37": 1.2439086296327944e-12,
        "week_38": 1.9526372080784265e-13,
        "week_39": 5.516477124740948e-13,
        "week_40": 0.0,
        "week_41": 6.317678128888422e-14,
        "week_42": 3.540436617184167e-12,
        "week_43": 6.1750711600099635e-12,
        "week_44": 1.3853309527100752e-13,
        "week_45": 6.768466103778408e-13,
        "week_46": 4.977851499554132e-13,
        "week_47": 1.8351139139080157e-13,
        "week_48": 6.021586178576847e-14,
        "week_49": 2.467618029388391e-13,
        "week_50": 4.148913349056438e-13,
        "week_51": 4.5404018693345776e-12,
        "week_52": 3.573624299838336e-13
    },
    "MAE": {
        "week_1": 5.960464477539063e-08,
        "week_2": 6.705522537231445e-08,
        "week_3": 4.3958425521850586e-07,
        "week_4": 5.960464477539063e-08,
        "week_5": 1.043081283569336e-07,
        "week_6": 2.0489096641540527e-08,
        "week_7": 5.960464477539063e-08,
        "week_8": 7.450580596923828e-08,
        "week_9": 3.5390257835388184e-08,
        "week_10": 1.30385160446167e-07,
        "week_11": 1.0058283805847168e-07,
        "week_12": 5.21540641784668e-08,
        "week_13": 8.568167686462402e-08,
        "week_14": 7.078051567077637e-08,
        "week_15": 7.450580596923828e-08,
        "week_16": 7.636845111846924e-08,
        "week_17": 1.9371509552001953e-07,
        "week_18": 4.0978193283081055e-08,
        "week_19": 7.916241884231567e-08,
        "week_20": 3.902241587638855e-07,
        "week_21": 2.2351741790771484e-08,
        "week_22": 2.0489096641540527e-07,
        "week_23": 6.705522537231445e-08,
        "week_24": 2.2351741790771484e-08,
        "week_25": 1.341104507446289e-07,
        "week_26": 3.725290298461914e-09,
        "week_27": 1.1548399925231934e-07,
        "week_28": 3.864988684654236e-08,
        "week_29": 1.51805579662323e-07,
        "week_30": 1.1548399925231934e-07,
        "week_31": 1.2665987014770508e-07,
        "week_32": 4.842877388000488e-08,
        "week_33": 1.2833625078201294e-06,
        "week_34": 9.685754776000977e-08,
        "week_35": 9.499490261077881e-08,
        "week_36": 5.587935447692871e-08,
        "week_37": 7.078051567077637e-08,
        "week_38": 6.705522537231445e-08,
        "week_39": 7.264316082000732e-08,
        "week_40": 0.0,
        "week_41": 2.2351741790771484e-08,
        "week_42": 1.6298145055770874e-07,
        "week_43": 2.775341272354126e-07,
        "week_44": 5.21540641784668e-08,
        "week_45": 8.754432201385498e-08,
        "week_46": 3.632158041000366e-08,
        "week_47": 2.7939677238464355e-08,
        "week_48": 1.862645149230957e-08,
        "week_49": 5.960464477539063e-08,
        "week_50": 1.4156103134155273e-07,
        "week_51": 1.4528632164001465e-07,
        "week_52": 2.8870999813079834e-08
    },
    "MAE2": {
        "week_1": 5.960464477539063e-08,
        "week_2": 6.705522537231445e-08,
        "week_3": 4.3958425521850586e-07,
        "week_4": 5.960464477539063e-08,
        "week_5": 1.043081283569336e-07,
        "week_6": 2.0489096641540527e-08,
        "week_7": 5.960464477539063e-08,
        "week_8": 7.450580596923828e-08,
        "week_9": 3.5390257835388184e-08,
        "week_10": 1.30385160446167e-07,
        "week_11": 1.0058283805847168e-07,
        "week_12": 5.21540641784668e-08,
        "week_13": 8.568167686462402e-08,
        "week_14": 7.078051567077637e-08,
        "week_15": 7.450580596923828e-08,
        "week_16": 7.636845111846924e-08,
        "week_17": 1.9371509552001953e-07,
        "week_18": 4.0978193283081055e-08,
        "week_19": 7.916241884231567e-08,
        "week_20": 3.902241587638855e-07,
        "week_21": 2.2351741790771484e-08,
        "week_22": 2.0489096641540527e-07,
        "week_23": 6.705522537231445e-08,
        "week_24": 2.2351741790771484e-08,
        "week_25": 1.341104507446289e-07,
        "week_26": 3.725290298461914e-09,
        "week_27": 1.1548399925231934e-07,
        "week_28": 3.864988684654236e-08,
        "week_29": 1.51805579662323e-07,
        "week_30": 1.1548399925231934e-07,
        "week_31": 1.2665987014770508e-07,
        "week_32": 4.842877388000488e-08,
        "week_33": 1.2833625078201294e-06,
        "week_34": 9.685754776000977e-08,
        "week_35": 9.499490261077881e-08,
        "week_36": 5.587935447692871e-08,
        "week_37": 7.078051567077637e-08,
        "week_38": 6.705522537231445e-08,
        "week_39": 7.264316082000732e-08,
        "week_40": 0.0,
        "week_41": 2.2351741790771484e-08,
        "week_42": 1.6298145055770874e-07,
        "week_43": 2.775341272354126e-07,
        "week_44": 5.21540641784668e-08,
        "week_45": 8.754432201385498e-08,
        "week_46": 3.632158041000366e-08,
        "week_47": 2.7939677238464355e-08,
        "week_48": 1.862645149230957e-08,
        "week_49": 5.960464477539063e-08,
        "week_50": 1.4156103134155273e-07,
        "week_51": 1.4528632164001465e-07,
        "week_52": 2.8870999813079834e-08
    },
    "ME": {
        "week_1": -5.960464477539063e-08,
        "week_2": -6.705522537231445e-08,
        "week_3": 4.3958425521850586e-07,
        "week_4": -5.960464477539063e-08,
        "week_5": 1.043081283569336e-07,
        "week_6": 2.0489096641540527e-08,
        "week_7": 5.960464477539063e-08,
        "week_8": -7.450580596923828e-08,
        "week_9": 3.5390257835388184e-08,
        "week_10": -1.30385160446167e-07,
        "week_11": 1.0058283805847168e-07,
        "week_12": -5.21540641784668e-08,
        "week_13": 8.568167686462402e-08,
        "week_14": -7.078051567077637e-08,
        "week_15": -7.450580596923828e-08,
        "week_16": 7.636845111846924e-08,
        "week_17": 1.9371509552001953e-07,
        "week_18": -4.0978193283081055e-08,
        "week_19": 7.916241884231567e-08,
        "week_20": -3.902241587638855e-07,
        "week_21": 2.2351741790771484e-08,
        "week_22": -2.0489096641540527e-07,
        "week_23": -6.705522537231445e-08,
        "week_24": 2.2351741790771484e-08,
        "week_25": -1.341104507446289e-07,
        "week_26": -3.725290298461914e-09,
        "week_27": 1.1548399925231934e-07,
        "week_28": 3.864988684654236e-08,