{
    "MAPE": {
        "week_1": 7.249106907629231,
        "week_2": 8.174691079239148,
        "week_3": 8.777513940355636,
        "week_4": 9.381470619388073,
        "week_5": 11.827030910051477,
        "week_6": 18.557612396205883,
        "week_7": 20.458235211587855,
        "week_8": 23.396404518633478,
        "week_9": 23.631552357838647,
        "week_10": 31.7705322619165,
        "week_11": 34.89033274854311,
        "week_12": 28.70433951290628,
        "week_13": 26.788030912253713,
        "week_14": 26.185986648126974,
        "week_15": 24.121141743751494,
        "week_16": 23.24317613237153,
        "week_17": 26.00476362843422,
        "week_18": 17.817801581119504,
        "week_19": 19.183170591854758,
        "week_20": 21.529606072846317,
        "week_21": 18.11685317756163,
        "week_22": 17.021920665373656,
        "week_23": 16.921982987502858,
        "week_24": 16.544301731906575,
        "week_25": 15.018913158683297,
        "week_26": 15.37224080546381,
        "week_27": 18.98356877349249,
        "week_28": 17.47080355347957,
        "week_29": 26.90205100002514,
        "week_30": 22.22850122908806,
        "week_31": 19.130976940088217,
        "week_32": 18.240094089002305,
        "week_33": 18.050591574519466,
        "week_34": 18.490622764944973,
        "week_35": 16.854114150250595,
        "week_36": 17.260360681846425,
        "week_37": 15.164998883895525,
        "week_38": 14.991090163260933,
        "week_39": 16.687599817606433,
        "week_40": 12.78896195918283,
        "week_41": 13.12376706483413,
        "week_42": 11.961547366570407,
        "week_43": 12.038047355878252,
        "week_44": 10.285241868747073,
        "week_45": 11.297272572769264,
        "week_46": 11.337878925686812,
        "week_47": 13.144200362498736,
        "week_48": 18.937117589378502,
        "week_49": 14.375494131763904,
        "week_50": 15.57769162193685,
        "week_51": 15.879423208055663,
        "week_52": 13.56229752173504
    },
    "MAE": {
        "week_1": 766387.5399440042,
        "week_2": 891633.0154715158,
        "week_3": 995151.5007727324,
        "week_4": 1080624.737736406,
        "week_5": 1241092.2816472838,
        "week_6": 1610069.368121714,
        "week_7": 1778310.3961840684,
        "week_8": 1673084.7970505126,
        "week_9": 1760555.335482405,
        "week_10": 2073996.6984575288,
        "week_11": 2250664.146950163,
        "week_12": 2287683.4404479894,
        "week_13": 2213123.256265585,
        "week_14": 2290637.427914874,
        "week_15": 2137192.720049963,
        "week_16": 2160372.581820201,
        "week_17": 2101338.143162465,
        "week_18": 2115304.0925990674,
        "week_19": 2117779.674790063,
        "week_20": 2292862.4036816093,
        "week_21": 2098080.5387566998,
        "week_22": 2135117.117405302,
        "week_23": 2197185.8523204196,
        "week_24": 2224362.514106321,
        "week_25": 2228526.1434509414,
        "week_26": 2122592.2391734147,
        "week_27": 2282956.569041795,
        "week_28": 2104061.2357051065,
        "week_29": 2249855.417664663,
        "week_30": 2287377.139233216,
        "week_31": 2239077.655128835,
        "week_32": 1843355.342982781,
        "week_33": 1828424.6941804509,
        "week_34": 1793898.5445133268,
        "week_35": 1616112.4761157373,
        "week_36": 1674133.8043540062,
        "week_37": 1445100.064179649,
        "week_38": 1526277.0978960164,
        "week_39": 1492888.063104286,
        "week_40": 1443188.4046921525,
        "week_41": 1496662.8448165292,
        "week_42": 1437992.9393764243,
        "week_43": 1646391.8753376126,
        "week_44": 1510176.0433272019,
        "week_45": 1549383.4795192033,
        "week_46": 1644881.427076355,
        "week_47": 1855246.4707602107,
        "week_48": 1984852.887925514,
        "week_49": 2016876.5735639683,
        "week_50": 2019870.4388868266,
        "week_51": 2105511.8025281215,
        "week_52": 1991279.0934258522
    },
    "R2": {
        "week_1": 0.9872929667751653,
        "week_2": 0.9851649481931006,
        "week_3": 0.985335268695026,
        "week_4": 0.9853846857376163,
        "week_5": 0.9817666414459191,
        "week_6": 0.967503578344841,
        "week_7": 0.963120473604896,
        "week_8": 0.9677029898524201,
        "week_9": 0.9665387626437894,
        "week_10": 0.9471614696664284,
        "week_11": 0.9469863184970918,
        "week_12": 0.9460406952015045,
        "week_13": 0.9510444622595481,
        "week_14": 0.944271304754069,
        "week_15": 0.9454759260357821,
        "week_16": 0.9406649684902983,
        "week_17": 0.9420168421611699,
        "week_18": 0.9339828485727985,
        "week_19": 0.929786204362834,
        "week_20": 0.9131725284218585,
        "week_21": 0.9315778212486197,
        "week_22": 0.9276099172275006,
        "week_23": 0.9255138935958722,
        "week_24": 0.9272074989459537,
        "week_25": 0.9256473107492504,
        "week_26": 0.9400931771507012,
        "week_27": 0.9334426015948933,
        "week_28": 0.9459025582155891,
        "week_29": 0.9409638177222768,
        "week_30": 0.9386248614456071,
        "week_31": 0.9418273252772398,
        "week_32": 0.9624116491332334,
        "week_33": 0.9632300240388459,
        "week_34": 0.9602104728958708,
        "week_35": 0.9684834833598776,
        "week_36": 0.9656944987141498,
        "week_37": 0.9701306762423607,
        "week_38": 0.9611956036116244,
        "week_39": 0.9660406086593295,
        "week_40": 0.9683626668154252,
        "week_41": 0.967628108203348,
        "week_42": 0.9717626587448158,
        "week_43": 0.9507860798771375,
        "week_44": 0.9621801977544341,
        "week_45": 0.9597211068216429,
        "week_46": 0.9465805937045303,
        "week_47": 0.927998561082282,
        "week_48": 0.9292868599264554,
        "week_49": 0.9295962914249097,
        "week_50": 0.9339890784502425,
        "week_51": 0.93147403132885,
        "week_52": 0.9408347727217212
    },
    "Execution Time": 1.6789085865020752,
    "Scaler": "No scaling",
    "Scoring": "Pearson Correlation",
    "Predictions": {
        "week_1": 12345879.616475988,
        "week_2": 10628598.457277928,
        "week_3": 8870903.579378728,
        "week_4": 7399133.402752666,
        "week_5": 5878131.827451907,
        "week_6": 5378031.667026889,
        "week_7": 5199301.63715658,
        "week_8": 5637342.5480326,
        "week_9": 4502651.541136537,
        "week_10": 6866856.496909576,
        "week_11": 10629023.713866964,
        "week_12": 13072040.575346973,
        "week_13": 15342839.169298926,
        "week_14": 18244267.10861153,
        "week_15": 20376867.98282498,
        "week_16": 22943575.56185759,
        "week_17": 25504892.375975125,
        "week_18": 28035471.75570234,
        "week_19": 30486622.89394558,
        "week_20": 32866074.71889089,
        "week_21": 34422014.641220346,
        "week_22": 35756520.25097299,
        "week_23": 37202329.70620017,
        "week_24": 37994691.14052176,
        "week_25": 38627628.241228186,
        "week_26": 39005705.39325955,
        "week_27": 39204805.488097206,
        "week_28": 38843583.64332679,
        "week_29": 38010624.72326283,
        "week_30": 37084107.398117565,
        "week_31": 36755650.785963446,
        "week_32": 35582066.0359651,
        "week_33": 35193922.19188632,
        "week_34": 33595066.226141535,
        "week_35": 32688145.30471343,
        "week_36": 32279512.710546833,
        "week_37": 31530375.22273135,
        "week_38": 29727860.67914777,
        "week_39": 28854137.515166275,
        "week_40": 28059355.27462503,
        "week_41": 27317601.650824733,
        "week_42": 26754372.226956353,