{
    "Week_1": 136.58882352605568,
    "Week_2": 191.7602329059515,
    "Week_3": 169.5867300764211,
    "Week_4": 728.2656780882586,
    "Week_5": 107.37463471660004,
    "Week_6": 341.1763390962526,
    "Week_7": 342.0582177217362,
    "Week_8": 324.07659016913703,
    "Week_9": 261.93278968187565,
    "Week_10": 151.91300476468763,
    "Week_11": 61.36601444323945,
    "Week_12": 1.1978533186433185,
    "Week_13": 7.093848413890681,
    "Week_14": 13.204251136455426,
    "Week_15": 12.94317129242368,
    "Week_16": 14.336783274012591,
    "Week_17": 2.2103540041052656,
    "Week_18": 32.974210683301365,
    "Week_19": 10.147851240415823,
    "Week_20": 7.645841046533512,
    "Week_21": 5.442109271732183,
    "Week_22": 2.1772404987864875,
    "Week_23": 4.563080106954628,
    "Week_24": 6.858477443362868,
    "Week_25": 7.487435700664865,
    "Week_26": 8.014879843624353,
    "Week_27": 8.40366806025464,
    "Week_28": 6.130093026131714,
    "Week_29": 5.979006347861753,
    "Week_30": 5.6199857392933446,
    "Week_31": 4.820395535044007,
    "Week_32": 2.230260938916828,
    "Week_33": 3.353870828232628,
    "Week_34": 2.6833919924797485,
    "Week_35": 3.694370914801373,
    "Week_36": 3.524643763793706,
    "Week_37": 1.4731671812392366,
    "Week_38": 4.619819642079232,
    "Week_39": 0.8667283844257275,
    "Week_40": 0.10951544700659077,
    "Week_41": 1.812552742577506,
    "Week_42": 1.2823515313703726,
    "Week_43": 0.4430360916578793,
    "Week_44": 3.7184007990643613,
    "Week_45": 4.041489503238651,
    "Week_46": 7.14128811319463,
    "Week_47": 3.7992759567715084,
    "Week_48": 8.750001814445497,
    "Week_49": 7.656343034340485,
    "Week_50": 5.295358651761541,
    "Week_51": 12.561793928177387,
    "Week_52": 14.095210363861831
}