{
    "MAPE": {
        "week_1": 11.236872601066002,
        "week_2": 13.144487370979988,
        "week_3": 16.65541817930545,
        "week_4": 19.70453891055023,
        "week_5": 22.955902629130616,
        "week_6": 34.02817390193016,
        "week_7": 36.17934082373433,
        "week_8": 32.222117177379374,
        "week_9": 45.960549361435014,
        "week_10": 34.51477316542439,
        "week_11": 38.895107334514215,
        "week_12": 24.250751617094156,
        "week_13": 20.92435187391926,
        "week_14": 23.443855396253298,
        "week_15": 31.831228701748117,
        "week_16": 33.25656998638408,
        "week_17": 28.49484748151065,
        "week_18": 29.632734892188427,
        "week_19": 27.757214929507395,
        "week_20": 29.65987407447232,
        "week_21": 25.554812482675604,
        "week_22": 23.63019985099551,
        "week_23": 22.685194113218664,
        "week_24": 15.812395456977182,
        "week_25": 16.415728060202312,
        "week_26": 15.99294787680201,
        "week_27": 18.06956579675722,
        "week_28": 22.15319181030739,
        "week_29": 32.478962132084185,
        "week_30": 22.133149019993585,
        "week_31": 24.364635883760556,
        "week_32": 25.112890490387112,
        "week_33": 22.858259245227952,
        "week_34": 25.920587759457682,
        "week_35": 22.142605943925115,
        "week_36": 23.64358040137862,
        "week_37": 18.431904886756364,
        "week_38": 19.876856072490483,
        "week_39": 13.771890906235345,
        "week_40": 12.67109559098563,
        "week_41": 12.834956655347318,
        "week_42": 11.565572038423532,
        "week_43": 14.904998543135667,
        "week_44": 12.653896749398443,
        "week_45": 12.36083128528762,
        "week_46": 14.836014715415999,
        "week_47": 18.226402251952074,
        "week_48": 14.517768632606382,
        "week_49": 13.345188542100377,
        "week_50": 15.773855892230493,
        "week_51": 16.702470530257497,
        "week_52": 17.589624322947596
    },
    "MAE": {
        "week_1": 909965.2702720144,
        "week_2": 1201739.5481229122,
        "week_3": 1579174.946035767,
        "week_4": 1790380.5532093886,
        "week_5": 2290521.5546330735,
        "week_6": 2633595.760825802,
        "week_7": 2805096.0294873733,
        "week_8": 2772146.1767767607,
        "week_9": 2825372.0757770776,
        "week_10": 2596187.150227308,
        "week_11": 2545709.2737501096,
        "week_12": 2186697.572319773,
        "week_13": 2022391.5250612309,
        "week_14": 2022596.597701388,
        "week_15": 2744595.5448980257,
        "week_16": 2800822.398275922,
        "week_17": 2847754.34516017,
        "week_18": 2974466.3416966824,
        "week_19": 2896662.999977165,
        "week_20": 2928911.0093681477,
        "week_21": 3121007.075762653,
        "week_22": 3241527.176596655,
        "week_23": 3313710.753446108,
        "week_24": 2130682.315920708,
        "week_25": 2184625.669272415,
        "week_26": 2162823.9287918266,
        "week_27": 2216750.4180840226,
        "week_28": 2711748.760021072,
        "week_29": 2942635.205277308,
        "week_30": 2923570.403336402,
        "week_31": 3036948.5036569512,
        "week_32": 2688517.7875915035,
        "week_33": 2458382.910073881,
        "week_34": 2425629.2778031705,
        "week_35": 2317775.1296521593,
        "week_36": 2234597.6928487904,
        "week_37": 1970056.8195633308,
        "week_38": 1800759.095921103,
        "week_39": 1565215.5783370535,
        "week_40": 1512364.0533555252,
        "week_41": 1633852.2613231177,
        "week_42": 1582067.676517234,
        "week_43": 1592230.5956681527,
        "week_44": 1626420.901480542,
        "week_45": 1702567.777452099,
        "week_46": 1806560.003037468,
        "week_47": 1831301.2978377854,
        "week_48": 1766793.6288194389,
        "week_49": 1766218.6109707416,
        "week_50": 1744853.064498624,
        "week_51": 1879588.4496948153,
        "week_52": 1874774.3716952887
    },
    "R2": {
        "week_1": 0.9857267203754386,
        "week_2": 0.9775450114521334,
        "week_3": 0.9628482899713907,
        "week_4": 0.955906756730633,
        "week_5": 0.9397994058078655,
        "week_6": 0.922242329242254,
        "week_7": 0.9114212368494512,
        "week_8": 0.9109843033296104,
        "week_9": 0.9097491883920492,
        "week_10": 0.9220942783477828,
        "week_11": 0.9246599453541845,
        "week_12": 0.9445314201974935,
        "week_13": 0.9523521966439435,
        "week_14": 0.9528571806359395,
        "week_15": 0.9058976515940964,
        "week_16": 0.9006781666378292,
        "week_17": 0.8886694214858896,
        "week_18": 0.8757187960355419,
        "week_19": 0.8725522138932731,
        "week_20": 0.8653764407180666,
        "week_21": 0.8521606775266356,
        "week_22": 0.8407558513223757,
        "week_23": 0.8338091728437625,
        "week_24": 0.9335732628056814,
        "week_25": 0.9408217439380696,
        "week_26": 0.9403440017156955,
        "week_27": 0.9360767022497338,
        "week_28": 0.913492480850124,
        "week_29": 0.9055792181842435,
        "week_30": 0.8923477852151515,
        "week_31": 0.8953863075347998,
        "week_32": 0.9229522881195203,
        "week_33": 0.9357312621016646,
        "week_34": 0.9318828515031694,
        "week_35": 0.9359719972801145,
        "week_36": 0.9360625939797053,
        "week_37": 0.9430104197815593,
        "week_38": 0.9497652811998668,
        "week_39": 0.9625012813651707,
        "week_40": 0.9639269120148152,
        "week_41": 0.9560819357896276,
        "week_42": 0.9608318415273593,
        "week_43": 0.9613965396953829,
        "week_44": 0.9592130271389876,
        "week_45": 0.9546980404452863,
        "week_46": 0.9553209322381764,
        "week_47": 0.9543153036752609,
        "week_48": 0.9570975109566936,
        "week_49": 0.9547839500655759,
        "week_50": 0.9591336645450643,
        "week_51": 0.9492077283482544,
        "week_52": 0.9510614276827988
    },
    "Execution Time": {
        "week_1": 0.05346488952636719,
        "week_2": 0.031624555587768555,
        "week_3": 0.024360179901123047,
        "week_4": 0.0313873291015625,
        "week_5": 0.03054952621459961,
        "week_6": 0.020313024520874023,
        "week_7": 0.024964570999145508,
        "week_8": 0.04748868942260742,
        "week_9": 0.03039240837097168,
        "week_10": 0.0201570987701416,
        "week_11": 0.035347700119018555,
        "week_12": 0.028914213180541992,
        "week_13": 0.021484375,
        "week_14": 0.03400874137878418,
        "week_15": 0.03046584129333496,
        "week_16": 0.026993274688720703,
        "week_17": 0.03604388236999512,
        "week_18": 0.02199530601501465,
        "week_19": 0.032952070236206055,
        "week_20": 0.03216433525085449,
        "week_21": 0.030072450637817383,
        "week_22": 0.020093441009521484,
        "week_23": 0.033431053161621094,
        "week_24": 0.028336763381958008,
        "week_25": 0.03182530403137207,
        "week_26": 0.023102521896362305,
        "week_27": 0.02758002281188965,
        "week_28": 0.02969050407409668,
        "week_29": 0.02492690086364746,
        "week_30": 0.027735233306884766,
        "week_31": 0.03472399711608887,
        "week_32": 0.019648075103759766,
        "week_33": 0.03333783149719238,
        "week_34": 0.028479814529418945,
        "week_35": 0.022657155990600586,
        "week_36": 0.03224778175354004,
        "week_37": 0.028521060943603516,
        "week_38": 0.05010867118835449,
        "week_39": 0.032697200775146484,
        "week_40": 0.022562503814697266,
        "week_41": 0.03137397766113281,
        "week_42": 0.03184866905212402,