{
    "NBEATSModel": {
        "MAPE": 19.49292894705192,
        "Prediction": [
            13976875.322826974,
            10608534.247360598,
            9264940.532245858,
            5733622.92153736,
            4987346.194085945,
            2297908.6764714434,
            3112620.1322546275,
            3076865.1482181773,
            1371.9934162620928,
            2230692.6029471057,
            2725705.5200632373,
            3780710.5975422543,
            4832930.917498622,
            6714141.683917404,
            9810853.478685128,
            13486730.770750286,
            15521860.988695605,
            19615951.01721476,
            22632437.649155747,
            24965589.81676496,
            27726682.897740085,
            28430386.38880091,
            29569313.03869072,
            31435670.68742624,
            34069211.22301459,
            35849976.345492266,
            36446498.801555924,
            37000597.856059216,
            35332073.59870424,
            34945121.70346913,
            35216483.086833864,
            33998757.80668242,
            33944576.17423415,
            32139184.536908753,
            33079121.082390893,
            33063890.018853273,
            31587466.336441215,
            30472053.480510626,
            31830327.456603672,
            32057007.286141053,
            29839100.850323994,
            29147186.235326715,
            28030131.246014867,
            26909786.11311188,
            28588905.711526487,
            25645687.081238944,
            23845103.753519814,
            22869142.749310408,
            23507688.686942447,
            19786086.186886944,
            19170074.270912834,
            16795312.64520081
        ]
    },
    "NaiveSeasonal": {
        "MAPE": 9.596604607650988,
        "Prediction": [
            9258120.0,
            6661699.0,
            4950498.0,
            4054199.0,
            4054199.0,
            2709634.9999999995,
            3061505.0,
            2904663.0,
            3001913.0,
            3276616.0,
            4494428.0,
            7089561.999999999,
            10535684.0,
            15225036.999999998,
            18014343.0,
            20732830.0,
            22891403.0,
            28143183.0,
            30409329.0,
            32858653.0,
            34340852.0,
            36681928.0,
            36854857.0,
            38015236.0,
            38740717.0,
            38639736.0,
            38936167.0,
            37348964.0,
            37110774.0,
            36268888.0,
            35630777.0,
            34839718.0,
            34693462.0,
            33939645.0,
            33101275.0,
            32207936.0,
            31667477.0,
            30596903.0,
            29457143.0,
            28713571.0,
            27481376.0,
            27107645.0,
            26490008.000000004,
            25992396.0,
            23942281.0,
            22749894.0,
            20827143.999999996,
            20020646.999999996,
            18492195.0,
            16352203.000000002,
            14166017.0,
            12611269.0
        ]
    },
    "ExponentialSmoothing": {
        "MAPE": 47.75196841917065,
        "Prediction": [
            10678674.94026752,
            9466068.454819191,
            9114184.522298548,
            8822832.9002994,
            7257325.771413295,
            7670013.428953256,
            7715671.436351833,
            8021094.059294261,
            8714656.031930039,
            10212449.964562088,
            12435490.169892803,
            15241987.20077685,
            17883338.187879466,
            20980500.180363372,
            23280728.142720316,
            24969360.877281632,
            27510718.317599647,
            28564378.40765346,
            32055238.619985405,
            33868386.95322345,
            35557064.042115554,
            36823276.63403324,
            37708560.32875274,
            38130278.52740065,
            38471633.42339363,
            38416914.631244995,
            37795292.6009408,
            37185625.83512736,
            36596223.53288226,
            36053982.52107679,
            35167926.99234893,
            34504661.59864402,
            33936353.9493674,
            33309669.665790923,
            32563024.82744967,
            31897818.492613938,
            31300711.088612154,
            30608793.675936814,
            29825837.05996573,
            28818436.449381858,
            28015962.32057889,
            27294813.569294646,
            26417721.95000035,
            25325697.3946581,
            24194003.424226124,
            23102268.429614615,
            21661519.24634644,
            20120894.173291154,
            18553072.588245157,
            16615056.30835618,
            14699043.814226177,
            13159246.818837328
        ]
    }
}