{
    "MAPE": 25.695610587107577,
    "Predictions": [
        10282344.744139567,
        8494075.019834107,
        7353008.491039167,
        7031493.121980931,
        6762831.239783974,
        5857953.264152692,
        6148845.884678347,
        6115428.105437654,
        6295102.499238272,
        6742949.35725241,
        7904388.248712948,
        10152403.774749294,
        12914548.393496465,
        16196910.640123658,
        18556498.90055475,
        20604472.665384393,
        22520091.853964947,
        26246547.082847994,
        28226586.144240495,
        30123331.01071936,
        31229023.49052505,
        32888669.622645617,
        33112017.884589553,
        33898374.98711969,
        34455745.869588114,
        34350774.202402346,
        34512224.451531775,
        33349954.83995041,
        33071807.868729368,
        32500286.23106243,
        32016694.172465708,
        31400879.338951323,
        31264033.692773156,
        30756415.12810855,
        30092670.36093489,
        29393586.300755985,
        28998909.232216083,
        28166345.94910658,
        27348603.493636724,
        26706064.370349254,
        25724144.649807516,
        25402014.039321516,
        24901926.73483172,
        24356013.077945482,
        22962699.10651435,
        21854189.363768753,
        20411848.967223577,
        19780791.138391435,
        18674012.656705856,
        16989618.07453472,
        15362283.729978617,
        14116006.316970143
    ],
    "Conf_Int": [
        [
            6950908.868860483,
            13613780.61941865
        ],
        [
            4040477.426992898,
            12947672.612675317
        ],
        [
            2092041.0349921826,
            12613975.947086152
        ],
        [
            1139171.7116472973,
            12923814.532314565
        ],
        [
            356469.4925102955,
            13169192.987057652
        ],
        [
            -977058.3905437673,
            12692964.918849152
        ],
        [
            -1049294.3986527538,
            13346986.168009449
        ],
        [
            -1393784.343929315,
            13624640.554804623
        ],
        [
            -1482799.0788115906,
            14073004.077288136
        ],
        [
            -1268508.2197502917,
            14754406.934255112
        ],
        [
            -311101.4870868977,
            16119877.984512793
        ],
        [
            1757957.5702296179,
            18546849.979268968
        ],
        [
            4362624.668093462,
            21466472.11889947
        ],
        [
            7506034.106445368,
            24887787.173801947
        ],
        [
            9742736.533233695,
            27370261.267875805
        ],
        [
            11681825.041605506,
            29527120.28916328
        ],
        [
            13500806.802748607,
            31539376.90518129
        ],
        [
            17141374.660922684,
            35351719.504773304
        ],
        [
            19044988.448621072,
            37408183.83985992
        ],
        [
            20873656.643486958,
            39373005.377951756
        ],
        [
            21918653.95011789,
            40539393.0309322
        ],
        [
            23524143.108894993,
            42253196.136396244
        ],
        [
            23699134.722807035,
            42524901.04637207
        ],
        [
            24442287.9986018,
            43354461.97563758
        ],
        [
            24961037.560745638,
            43950454.17843059
        ],
        [
            24821524.992735773,
            43880023.41206892
        ],
        [
            24952070.711268604,
            44072378.19179495
        ],
        [
            23762139.85255895,
            42937769.82734187
        ],
        [
            23459226.40401354,
            42684389.33344519
        ],
        [
            22865523.64011047,
            42135048.82201439
        ],
        [
            22362060.763707973,
            41671327.58122344
        ],
        [
            21728440.672222175,
            41073318.00568047
        ],
        [
            21575637.328950692,
            40952430.05659562
        ],
        [
            21053714.29065127,
            40459115.96556583
        ],
        [
            20377144.89867242,
            39808195.823197365
        ],
        [
            19666561.28573077,
            39120611.3157812
        ],
        [
            19261571.479979627,
            38736246.98445254
        ],
        [
            18419758.709905446,
            37912933.18830772
        ],
        [
            17593719.53001131,
            37103487.457262136
        ],
        [
            16943737.608728588,
            36468391.13196992
        ],
        [
            15955140.569852032,
            35493148.729763
        ],
        [
            15627018.94434915,
            35177009.134293884
        ],
        [
            15121556.029100109,
            34682297.440563336
        ],
        [
            14570818.661398467,
            34141207.4944925
        ],
        [
            13173175.984461641,
            32752222.228567056
        ],
        [
            12060781.557546407,
            31647597.1699911
        ],
        [
            10614954.801925957,
            30208743.132521197
        ],
        [
            9980767.975061527,
            29580814.301721342
        ],
        [
            8871181.128743442,
            28476844.184668273
        ],
        [
            7184265.881382838,
            26794970.267686605
        ],
        [
            5554669.035252711,
            25169898.424704522
        ],
        [
            4306360.792995309,
            23925651.840944976
        ]
    ]
}