{
    "BayesianRidge": {},
    "DecisionTreeRegressor": {
        "null": {
            "MAPE": {
                "week_1": 10.248383735891558
            },
            "MAE": {
                "week_1": 1040197.5485311337
            },
            "Prediction": {
                "week_1": 7730820.0
            }
        }
    }
}