{
    "Execution Time": 0.960869550704956,
    "Mean Train Score": 227757704002.6751,
    "Mean Test Score": 1974905083216.475,
    "MAPE_Score": 4.552069409931544,
    "MAE Score": 587812.8285076144,
    "Predictions": [
        11796571.122865025,
        9830891.981478244,
        7306611.220245633,
        5024984.57337735,
        7188758.733623277,
        4317200.248415578,
        3779958.58640573,
        3405693.3524403945,
        4501940.3453335315,
        7548754.960592974,
        11005126.680151887,
        15084642.767736685,
        19408650.180158217,
        23480961.8634799,
        25614024.090333674,
        29933144.06423602,
        31556348.484887037,
        34788597.9970355,
        36545048.09834558,
        38571266.911034316,
        40016773.324936226,
        41101333.48561613,
        41700190.254312724,
        42292524.02779569,
        42120916.10576913,
        41445568.71000975,
        40707431.30361958,
        39739639.7678538,
        38902658.29746184,
        37839822.26850861,
        37193069.10487278,
        36444191.57421085,
        35788130.45720875,
        34201881.398611665,
        33813479.07969391,
        33139081.0712475,
        32581041.7006702,
        31876109.963906456,
        30896426.886201534,
        29985096.807217564,
        28572293.5318127,
        27195351.378864627,
        25653368.93555526,
        24244568.908057395,
        22834972.477412883,
        22191801.43914764,
        20257831.40486925,
        17943079.77957445,
        16823307.940048415,
        14705838.381790746,
        12861052.953467645,
        7605782.736855131
    ],
    "Scaler": "No scaling",
    "Scoring": "No scoring",
    "Selected Features": [
        "Week",
        "Grass_growth",
        "num_suppliers",
        "Austria_Milk_Price",
        "Belgium_Milk_Price",
        "Bulgaria_Milk_Price",
        "Cyprus_Milk_Price",
        "Czechia_Milk_Price",
        "Dairy cows",
        "Denmark_Milk_Price",
        "EU_UK",
        "Estonia_Milk_Price",
        "Finland_Milk_Price",
        "France_Milk_Price",
        "Germany_Milk_Price",
        "Greece_Milk_Price",
        "Hungary_Milk_Price",
        "Ireland_Milk_Price",
        "Italy_Milk_Price",
        "Latvia_Milk_Price",
        "Lithuania_Milk_Price",
        "Netherlands_Milk_Price",
        "Poland_Milk_Price",
        "Portugal_Milk_Price",
        "Romania_Milk_Price",
        "Slovakia_Milk_Price",
        "Slovenia_Milk_Price",
        "Spain_Milk_Price",
        "Sweden_Milk_Price",
        "Total cattle",
        "feed_totals",
        "yield_per_supplier",
        "cos_week",
        "past_values",
        "Grass_growth-1",
        "Grass_growth-2",
        "Grass_growth-3",
        "num_suppliers-1",
        "num_suppliers-2",
        "num_suppliers-3",
        "Austria_Milk_Price-1",
        "Austria_Milk_Price-2",
        "Austria_Milk_Price-3",
        "Belgium_Milk_Price-1",
        "Belgium_Milk_Price-2",
        "Belgium_Milk_Price-3",
        "Bulgaria_Milk_Price-1",
        "Bulgaria_Milk_Price-2",
        "Bulgaria_Milk_Price-3",
        "Cyprus_Milk_Price-1",
        "Cyprus_Milk_Price-2",
        "Cyprus_Milk_Price-3",
        "Czechia_Milk_Price-1",
        "Czechia_Milk_Price-2",
        "Czechia_Milk_Price-3",
        "Dairy cows-1",
        "Dairy cows-2",
        "Dairy cows-3",
        "Denmark_Milk_Price-1",
        "Denmark_Milk_Price-2",
        "Denmark_Milk_Price-3",
        "EU_UK-1",
        "EU_UK-2",
        "EU_UK-3",
        "Estonia_Milk_Price-1",
        "Estonia_Milk_Price-2",
        "Estonia_Milk_Price-3",
        "Finland_Milk_Price-1",
        "Finland_Milk_Price-2",
        "Finland_Milk_Price-3",
        "France_Milk_Price-1",
        "France_Milk_Price-2",
        "France_Milk_Price-3",
        "Germany_Milk_Price-1",
        "Germany_Milk_Price-2",
        "Germany_Milk_Price-3",
        "Greece_Milk_Price-1",
        "Greece_Milk_Price-2",
        "Greece_Milk_Price-3",
        "Hungary_Milk_Price-1",
        "Hungary_Milk_Price-2",
        "Hungary_Milk_Price-3",
        "Ireland_Milk_Price-1",
        "Ireland_Milk_Price-2",
        "Ireland_Milk_Price-3",
        "Italy_Milk_Price-1",
        "Italy_Milk_Price-2",
        "Italy_Milk_Price-3",
        "Latvia_Milk_Price-1",
        "Latvia_Milk_Price-2",
        "Latvia_Milk_Price-3",
        "Lithuania_Milk_Price-1",
        "Lithuania_Milk_Price-2",
        "Lithuania_Milk_Price-3",
        "Netherlands_Milk_Price-1",
        "Netherlands_Milk_Price-2",
        "Netherlands_Milk_Price-3",
        "Poland_Milk_Price-1",
        "Poland_Milk_Price-2",
        "Poland_Milk_Price-3",
        "Portugal_Milk_Price-1",
        "Portugal_Milk_Price-2",
        "Portugal_Milk_Price-3",
        "Romania_Milk_Price-1",
        "Romania_Milk_Price-2",
        "Romania_Milk_Price-3",
        "Slovakia_Milk_Price-1",
        "Slovakia_Milk_Price-2",
        "Slovakia_Milk_Price-3",
        "Slovenia_Milk_Price-1",
        "Slovenia_Milk_Price-2",
        "Slovenia_Milk_Price-3",
        "Spain_Milk_Price-1",
        "Spain_Milk_Price-2",
        "Spain_Milk_Price-3",
        "Sweden_Milk_Price-1",
        "Sweden_Milk_Price-2",
        "Sweden_Milk_Price-3",
        "Total cattle-1",
        "Total cattle-2",
        "Total cattle-3",
        "feed_totals-1",
        "feed_totals-2",
        "feed_totals-3",
        "yield_per_supplier-1",
        "yield_per_supplier-2",
        "yield_per_supplier-3",
        "cos_week-1",
        "cos_week-2",
        "cos_week-3",
        "past_values-1",
        "past_values-2",
        "past_values-3"
    ],
    "Best Parameters": {
        "model__alpha_1": 1.0097609738563424e-05,
        "model__alpha_2": 1.0026656381077714e-05,
        "model__lambda_1": 1.0008869961774026e-05,
        "model__lambda_2": 1.0020402276755093e-05,
        "model__tol": 0.010048680493325314
    },
    "Best lag": 3
}