{
    "Execution Time": 0.6276826858520508,
    "Mean Train Score": 227757704083.4991,
    "Mean Test Score": 1974904997416.375,
    "MAPE_Score": 4.552069408537242,
    "MAE Score": 587812.8277159224,
    "Predictions": [
        11796571.121815123,
        9830891.980680145,
        7306611.2202692665,
        5024984.574189169,
        7188758.736355066,
        4317200.25061615,
        3779958.5885916427,
        3405693.3543723356,
        4501940.347596593,
        7548754.962715898,
        11005126.68205662,
        15084642.76955546,
        19408650.18194141,
        23480961.8648861,
        25614024.091030817,
        29933144.064606067,
        31556348.48467688,
        34788597.996643394,
        36545048.09819642,
        38571266.91111313,
        40016773.32472229,
        41101333.48482828,
        41700190.25340931,
        42292524.02692589,
        42120916.10475317,
        41445568.708981395,
        40707431.302738756,
        39739639.766906425,
        38902658.29647845,
        37839822.26756376,
        37193069.10382874,
        36444191.573007345,
        35788130.45583609,
        34201881.39675151,
        33813479.078097165,
        33139081.069640134,
        32581041.69873621,
        31876109.96224678,
        30896426.885242116,
        29985096.80674948,
        28572293.530845497,
        27195351.37783317,
        25653368.934343245,
        24244568.906832192,
        22834972.475285087,
        22191801.43646383,
        20257831.4011685,
        17943079.77576353,
        16823307.93574659,
        14705838.377043288,
        12861052.948684588,
        7605782.732281674
    ],
    "Scaler": "No scaling",
    "Scoring": "No scoring",
    "Selected Features": [
        "Week",
        "Grass_growth",
        "num_suppliers",
        "Austria_Milk_Price",
        "Belgium_Milk_Price",
        "Bulgaria_Milk_Price",
        "Cyprus_Milk_Price",
        "Czechia_Milk_Price",
        "Dairy cows",
        "Denmark_Milk_Price",
        "EU_UK",
        "Estonia_Milk_Price",
        "Finland_Milk_Price",
        "France_Milk_Price",
        "Germany_Milk_Price",
        "Greece_Milk_Price",
        "Hungary_Milk_Price",
        "Ireland_Milk_Price",
        "Italy_Milk_Price",
        "Latvia_Milk_Price",
        "Lithuania_Milk_Price",
        "Netherlands_Milk_Price",
        "Poland_Milk_Price",
        "Portugal_Milk_Price",
        "Romania_Milk_Price",
        "Slovakia_Milk_Price",
        "Slovenia_Milk_Price",
        "Spain_Milk_Price",
        "Sweden_Milk_Price",
        "Total cattle",
        "feed_totals",
        "yield_per_supplier",
        "cos_week",
        "past_values",
        "Grass_growth-1",
        "Grass_growth-2",
        "Grass_growth-3",
        "num_suppliers-1",
        "num_suppliers-2",
        "num_suppliers-3",
        "Austria_Milk_Price-1",
        "Austria_Milk_Price-2",
        "Austria_Milk_Price-3",
        "Belgium_Milk_Price-1",
        "Belgium_Milk_Price-2",
        "Belgium_Milk_Price-3",
        "Bulgaria_Milk_Price-1",
        "Bulgaria_Milk_Price-2",
        "Bulgaria_Milk_Price-3",
        "Cyprus_Milk_Price-1",
        "Cyprus_Milk_Price-2",
        "Cyprus_Milk_Price-3",
        "Czechia_Milk_Price-1",
        "Czechia_Milk_Price-2",
        "Czechia_Milk_Price-3",
        "Dairy cows-1",
        "Dairy cows-2",
        "Dairy cows-3",
        "Denmark_Milk_Price-1",
        "Denmark_Milk_Price-2",
        "Denmark_Milk_Price-3",
        "EU_UK-1",
        "EU_UK-2",
        "EU_UK-3",
        "Estonia_Milk_Price-1",
        "Estonia_Milk_Price-2",
        "Estonia_Milk_Price-3",
        "Finland_Milk_Price-1",
        "Finland_Milk_Price-2",
        "Finland_Milk_Price-3",
        "France_Milk_Price-1",
        "France_Milk_Price-2",
        "France_Milk_Price-3",
        "Germany_Milk_Price-1",
        "Germany_Milk_Price-2",
        "Germany_Milk_Price-3",
        "Greece_Milk_Price-1",
        "Greece_Milk_Price-2",
        "Greece_Milk_Price-3",
        "Hungary_Milk_Price-1",
        "Hungary_Milk_Price-2",
        "Hungary_Milk_Price-3",
        "Ireland_Milk_Price-1",
        "Ireland_Milk_Price-2",
        "Ireland_Milk_Price-3",
        "Italy_Milk_Price-1",
        "Italy_Milk_Price-2",
        "Italy_Milk_Price-3",
        "Latvia_Milk_Price-1",
        "Latvia_Milk_Price-2",
        "Latvia_Milk_Price-3",
        "Lithuania_Milk_Price-1",
        "Lithuania_Milk_Price-2",
        "Lithuania_Milk_Price-3",
        "Netherlands_Milk_Price-1",
        "Netherlands_Milk_Price-2",
        "Netherlands_Milk_Price-3",
        "Poland_Milk_Price-1",
        "Poland_Milk_Price-2",
        "Poland_Milk_Price-3",
        "Portugal_Milk_Price-1",
        "Portugal_Milk_Price-2",
        "Portugal_Milk_Price-3",
        "Romania_Milk_Price-1",
        "Romania_Milk_Price-2",
        "Romania_Milk_Price-3",
        "Slovakia_Milk_Price-1",
        "Slovakia_Milk_Price-2",
        "Slovakia_Milk_Price-3",
        "Slovenia_Milk_Price-1",
        "Slovenia_Milk_Price-2",
        "Slovenia_Milk_Price-3",
        "Spain_Milk_Price-1",
        "Spain_Milk_Price-2",
        "Spain_Milk_Price-3",
        "Sweden_Milk_Price-1",
        "Sweden_Milk_Price-2",
        "Sweden_Milk_Price-3",
        "Total cattle-1",
        "Total cattle-2",
        "Total cattle-3",
        "feed_totals-1",
        "feed_totals-2",
        "feed_totals-3",
        "yield_per_supplier-1",
        "yield_per_supplier-2",
        "yield_per_supplier-3",
        "cos_week-1",
        "cos_week-2",
        "cos_week-3",
        "past_values-1",
        "past_values-2",
        "past_values-3"
    ],
    "Best Parameters": {
        "model__alpha_1": 1.0001088154322429e-05,
        "model__alpha_2": 1.0044225595920651e-05,
        "model__lambda_1": 1.0067477881322715e-05,
        "model__lambda_2": 1.0092503688194539e-05,
        "model__tol": 0.01002725480483961
    },
    "Best lag": 3
}