{
    "Execution Time": 0.6945633888244629,
    "Mean Train Score": 240564017346.94498,
    "Mean Test Score": 31780311234444.22,
    "MAPE_Score": 4.552069408609583,
    "MAE Score": 587812.8277570022,
    "Predictions": [
        11796571.121869676,
        9830891.980721593,
        7306611.2202681005,
        5024984.574147187,
        7188758.736213457,
        4317200.250502154,
        3779958.588478457,
        3405693.3542722445,
        4501940.347479431,
        7548754.962605983,
        11005126.68195793,
        15084642.769461185,
        19408650.181849,
        23480961.864813276,
        25614024.090994805,
        29933144.064586982,
        31556348.48468796,
        34788597.99666385,
        36545048.0982043,
        38571266.91110913,
        40016773.32473346,
        41101333.48486926,
        41700190.25345623,
        42292524.026971065,
        42120916.104805924,
        41445568.70903479,
        40707431.30278449,
        39739639.76695566,
        38902658.29652949,
        37839822.26761287,
        37193069.103882976,
        36444191.57306982,
        35788130.45590736,
        34201881.39684809,
        33813479.07818,
        33139081.06972357,
        32581041.698836602,
        31876109.962332852,
        30896426.885291956,
        29985096.806773745,
        28572293.530895688,
        27195351.377886735,
        25653368.934406124,
        24244568.90689578,
        22834972.475395456,
        22191801.43660306,
        20257831.40136045,
        17943079.77596118,
        16823307.93596968,
        14705838.377289526,
        12861052.948932633,
        7605782.732518822
    ],
    "Scaler": "No scaling",
    "Scoring": "No scoring",
    "Selected Features": [
        "Week",
        "Grass_growth",
        "num_suppliers",
        "Austria_Milk_Price",
        "Belgium_Milk_Price",
        "Bulgaria_Milk_Price",
        "Cyprus_Milk_Price",
        "Czechia_Milk_Price",
        "Dairy cows",
        "Denmark_Milk_Price",
        "EU_UK",
        "Estonia_Milk_Price",
        "Finland_Milk_Price",
        "France_Milk_Price",
        "Germany_Milk_Price",
        "Greece_Milk_Price",
        "Hungary_Milk_Price",
        "Ireland_Milk_Price",
        "Italy_Milk_Price",
        "Latvia_Milk_Price",
        "Lithuania_Milk_Price",
        "Netherlands_Milk_Price",
        "Poland_Milk_Price",
        "Portugal_Milk_Price",
        "Romania_Milk_Price",
        "Slovakia_Milk_Price",
        "Slovenia_Milk_Price",
        "Spain_Milk_Price",
        "Sweden_Milk_Price",
        "Total cattle",
        "feed_totals",
        "yield_per_supplier",
        "cos_week",
        "past_values",
        "Grass_growth-1",
        "Grass_growth-2",
        "Grass_growth-3",
        "num_suppliers-1",
        "num_suppliers-2",
        "num_suppliers-3",
        "Austria_Milk_Price-1",
        "Austria_Milk_Price-2",
        "Austria_Milk_Price-3",
        "Belgium_Milk_Price-1",
        "Belgium_Milk_Price-2",
        "Belgium_Milk_Price-3",
        "Bulgaria_Milk_Price-1",
        "Bulgaria_Milk_Price-2",
        "Bulgaria_Milk_Price-3",
        "Cyprus_Milk_Price-1",
        "Cyprus_Milk_Price-2",
        "Cyprus_Milk_Price-3",
        "Czechia_Milk_Price-1",
        "Czechia_Milk_Price-2",
        "Czechia_Milk_Price-3",
        "Dairy cows-1",
        "Dairy cows-2",
        "Dairy cows-3",
        "Denmark_Milk_Price-1",
        "Denmark_Milk_Price-2",
        "Denmark_Milk_Price-3",
        "EU_UK-1",
        "EU_UK-2",
        "EU_UK-3",
        "Estonia_Milk_Price-1",
        "Estonia_Milk_Price-2",
        "Estonia_Milk_Price-3",
        "Finland_Milk_Price-1",
        "Finland_Milk_Price-2",
        "Finland_Milk_Price-3",
        "France_Milk_Price-1",
        "France_Milk_Price-2",
        "France_Milk_Price-3",
        "Germany_Milk_Price-1",
        "Germany_Milk_Price-2",
        "Germany_Milk_Price-3",
        "Greece_Milk_Price-1",
        "Greece_Milk_Price-2",
        "Greece_Milk_Price-3",
        "Hungary_Milk_Price-1",
        "Hungary_Milk_Price-2",
        "Hungary_Milk_Price-3",
        "Ireland_Milk_Price-1",
        "Ireland_Milk_Price-2",
        "Ireland_Milk_Price-3",
        "Italy_Milk_Price-1",
        "Italy_Milk_Price-2",
        "Italy_Milk_Price-3",
        "Latvia_Milk_Price-1",
        "Latvia_Milk_Price-2",
        "Latvia_Milk_Price-3",
        "Lithuania_Milk_Price-1",
        "Lithuania_Milk_Price-2",
        "Lithuania_Milk_Price-3",
        "Netherlands_Milk_Price-1",
        "Netherlands_Milk_Price-2",
        "Netherlands_Milk_Price-3",
        "Poland_Milk_Price-1",
        "Poland_Milk_Price-2",
        "Poland_Milk_Price-3",
        "Portugal_Milk_Price-1",
        "Portugal_Milk_Price-2",
        "Portugal_Milk_Price-3",
        "Romania_Milk_Price-1",
        "Romania_Milk_Price-2",
        "Romania_Milk_Price-3",
        "Slovakia_Milk_Price-1",
        "Slovakia_Milk_Price-2",
        "Slovakia_Milk_Price-3",
        "Slovenia_Milk_Price-1",
        "Slovenia_Milk_Price-2",
        "Slovenia_Milk_Price-3",
        "Spain_Milk_Price-1",
        "Spain_Milk_Price-2",
        "Spain_Milk_Price-3",
        "Sweden_Milk_Price-1",
        "Sweden_Milk_Price-2",
        "Sweden_Milk_Price-3",
        "Total cattle-1",
        "Total cattle-2",
        "Total cattle-3",
        "feed_totals-1",
        "feed_totals-2",
        "feed_totals-3",
        "yield_per_supplier-1",
        "yield_per_supplier-2",
        "yield_per_supplier-3",
        "cos_week-1",
        "cos_week-2",
        "cos_week-3",
        "past_values-1",
        "past_values-2",
        "past_values-3"
    ],
    "Best Parameters": {
        "model__alpha_1": 1.0095436066812033e-05,
        "model__alpha_2": 1.0086344597025073e-05,
        "model__lambda_1": 1.0072238919615757e-05,
        "model__lambda_2": 1.0011760780156598e-05,
        "model__tol": 0.010030224802338103
    },
    "Best lag": 3
}