{
    "Execution Time": 1.6557588577270508,
    "Mean Train Score": 216.9747648238625,
    "Mean Test Score": 794661068233.7877,
    "MAPE_Score": 1.574661216674014,
    "MAE Score": 223609.02248560457,
    "Predictions": [
        6279236.732483273,
        4721572.673542034,
        5559713.247474575,
        2024236.4362518787,
        6552851.337984914,
        3031484.82644199,
        2858371.7155544274,
        2984790.4423489384,
        3461910.3182153422,
        5189965.418288741,
        7771036.78774894,
        11171758.53364146,
        14739851.080767002,
        17536589.689144887,
        20695408.11199135,
        22874140.154985882,
        26611686.061912104,
        22428702.20834927,
        29560685.093565032,
        32242674.703185476,
        33930499.98435399,
        35917962.78163449,
        36759789.09139955,
        37782230.61499471,
        38107008.91748124,
        38451319.26076702,
        38538987.44741231,
        37666220.09511214,
        37656592.005279094,
        37334169.288791336,
        36915078.06672624,
        35724758.37145761,
        35030078.08370502,
        34453738.375303835,
        34085588.03121804,
        33150073.156695116,
        32081118.085760385,
        31430724.120846055,
        29580955.79875267,
        28885684.126557626,
        27401102.19651853,
        26891677.553540878,
        26117230.58253993,
        26283180.594777122,
        25348873.822047792,
        24324874.333620396,
        22868462.512825172,
        22114917.527878456,
        19590556.058086507,
        17211197.775769472,
        16102361.63871412,
        13799590.230807375
    ],
    "Scaler": "MinMaxScaler",
    "Scoring": "Mutual_info_regression",
    "Selected Features": [
        "Week",
        "Grass_growth",
        "num_suppliers",
        "yield_per_supplier",
        "cos_week",
        "yield_per_supplier-1",
        "yield_per_supplier-2",
        "yield_per_supplier-3",
        "yield_per_supplier-4",
        "cos_week-1",
        "cos_week-2",
        "cos_week-3",
        "litres_step_1",
        "litres_step_2",
        "litres_step_3",
        "litres_step_4",
        "litres_step_5",
        "litres_step_6",
        "litres_step_7",
        "litres_step_8",
        "litres_step_48",
        "litres_step_49",
        "litres_step_50",
        "litres_step_51",
        "litres_step_52"
    ],
    "Best Parameters": {
        "model__alpha": 4.957294807135831e-09,
        "model__n_restarts_optimizer": 3,
        "model__normalize_y": true
    },
    "Best lag": 4
}