{
    "Execution Time": 4.540753126144409,
    "Mean Train Score": 1.7246852924249354,
    "Mean Test Score": 4483604341684.875,
    "MAPE_Score": 1.574628892755197,
    "MAE Score": 223604.31993397092,
    "Predictions": [
        6279232.543172879,
        4721564.983387852,
        5559701.792276634,
        6552849.235976871,
        2024230.1610560082,
        3031481.11926692,
        2858370.870195944,
        2984787.9133089706,
        3461909.262798086,
        5189964.1150139235,
        7771036.793731123,
        11171761.483812341,
        14739849.421510663,
        17536593.916040577,
        20695421.182677627,
        22874144.27027819,
        26611698.12936548,
        22428703.883885257,
        29560726.76164703,
        32242704.861743964,
        33930489.19242882,
        35917986.96914297,
        36759811.38633601,
        37782244.05429037,
        38107025.90120602,
        38451339.30227044,
        38539003.68227334,
        37666236.290493086,
        37656601.25264402,
        37334177.20036863,
        36915088.9958157,
        35724769.407477096,
        35030080.31136677,
        34453740.390282206,
        34085588.70846657,
        33150076.878317676,
        32081115.70590201,
        31430725.454379156,
        29580952.20394831,
        28885683.023252502,
        27401098.100866944,
        26891676.924153812,
        26117226.6009657,
        26283184.288059853,
        25348877.274151612,
        24324871.122875005,
        22868452.282456264,
        22114903.770830944,
        19590544.048150036,
        17211190.70541214,
        16102357.008171175,
        13799584.024857009
    ],
    "Scaler": "MinMaxScaler",
    "Scoring": "Mutual_info_regression",
    "Selected Features": [
        "Week",
        "Grass_growth",
        "num_suppliers",
        "yield_per_supplier",
        "cos_week",
        "yield_per_supplier-1",
        "yield_per_supplier-2",
        "yield_per_supplier-3",
        "yield_per_supplier-4",
        "cos_week-1",
        "cos_week-2",
        "cos_week-3",
        "litres_step_1",
        "litres_step_2",
        "litres_step_3",
        "litres_step_4",
        "litres_step_5",
        "litres_step_6",
        "litres_step_7",
        "litres_step_8",
        "litres_step_48",
        "litres_step_49",
        "litres_step_50",
        "litres_step_51",
        "litres_step_52"
    ],
    "Best Parameters": {
        "model__alpha": 4.137746153812527e-09,
        "model__n_restarts_optimizer": 0,
        "model__normalize_y": true
    },
    "Best lag": 4
}