{
    "Execution Time": 1.5706250667572021,
    "Mean Train Score": 3.3063014128852997,
    "Mean Test Score": 4493223082691.543,
    "MAPE_Score": 1.5747114210268462,
    "MAE Score": 223616.3198072623,
    "Predictions": [
        6279243.240732618,
        4721584.626997739,
        5559731.045010006,
        6552854.607142646,
        2024246.1893164068,
        3031490.5844757725,
        2858373.02879468,
        2984794.3706235923,
        3461911.9582703933,
        5189967.444454428,
        7771036.785360754,
        11171753.957623404,
        14739853.662434045,
        17536583.133999337,
        20695387.839854047,
        22874133.768318433,
        26611667.320800744,
        22428699.59688912,
        29560620.425986063,
        32242627.923403203,
        33930516.73849471,
        35917925.24000408,
        36759754.50503419,
        37782209.76012766,
        38106982.56301844,
        38451288.16547485,
        38538962.26022544,
        37666194.97078608,
        37656577.654695936,
        37334157.00804763,
        36915061.107378215,
        35724741.248776235,
        35030074.6238212,
        34453735.24174012,
        34085586.97382602,
        33150067.38353201,
        32081121.783210903,
        31430722.04598426,
        29580961.366413347,
        28885685.82404291,
        27401108.53499138,
        26891678.52108966,
        26117236.75551092,
        26283174.857097182,
        25348868.47789855,
        24324879.321897514,
        22868478.401979327,
        22114938.89853204,
        19590574.70247496,
        17211208.7544709,
        16102368.83139608,
        13799599.865701512
    ],
    "Scaler": "MinMaxScaler",
    "Scoring": "Mutual_info_regression",
    "Selected Features": [
        "Week",
        "Grass_growth",
        "num_suppliers",
        "yield_per_supplier",
        "cos_week",
        "yield_per_supplier-1",
        "yield_per_supplier-2",
        "yield_per_supplier-3",
        "yield_per_supplier-4",
        "cos_week-1",
        "cos_week-2",
        "cos_week-3",
        "litres_step_1",
        "litres_step_2",
        "litres_step_3",
        "litres_step_4",
        "litres_step_5",
        "litres_step_6",
        "litres_step_7",
        "litres_step_8",
        "litres_step_48",
        "litres_step_49",
        "litres_step_50",
        "litres_step_51",
        "litres_step_52"
    ],
    "Best Parameters": {
        "model__alpha": 6.2307377697147155e-09,
        "model__n_restarts_optimizer": 3,
        "model__normalize_y": true
    },
    "Best lag": 4
}