{
    "Execution Time": 0.2527604103088379,
    "Mean Train Score": 204284625448.9896,
    "Mean Test Score": 6304520328661.6,
    "MAPE_Score": 4.1881327818572585,
    "MAE Score": 492476.5559706747,
    "Predictions": [
        11887195.303839464,
        9855049.378090458,
        7137873.941890584,
        5023322.685976392,
        6680747.4685523715,
        4344667.513691656,
        3568208.919073172,
        3225015.1486100107,
        4731167.782453699,
        7739217.270263866,
        11229256.023267183,
        14783985.041837016,
        18956573.794462223,
        23190205.441695005,
        25596898.531258766,
        30249953.82438737,
        31710256.62897146,
        34870694.11664269,
        36275988.70595688,
        38391656.63351585,
        39733497.58945919,
        41169799.931843475,
        41776389.80432631,
        42081085.66218459,
        41798840.250203826,
        41327949.11156625,
        40398638.63703188,
        39049313.86554639,
        38346059.35529206,
        37459778.97604017,
        36718885.111888535,
        35968214.037197866,
        35079893.85223629,
        33928482.689208664,
        33851476.55890454,
        33138323.594662424,
        32348913.582229257,
        31392084.54436937,
        30396038.33528483,
        29560633.974393796,
        28599786.14314993,
        27001582.828665923,
        25658525.41256975,
        24226811.94525581,
        23109198.126517043,
        21874470.421115976,
        20016595.97694525,
        17789132.986935437,
        17042286.26011236,
        14695024.190861288,
        12500341.670752103,
        6841172.460011005
    ],
    "Scaler": "RobustScaler",
    "Scoring": "No scoring",
    "Selected Features": [
        "Week",
        "Grass_growth",
        "num_suppliers",
        "Austria_Milk_Price",
        "Belgium_Milk_Price",
        "Bulgaria_Milk_Price",
        "Cyprus_Milk_Price",
        "Czechia_Milk_Price",
        "Dairy cows",
        "Denmark_Milk_Price",
        "EU_UK",
        "Estonia_Milk_Price",
        "Finland_Milk_Price",
        "France_Milk_Price",
        "Germany_Milk_Price",
        "Greece_Milk_Price",
        "Hungary_Milk_Price",
        "Ireland_Milk_Price",
        "Italy_Milk_Price",
        "Latvia_Milk_Price",
        "Lithuania_Milk_Price",
        "Netherlands_Milk_Price",
        "Poland_Milk_Price",
        "Portugal_Milk_Price",
        "Romania_Milk_Price",
        "Slovakia_Milk_Price",
        "Slovenia_Milk_Price",
        "Spain_Milk_Price",
        "Sweden_Milk_Price",
        "Total cattle",
        "feed_totals",
        "yield_per_supplier",
        "cos_week",
        "past_values",
        "Grass_growth-1",
        "Grass_growth-2",
        "Grass_growth-3",
        "Grass_growth-4",
        "Grass_growth-5",
        "num_suppliers-1",
        "num_suppliers-2",
        "num_suppliers-3",
        "num_suppliers-4",
        "num_suppliers-5",
        "Austria_Milk_Price-1",
        "Austria_Milk_Price-2",
        "Austria_Milk_Price-3",
        "Austria_Milk_Price-4",
        "Austria_Milk_Price-5",
        "Belgium_Milk_Price-1",
        "Belgium_Milk_Price-2",
        "Belgium_Milk_Price-3",
        "Belgium_Milk_Price-4",
        "Belgium_Milk_Price-5",
        "Bulgaria_Milk_Price-1",
        "Bulgaria_Milk_Price-2",
        "Bulgaria_Milk_Price-3",
        "Bulgaria_Milk_Price-4",
        "Bulgaria_Milk_Price-5",
        "Cyprus_Milk_Price-1",
        "Cyprus_Milk_Price-2",
        "Cyprus_Milk_Price-3",
        "Cyprus_Milk_Price-4",
        "Cyprus_Milk_Price-5",
        "Czechia_Milk_Price-1",
        "Czechia_Milk_Price-2",
        "Czechia_Milk_Price-3",
        "Czechia_Milk_Price-4",
        "Czechia_Milk_Price-5",
        "Dairy cows-1",
        "Dairy cows-2",
        "Dairy cows-3",
        "Dairy cows-4",
        "Dairy cows-5",
        "Denmark_Milk_Price-1",
        "Denmark_Milk_Price-2",
        "Denmark_Milk_Price-3",
        "Denmark_Milk_Price-4",
        "Denmark_Milk_Price-5",
        "EU_UK-1",
        "EU_UK-2",
        "EU_UK-3",
        "EU_UK-4",
        "EU_UK-5",
        "Estonia_Milk_Price-1",
        "Estonia_Milk_Price-2",
        "Estonia_Milk_Price-3",
        "Estonia_Milk_Price-4",
        "Estonia_Milk_Price-5",
        "Finland_Milk_Price-1",
        "Finland_Milk_Price-2",
        "Finland_Milk_Price-3",
        "Finland_Milk_Price-4",
        "Finland_Milk_Price-5",
        "France_Milk_Price-1",
        "France_Milk_Price-2",
        "France_Milk_Price-3",
        "France_Milk_Price-4",
        "France_Milk_Price-5",
        "Germany_Milk_Price-1",
        "Germany_Milk_Price-2",
        "Germany_Milk_Price-3",
        "Germany_Milk_Price-4",
        "Germany_Milk_Price-5",
        "Greece_Milk_Price-1",
        "Greece_Milk_Price-2",
        "Greece_Milk_Price-3",
        "Greece_Milk_Price-4",
        "Greece_Milk_Price-5",
        "Hungary_Milk_Price-1",
        "Hungary_Milk_Price-2",
        "Hungary_Milk_Price-3",
        "Hungary_Milk_Price-4",
        "Hungary_Milk_Price-5",
        "Ireland_Milk_Price-1",
        "Ireland_Milk_Price-2",
        "Ireland_Milk_Price-3",
        "Ireland_Milk_Price-4",
        "Ireland_Milk_Price-5",
        "Italy_Milk_Price-1",
        "Italy_Milk_Price-2",
        "Italy_Milk_Price-3",
        "Italy_Milk_Price-4",
        "Italy_Milk_Price-5",
        "Latvia_Milk_Price-1",
        "Latvia_Milk_Price-2",
        "Latvia_Milk_Price-3",
        "Latvia_Milk_Price-4",
        "Latvia_Milk_Price-5",
        "Lithuania_Milk_Price-1",
        "Lithuania_Milk_Price-2",
        "Lithuania_Milk_Price-3",
        "Lithuania_Milk_Price-4",
        "Lithuania_Milk_Price-5",
        "Netherlands_Milk_Price-1",
        "Netherlands_Milk_Price-2",
        "Netherlands_Milk_Price-3",
        "Netherlands_Milk_Price-4",
        "Netherlands_Milk_Price-5",
        "Poland_Milk_Price-1",
        "Poland_Milk_Price-2",
        "Poland_Milk_Price-3",
        "Poland_Milk_Price-4",
        "Poland_Milk_Price-5",
        "Portugal_Milk_Price-1",
        "Portugal_Milk_Price-2",
        "Portugal_Milk_Price-3",
        "Portugal_Milk_Price-4",
        "Portugal_Milk_Price-5",
        "Romania_Milk_Price-1",
        "Romania_Milk_Price-2",
        "Romania_Milk_Price-3",
        "Romania_Milk_Price-4",
        "Romania_Milk_Price-5",
        "Slovakia_Milk_Price-1",
        "Slovakia_Milk_Price-2",
        "Slovakia_Milk_Price-3",
        "Slovakia_Milk_Price-4",
        "Slovakia_Milk_Price-5",
        "Slovenia_Milk_Price-1",
        "Slovenia_Milk_Price-2",
        "Slovenia_Milk_Price-3",
        "Slovenia_Milk_Price-4",
        "Slovenia_Milk_Price-5",
        "Spain_Milk_Price-1",
        "Spain_Milk_Price-2",
        "Spain_Milk_Price-3",
        "Spain_Milk_Price-4",
        "Spain_Milk_Price-5",
        "Sweden_Milk_Price-1",
        "Sweden_Milk_Price-2",
        "Sweden_Milk_Price-3",
        "Sweden_Milk_Price-4",
        "Sweden_Milk_Price-5",
        "Total cattle-1",
        "Total cattle-2",
        "Total cattle-3",
        "Total cattle-4",
        "Total cattle-5",
        "feed_totals-1",
        "feed_totals-2",
        "feed_totals-3",
        "feed_totals-4",
        "feed_totals-5",
        "yield_per_supplier-1",
        "yield_per_supplier-2",
        "yield_per_supplier-3",
        "yield_per_supplier-4",
        "yield_per_supplier-5",
        "cos_week-1",
        "cos_week-2",
        "cos_week-3",
        "cos_week-4",
        "cos_week-5",
        "past_values-1",
        "past_values-2",
        "past_values-3",
        "past_values-4",
        "past_values-5"
    ],
    "Best Parameters": {
        "model__tol": 0.001,