{
    "Execution Time": 0.37661314010620117,
    "Mean Train Score": 158235994113.78003,
    "Mean Test Score": 11946735002755.336,
    "MAPE_Score": 4.3779041474298195,
    "MAE Score": 473330.99488868925,
    "Predictions": [
        11769052.69699959,
        9756932.872122306,
        7184988.439553216,
        5073708.306763733,
        6888263.066118471,
        4398765.385521505,
        3579163.116048578,
        3266762.0596597865,
        4645169.562486781,
        7626657.936358245,
        11150684.57716069,
        14739939.798700627,
        18880564.113329448,
        23066866.489966165,
        25565402.516675983,
        30268238.107502848,
        31680268.645405643,
        34760951.29632584,
        36137301.950382955,
        38256321.02268548,
        39695671.858567044,
        41094543.319940895,
        41730323.855931625,
        42040436.12973541,
        41746156.61843696,
        41133757.87185259,
        40186881.29416032,
        38863874.431581855,
        38068489.98893227,
        37138799.85808183,
        36522330.72367227,
        35782358.14291761,
        34737913.516454436,
        33617540.66785026,
        33668462.22064261,
        33085176.316305824,
        32268388.385678954,
        31168747.40899161,
        30139796.794786215,
        29408570.645334743,
        28449801.029268064,
        26815850.199814416,
        25443552.9773609,
        23981374.00041034,
        22913077.681950286,
        21732592.50686485,
        19804600.378640566,
        17404306.103571434,
        16652597.363952328,
        14453325.810113851,
        12298529.67310888,
        6711273.773672974
    ],
    "Scaler": "RobustScaler",
    "Scoring": "No scoring",
    "Selected Features": [
        "Week",
        "Grass_growth",
        "num_suppliers",
        "Austria_Milk_Price",
        "Belgium_Milk_Price",
        "Bulgaria_Milk_Price",
        "Cyprus_Milk_Price",
        "Czechia_Milk_Price",
        "Dairy cows",
        "Denmark_Milk_Price",
        "EU_UK",
        "Estonia_Milk_Price",
        "Finland_Milk_Price",
        "France_Milk_Price",
        "Germany_Milk_Price",
        "Greece_Milk_Price",
        "Hungary_Milk_Price",
        "Ireland_Milk_Price",
        "Italy_Milk_Price",
        "Latvia_Milk_Price",
        "Lithuania_Milk_Price",
        "Netherlands_Milk_Price",
        "Poland_Milk_Price",
        "Portugal_Milk_Price",
        "Romania_Milk_Price",
        "Slovakia_Milk_Price",
        "Slovenia_Milk_Price",
        "Spain_Milk_Price",
        "Sweden_Milk_Price",
        "Total cattle",
        "feed_totals",
        "yield_per_supplier",
        "cos_week",
        "past_values",
        "Grass_growth-1",
        "Grass_growth-2",
        "Grass_growth-3",
        "Grass_growth-4",
        "Grass_growth-5",
        "Grass_growth-6",
        "num_suppliers-1",
        "num_suppliers-2",
        "num_suppliers-3",
        "num_suppliers-4",
        "num_suppliers-5",
        "num_suppliers-6",
        "Austria_Milk_Price-1",
        "Austria_Milk_Price-2",
        "Austria_Milk_Price-3",
        "Austria_Milk_Price-4",
        "Austria_Milk_Price-5",
        "Austria_Milk_Price-6",
        "Belgium_Milk_Price-1",
        "Belgium_Milk_Price-2",
        "Belgium_Milk_Price-3",
        "Belgium_Milk_Price-4",
        "Belgium_Milk_Price-5",
        "Belgium_Milk_Price-6",
        "Bulgaria_Milk_Price-1",
        "Bulgaria_Milk_Price-2",
        "Bulgaria_Milk_Price-3",
        "Bulgaria_Milk_Price-4",
        "Bulgaria_Milk_Price-5",
        "Bulgaria_Milk_Price-6",
        "Cyprus_Milk_Price-1",
        "Cyprus_Milk_Price-2",
        "Cyprus_Milk_Price-3",
        "Cyprus_Milk_Price-4",
        "Cyprus_Milk_Price-5",
        "Cyprus_Milk_Price-6",
        "Czechia_Milk_Price-1",
        "Czechia_Milk_Price-2",
        "Czechia_Milk_Price-3",
        "Czechia_Milk_Price-4",
        "Czechia_Milk_Price-5",
        "Czechia_Milk_Price-6",
        "Dairy cows-1",
        "Dairy cows-2",
        "Dairy cows-3",
        "Dairy cows-4",
        "Dairy cows-5",
        "Dairy cows-6",
        "Denmark_Milk_Price-1",
        "Denmark_Milk_Price-2",
        "Denmark_Milk_Price-3",
        "Denmark_Milk_Price-4",
        "Denmark_Milk_Price-5",
        "Denmark_Milk_Price-6",
        "EU_UK-1",
        "EU_UK-2",
        "EU_UK-3",
        "EU_UK-4",
        "EU_UK-5",
        "EU_UK-6",
        "Estonia_Milk_Price-1",
        "Estonia_Milk_Price-2",
        "Estonia_Milk_Price-3",
        "Estonia_Milk_Price-4",
        "Estonia_Milk_Price-5",
        "Estonia_Milk_Price-6",
        "Finland_Milk_Price-1",
        "Finland_Milk_Price-2",
        "Finland_Milk_Price-3",
        "Finland_Milk_Price-4",
        "Finland_Milk_Price-5",
        "Finland_Milk_Price-6",
        "France_Milk_Price-1",
        "France_Milk_Price-2",
        "France_Milk_Price-3",
        "France_Milk_Price-4",
        "France_Milk_Price-5",
        "France_Milk_Price-6",
        "Germany_Milk_Price-1",
        "Germany_Milk_Price-2",
        "Germany_Milk_Price-3",
        "Germany_Milk_Price-4",
        "Germany_Milk_Price-5",
        "Germany_Milk_Price-6",
        "Greece_Milk_Price-1",
        "Greece_Milk_Price-2",
        "Greece_Milk_Price-3",
        "Greece_Milk_Price-4",
        "Greece_Milk_Price-5",
        "Greece_Milk_Price-6",
        "Hungary_Milk_Price-1",
        "Hungary_Milk_Price-2",
        "Hungary_Milk_Price-3",
        "Hungary_Milk_Price-4",
        "Hungary_Milk_Price-5",
        "Hungary_Milk_Price-6",
        "Ireland_Milk_Price-1",
        "Ireland_Milk_Price-2",
        "Ireland_Milk_Price-3",
        "Ireland_Milk_Price-4",
        "Ireland_Milk_Price-5",
        "Ireland_Milk_Price-6",
        "Italy_Milk_Price-1",
        "Italy_Milk_Price-2",
        "Italy_Milk_Price-3",
        "Italy_Milk_Price-4",
        "Italy_Milk_Price-5",
        "Italy_Milk_Price-6",
        "Latvia_Milk_Price-1",
        "Latvia_Milk_Price-2",
        "Latvia_Milk_Price-3",
        "Latvia_Milk_Price-4",
        "Latvia_Milk_Price-5",
        "Latvia_Milk_Price-6",
        "Lithuania_Milk_Price-1",
        "Lithuania_Milk_Price-2",
        "Lithuania_Milk_Price-3",
        "Lithuania_Milk_Price-4",
        "Lithuania_Milk_Price-5",
        "Lithuania_Milk_Price-6",
        "Netherlands_Milk_Price-1",
        "Netherlands_Milk_Price-2",
        "Netherlands_Milk_Price-3",
        "Netherlands_Milk_Price-4",
        "Netherlands_Milk_Price-5",
        "Netherlands_Milk_Price-6",
        "Poland_Milk_Price-1",
        "Poland_Milk_Price-2",
        "Poland_Milk_Price-3",
        "Poland_Milk_Price-4",
        "Poland_Milk_Price-5",
        "Poland_Milk_Price-6",
        "Portugal_Milk_Price-1",
        "Portugal_Milk_Price-2",
        "Portugal_Milk_Price-3",
        "Portugal_Milk_Price-4",
        "Portugal_Milk_Price-5",
        "Portugal_Milk_Price-6",
        "Romania_Milk_Price-1",
        "Romania_Milk_Price-2",
        "Romania_Milk_Price-3",
        "Romania_Milk_Price-4",
        "Romania_Milk_Price-5",
        "Romania_Milk_Price-6",
        "Slovakia_Milk_Price-1",
        "Slovakia_Milk_Price-2",
        "Slovakia_Milk_Price-3",
        "Slovakia_Milk_Price-4",
        "Slovakia_Milk_Price-5",
        "Slovakia_Milk_Price-6",
        "Slovenia_Milk_Price-1",
        "Slovenia_Milk_Price-2",
        "Slovenia_Milk_Price-3",
        "Slovenia_Milk_Price-4",
        "Slovenia_Milk_Price-5",
        "Slovenia_Milk_Price-6",
        "Spain_Milk_Price-1",
        "Spain_Milk_Price-2",
        "Spain_Milk_Price-3",
        "Spain_Milk_Price-4",
        "Spain_Milk_Price-5",
        "Spain_Milk_Price-6",
        "Sweden_Milk_Price-1",
