{
    "Execution Time": 0.6333537101745605,
    "Mean Train Score": 163792116235.40952,
    "Mean Test Score": 12648959888669.59,
    "MAPE_Score": 4.788753364344213,
    "MAE Score": 720464.4869941629,
    "Predictions": [
        11720044.880825745,
        9979635.45437382,
        7494734.045253297,
        5259973.227947934,
        6813996.282085162,
        3616778.626438993,
        3683850.845250584,
        3746269.1967793796,
        4807367.5200523045,
        7664213.382114716,
        10837208.480372474,
        14840432.318694778,
        18889577.302659478,
        23050423.286880385,
        25952576.976610754,
        30268579.51447555,
        31999319.923225883,
        34921091.61019042,
        36212506.698056474,
        38248837.47694574,
        39870956.332404405,
        41175885.911699116,
        41704530.764789745,
        42289234.0904856,
        41817004.39855051,
        41152102.99833253,
        40391155.36425255,
        39595623.489028394,
        38400025.38466631,
        37612617.031126395,
        37001138.87629917,
        36199252.71113269,
        35554474.115754545,
        34514723.9774085,
        33821424.096002966,
        33522154.083406243,
        32506416.044823032,
        31690557.923684705,
        30937879.143078256,
        30133798.938718412,
        28798763.604845885,
        27620648.487829905,
        26330675.409343585,
        24859877.356477533,
        23310629.042283755,
        22823961.46945572,
        21054112.00280481,
        18740316.696678218,
        17933640.437812965,
        15983268.812817622,
        13861040.224668,
        9018256.202900598
    ],
    "Scaler": "No scaling",
    "Scoring": "No scoring",
    "Selected Features": [
        "Week",
        "Grass_growth",
        "num_suppliers",
        "Austria_Milk_Price",
        "Belgium_Milk_Price",
        "Bulgaria_Milk_Price",
        "Cyprus_Milk_Price",
        "Czechia_Milk_Price",
        "Dairy cows",
        "Denmark_Milk_Price",
        "EU_UK",
        "Estonia_Milk_Price",
        "Finland_Milk_Price",
        "France_Milk_Price",
        "Germany_Milk_Price",
        "Greece_Milk_Price",
        "Hungary_Milk_Price",
        "Ireland_Milk_Price",
        "Italy_Milk_Price",
        "Latvia_Milk_Price",
        "Lithuania_Milk_Price",
        "Netherlands_Milk_Price",
        "Poland_Milk_Price",
        "Portugal_Milk_Price",
        "Romania_Milk_Price",
        "Slovakia_Milk_Price",
        "Slovenia_Milk_Price",
        "Spain_Milk_Price",
        "Sweden_Milk_Price",
        "Total cattle",
        "feed_totals",
        "yield_per_supplier",
        "cos_week",
        "past_values",
        "Grass_growth-1",
        "Grass_growth-2",
        "Grass_growth-3",
        "Grass_growth-4",
        "Grass_growth-5",
        "Grass_growth-6",
        "num_suppliers-1",
        "num_suppliers-2",
        "num_suppliers-3",
        "num_suppliers-4",
        "num_suppliers-5",
        "num_suppliers-6",
        "Austria_Milk_Price-1",
        "Austria_Milk_Price-2",
        "Austria_Milk_Price-3",
        "Austria_Milk_Price-4",
        "Austria_Milk_Price-5",
        "Austria_Milk_Price-6",
        "Belgium_Milk_Price-1",
        "Belgium_Milk_Price-2",
        "Belgium_Milk_Price-3",
        "Belgium_Milk_Price-4",
        "Belgium_Milk_Price-5",
        "Belgium_Milk_Price-6",
        "Bulgaria_Milk_Price-1",
        "Bulgaria_Milk_Price-2",
        "Bulgaria_Milk_Price-3",
        "Bulgaria_Milk_Price-4",
        "Bulgaria_Milk_Price-5",
        "Bulgaria_Milk_Price-6",
        "Cyprus_Milk_Price-1",
        "Cyprus_Milk_Price-2",
        "Cyprus_Milk_Price-3",
        "Cyprus_Milk_Price-4",
        "Cyprus_Milk_Price-5",
        "Cyprus_Milk_Price-6",
        "Czechia_Milk_Price-1",
        "Czechia_Milk_Price-2",
        "Czechia_Milk_Price-3",
        "Czechia_Milk_Price-4",
        "Czechia_Milk_Price-5",
        "Czechia_Milk_Price-6",
        "Dairy cows-1",
        "Dairy cows-2",
        "Dairy cows-3",
        "Dairy cows-4",
        "Dairy cows-5",
        "Dairy cows-6",
        "Denmark_Milk_Price-1",
        "Denmark_Milk_Price-2",
        "Denmark_Milk_Price-3",
        "Denmark_Milk_Price-4",
        "Denmark_Milk_Price-5",
        "Denmark_Milk_Price-6",
        "EU_UK-1",
        "EU_UK-2",
        "EU_UK-3",
        "EU_UK-4",
        "EU_UK-5",
        "EU_UK-6",
        "Estonia_Milk_Price-1",
        "Estonia_Milk_Price-2",
        "Estonia_Milk_Price-3",
        "Estonia_Milk_Price-4",
        "Estonia_Milk_Price-5",
        "Estonia_Milk_Price-6",
        "Finland_Milk_Price-1",
        "Finland_Milk_Price-2",
        "Finland_Milk_Price-3",
        "Finland_Milk_Price-4",
        "Finland_Milk_Price-5",
        "Finland_Milk_Price-6",
        "France_Milk_Price-1",
        "France_Milk_Price-2",
        "France_Milk_Price-3",
        "France_Milk_Price-4",
        "France_Milk_Price-5",
        "France_Milk_Price-6",
        "Germany_Milk_Price-1",
        "Germany_Milk_Price-2",
        "Germany_Milk_Price-3",
        "Germany_Milk_Price-4",
        "Germany_Milk_Price-5",
        "Germany_Milk_Price-6",
        "Greece_Milk_Price-1",
        "Greece_Milk_Price-2",
        "Greece_Milk_Price-3",
        "Greece_Milk_Price-4",
        "Greece_Milk_Price-5",
        "Greece_Milk_Price-6",
        "Hungary_Milk_Price-1",
        "Hungary_Milk_Price-2",
        "Hungary_Milk_Price-3",
        "Hungary_Milk_Price-4",
        "Hungary_Milk_Price-5",
        "Hungary_Milk_Price-6",
        "Ireland_Milk_Price-1",
        "Ireland_Milk_Price-2",
        "Ireland_Milk_Price-3",
        "Ireland_Milk_Price-4",
        "Ireland_Milk_Price-5",
        "Ireland_Milk_Price-6",
        "Italy_Milk_Price-1",
        "Italy_Milk_Price-2",
        "Italy_Milk_Price-3",
        "Italy_Milk_Price-4",
        "Italy_Milk_Price-5",
        "Italy_Milk_Price-6",
        "Latvia_Milk_Price-1",
        "Latvia_Milk_Price-2",
        "Latvia_Milk_Price-3",
        "Latvia_Milk_Price-4",
        "Latvia_Milk_Price-5",
        "Latvia_Milk_Price-6",
        "Lithuania_Milk_Price-1",
        "Lithuania_Milk_Price-2",
        "Lithuania_Milk_Price-3",
        "Lithuania_Milk_Price-4",
        "Lithuania_Milk_Price-5",
        "Lithuania_Milk_Price-6",
        "Netherlands_Milk_Price-1",
        "Netherlands_Milk_Price-2",
        "Netherlands_Milk_Price-3",
        "Netherlands_Milk_Price-4",
        "Netherlands_Milk_Price-5",
        "Netherlands_Milk_Price-6",
        "Poland_Milk_Price-1",
        "Poland_Milk_Price-2",
        "Poland_Milk_Price-3",
        "Poland_Milk_Price-4",
        "Poland_Milk_Price-5",
        "Poland_Milk_Price-6",
        "Portugal_Milk_Price-1",
        "Portugal_Milk_Price-2",
        "Portugal_Milk_Price-3",
        "Portugal_Milk_Price-4",
        "Portugal_Milk_Price-5",
        "Portugal_Milk_Price-6",
        "Romania_Milk_Price-1",
        "Romania_Milk_Price-2",
        "Romania_Milk_Price-3",
        "Romania_Milk_Price-4",
        "Romania_Milk_Price-5",
        "Romania_Milk_Price-6",
        "Slovakia_Milk_Price-1",
        "Slovakia_Milk_Price-2",
        "Slovakia_Milk_Price-3",
        "Slovakia_Milk_Price-4",
        "Slovakia_Milk_Price-5",
        "Slovakia_Milk_Price-6",
        "Slovenia_Milk_Price-1",
        "Slovenia_Milk_Price-2",
        "Slovenia_Milk_Price-3",
        "Slovenia_Milk_Price-4",
        "Slovenia_Milk_Price-5",
        "Slovenia_Milk_Price-6",
        "Spain_Milk_Price-1",
        "Spain_Milk_Price-2",
        "Spain_Milk_Price-3",
        "Spain_Milk_Price-4",
        "Spain_Milk_Price-5",
        "Spain_Milk_Price-6",
        "Sweden_Milk_Price-1",
