{
    "Execution Time": 0.35405516624450684,
    "Mean Train Score": 57868680746.37301,
    "Mean Test Score": 35972894721542.164,
    "MAPE_Score": 2.958827600627211,
    "MAE Score": 326669.9778084503,
    "Predictions": [
        10983909.455188394,
        8955663.65982163,
        6577852.84789443,
        5021527.73811841,
        4414524.774340391,
        2957400.1050373316,
        3933016.6206167936,
        4287951.810356498,
        5782351.367304444,
        7971709.013608694,
        11525563.37581861,
        14973734.972361565,
        20059474.3805933,
        25205273.44126606,
        27785736.660183907,
        31618752.2854681,
        31584988.765633583,
        34491711.114974976,
        35767591.59683418,
        38318217.19886303,
        39697009.47716999,
        40572319.08903599,
        40923285.52877951,
        41301428.67394209,
        40935246.11616087,
        39903326.59473705,
        39226106.71135712,
        38507210.062466145,
        38117751.04239702,
        37023326.78283501,
        36332963.25567913,
        35188912.261074066,
        34964231.4372139,
        33446029.357177734,
        33253378.459602356,
        32229558.009513855,
        31637973.35464096,
        31043690.82566452,
        30262036.13100052,
        29456180.683158875,
        28000549.63881302,
        26627014.835819244,
        25363829.428057432,
        24278185.867661476,
        22880627.0764153,
        22345005.013356686,
        20295279.272678375,
        18145814.137991667,
        17255774.254528522,
        14969561.070744276,
        13354059.358155489,
        8434127.69861126
    ],
    "Scaler": "No scaling",
    "Scoring": "No scoring",
    "Selected Features": [
        "Week",
        "Grass_growth",
        "num_suppliers",
        "Austria_Milk_Price",
        "Belgium_Milk_Price",
        "Bulgaria_Milk_Price",
        "Cyprus_Milk_Price",
        "Czechia_Milk_Price",
        "Dairy cows",
        "Denmark_Milk_Price",
        "EU_UK",
        "Estonia_Milk_Price",
        "Finland_Milk_Price",
        "France_Milk_Price",
        "Germany_Milk_Price",
        "Greece_Milk_Price",
        "Hungary_Milk_Price",
        "Ireland_Milk_Price",
        "Italy_Milk_Price",
        "Latvia_Milk_Price",
        "Lithuania_Milk_Price",
        "Netherlands_Milk_Price",
        "Poland_Milk_Price",
        "Portugal_Milk_Price",
        "Romania_Milk_Price",
        "Slovakia_Milk_Price",
        "Slovenia_Milk_Price",
        "Spain_Milk_Price",
        "Sweden_Milk_Price",
        "Total cattle",
        "feed_totals",
        "yield_per_supplier",
        "cos_week",
        "past_values",
        "Grass_growth-1",
        "Grass_growth-2",
        "Grass_growth-3",
        "Grass_growth-4",
        "Grass_growth-5",
        "Grass_growth-6",
        "num_suppliers-1",
        "num_suppliers-2",
        "num_suppliers-3",
        "num_suppliers-4",
        "num_suppliers-5",
        "num_suppliers-6",
        "Austria_Milk_Price-1",
        "Austria_Milk_Price-2",
        "Austria_Milk_Price-3",
        "Austria_Milk_Price-4",
        "Austria_Milk_Price-5",
        "Austria_Milk_Price-6",
        "Belgium_Milk_Price-1",
        "Belgium_Milk_Price-2",
        "Belgium_Milk_Price-3",
        "Belgium_Milk_Price-4",
        "Belgium_Milk_Price-5",
        "Belgium_Milk_Price-6",
        "Bulgaria_Milk_Price-1",
        "Bulgaria_Milk_Price-2",
        "Bulgaria_Milk_Price-3",
        "Bulgaria_Milk_Price-4",
        "Bulgaria_Milk_Price-5",
        "Bulgaria_Milk_Price-6",
        "Cyprus_Milk_Price-1",
        "Cyprus_Milk_Price-2",
        "Cyprus_Milk_Price-3",
        "Cyprus_Milk_Price-4",
        "Cyprus_Milk_Price-5",
        "Cyprus_Milk_Price-6",
        "Czechia_Milk_Price-1",
        "Czechia_Milk_Price-2",
        "Czechia_Milk_Price-3",
        "Czechia_Milk_Price-4",
        "Czechia_Milk_Price-5",
        "Czechia_Milk_Price-6",
        "Dairy cows-1",
        "Dairy cows-2",
        "Dairy cows-3",
        "Dairy cows-4",
        "Dairy cows-5",
        "Dairy cows-6",
        "Denmark_Milk_Price-1",
        "Denmark_Milk_Price-2",
        "Denmark_Milk_Price-3",
        "Denmark_Milk_Price-4",
        "Denmark_Milk_Price-5",
        "Denmark_Milk_Price-6",
        "EU_UK-1",
        "EU_UK-2",
        "EU_UK-3",
        "EU_UK-4",
        "EU_UK-5",
        "EU_UK-6",
        "Estonia_Milk_Price-1",
        "Estonia_Milk_Price-2",
        "Estonia_Milk_Price-3",
        "Estonia_Milk_Price-4",
        "Estonia_Milk_Price-5",
        "Estonia_Milk_Price-6",
        "Finland_Milk_Price-1",
        "Finland_Milk_Price-2",
        "Finland_Milk_Price-3",
        "Finland_Milk_Price-4",
        "Finland_Milk_Price-5",
        "Finland_Milk_Price-6",
        "France_Milk_Price-1",
        "France_Milk_Price-2",
        "France_Milk_Price-3",
        "France_Milk_Price-4",
        "France_Milk_Price-5",
        "France_Milk_Price-6",
        "Germany_Milk_Price-1",
        "Germany_Milk_Price-2",
        "Germany_Milk_Price-3",
        "Germany_Milk_Price-4",
        "Germany_Milk_Price-5",
        "Germany_Milk_Price-6",
        "Greece_Milk_Price-1",
        "Greece_Milk_Price-2",
        "Greece_Milk_Price-3",
        "Greece_Milk_Price-4",
        "Greece_Milk_Price-5",
        "Greece_Milk_Price-6",
        "Hungary_Milk_Price-1",
        "Hungary_Milk_Price-2",
        "Hungary_Milk_Price-3",
        "Hungary_Milk_Price-4",
        "Hungary_Milk_Price-5",
        "Hungary_Milk_Price-6",
        "Ireland_Milk_Price-1",
        "Ireland_Milk_Price-2",
        "Ireland_Milk_Price-3",
        "Ireland_Milk_Price-4",
        "Ireland_Milk_Price-5",
        "Ireland_Milk_Price-6",
        "Italy_Milk_Price-1",
        "Italy_Milk_Price-2",
        "Italy_Milk_Price-3",
        "Italy_Milk_Price-4",
        "Italy_Milk_Price-5",
        "Italy_Milk_Price-6",
        "Latvia_Milk_Price-1",
        "Latvia_Milk_Price-2",
        "Latvia_Milk_Price-3",
        "Latvia_Milk_Price-4",
        "Latvia_Milk_Price-5",
        "Latvia_Milk_Price-6",
        "Lithuania_Milk_Price-1",
        "Lithuania_Milk_Price-2",
        "Lithuania_Milk_Price-3",
        "Lithuania_Milk_Price-4",
        "Lithuania_Milk_Price-5",
        "Lithuania_Milk_Price-6",
        "Netherlands_Milk_Price-1",
        "Netherlands_Milk_Price-2",
        "Netherlands_Milk_Price-3",
        "Netherlands_Milk_Price-4",
        "Netherlands_Milk_Price-5",
        "Netherlands_Milk_Price-6",
        "Poland_Milk_Price-1",
        "Poland_Milk_Price-2",
        "Poland_Milk_Price-3",
        "Poland_Milk_Price-4",
        "Poland_Milk_Price-5",
        "Poland_Milk_Price-6",
        "Portugal_Milk_Price-1",
        "Portugal_Milk_Price-2",
        "Portugal_Milk_Price-3",
        "Portugal_Milk_Price-4",
        "Portugal_Milk_Price-5",
        "Portugal_Milk_Price-6",
        "Romania_Milk_Price-1",
        "Romania_Milk_Price-2",
        "Romania_Milk_Price-3",
        "Romania_Milk_Price-4",
        "Romania_Milk_Price-5",
        "Romania_Milk_Price-6",
        "Slovakia_Milk_Price-1",
        "Slovakia_Milk_Price-2",
        "Slovakia_Milk_Price-3",
        "Slovakia_Milk_Price-4",
        "Slovakia_Milk_Price-5",
        "Slovakia_Milk_Price-6",
        "Slovenia_Milk_Price-1",
        "Slovenia_Milk_Price-2",
        "Slovenia_Milk_Price-3",
        "Slovenia_Milk_Price-4",
        "Slovenia_Milk_Price-5",
        "Slovenia_Milk_Price-6",
        "Spain_Milk_Price-1",
        "Spain_Milk_Price-2",
        "Spain_Milk_Price-3",
        "Spain_Milk_Price-4",
        "Spain_Milk_Price-5",
        "Spain_Milk_Price-6",
        "Sweden_Milk_Price-1",
        "Sweden_Milk_Price-2",
