{
    "Execution Time": 1.177431344985962,
    "Mean Train Score": 499029972082.1374,
    "Mean Test Score": 4127096741769.1016,
    "MAPE_Score": 10.817550826280725,
    "MAE Score": 1778394.3455719585,
    "Predictions": [
        6138992.709080249,
        5965176.431805074,
        4634257.395541888,
        2061207.3155322596,
        3799971.3191476725,
        2642331.727133263,
        1742226.4006600603,
        2318965.2548896186,
        3467096.989033021,
        5506644.636647511,
        8229952.099664833,
        9646383.933710938,
        11775494.738034148,
        13426821.688367417,
        15240229.789923888,
        17283752.536617376,
        20389292.679629944,
        23403509.40325265,
        27299733.713161465,
        29751315.568067685,
        32732443.357685357,
        35175194.30827394,
        39143442.361961596,
        40483195.546685904,
        41092899.92106132,
        40659510.41504719,
        39985313.63995156,
        39070859.337672204,
        38315021.12896131,
        37414941.32551717,
        36185995.795094416,
        35112980.60536183,
        34442263.50398289,
        33883453.57935996,
        33618726.02908245,
        32804491.9514511,
        31811477.022963606,
        31083969.160192862,
        30538489.872904085,
        29645251.400979515,
        28102048.041524187,
        26574235.091846704,
        25973640.548009012,
        24653531.419294897,
        21727241.184412584,
        19455192.935679976,
        17569913.737432543,
        16892823.328623436,
        15422523.904247764,
        14316788.261282653,
        12915280.407876186,
        11702409.079465944
    ],
    "Scaler": "StandardScaler",
    "Scoring": "No scoring",
    "Selected Features": [
        "Week",
        "Grass_growth",
        "num_suppliers",
        "Austria_Milk_Price",
        "Belgium_Milk_Price",
        "Bulgaria_Milk_Price",
        "Cyprus_Milk_Price",
        "Czechia_Milk_Price",
        "Dairy cows",
        "Denmark_Milk_Price",
        "EU_UK",
        "Estonia_Milk_Price",
        "Finland_Milk_Price",
        "France_Milk_Price",
        "Germany_Milk_Price",
        "Greece_Milk_Price",
        "Hungary_Milk_Price",
        "Ireland_Milk_Price",
        "Italy_Milk_Price",
        "Latvia_Milk_Price",
        "Lithuania_Milk_Price",
        "Netherlands_Milk_Price",
        "Poland_Milk_Price",
        "Portugal_Milk_Price",
        "Romania_Milk_Price",
        "Slovakia_Milk_Price",
        "Slovenia_Milk_Price",
        "Spain_Milk_Price",
        "Sweden_Milk_Price",
        "Total cattle",
        "feed_totals",
        "yield_per_supplier",
        "cos_week",
        "past_values",
        "Grass_growth-1",
        "Grass_growth-2",
        "Grass_growth-3",
        "Grass_growth-4",
        "num_suppliers-1",
        "num_suppliers-2",
        "num_suppliers-3",
        "num_suppliers-4",
        "Austria_Milk_Price-1",
        "Austria_Milk_Price-2",
        "Austria_Milk_Price-3",
        "Austria_Milk_Price-4",
        "Belgium_Milk_Price-1",
        "Belgium_Milk_Price-2",
        "Belgium_Milk_Price-3",
        "Belgium_Milk_Price-4",
        "Bulgaria_Milk_Price-1",
        "Bulgaria_Milk_Price-2",
        "Bulgaria_Milk_Price-3",
        "Bulgaria_Milk_Price-4",
        "Cyprus_Milk_Price-1",
        "Cyprus_Milk_Price-2",
        "Cyprus_Milk_Price-3",
        "Cyprus_Milk_Price-4",
        "Czechia_Milk_Price-1",
        "Czechia_Milk_Price-2",
        "Czechia_Milk_Price-3",
        "Czechia_Milk_Price-4",
        "Dairy cows-1",
        "Dairy cows-2",
        "Dairy cows-3",
        "Dairy cows-4",
        "Denmark_Milk_Price-1",
        "Denmark_Milk_Price-2",
        "Denmark_Milk_Price-3",
        "Denmark_Milk_Price-4",
        "EU_UK-1",
        "EU_UK-2",
        "EU_UK-3",
        "EU_UK-4",
        "Estonia_Milk_Price-1",
        "Estonia_Milk_Price-2",
        "Estonia_Milk_Price-3",
        "Estonia_Milk_Price-4",
        "Finland_Milk_Price-1",
        "Finland_Milk_Price-2",
        "Finland_Milk_Price-3",
        "Finland_Milk_Price-4",
        "France_Milk_Price-1",
        "France_Milk_Price-2",
        "France_Milk_Price-3",
        "France_Milk_Price-4",
        "Germany_Milk_Price-1",
        "Germany_Milk_Price-2",
        "Germany_Milk_Price-3",
        "Germany_Milk_Price-4",
        "Greece_Milk_Price-1",
        "Greece_Milk_Price-2",
        "Greece_Milk_Price-3",
        "Greece_Milk_Price-4",
        "Hungary_Milk_Price-1",
        "Hungary_Milk_Price-2",
        "Hungary_Milk_Price-3",
        "Hungary_Milk_Price-4",
        "Ireland_Milk_Price-1",
        "Ireland_Milk_Price-2",
        "Ireland_Milk_Price-3",
        "Ireland_Milk_Price-4",
        "Italy_Milk_Price-1",
        "Italy_Milk_Price-2",
        "Italy_Milk_Price-3",
        "Italy_Milk_Price-4",
        "Latvia_Milk_Price-1",
        "Latvia_Milk_Price-2",
        "Latvia_Milk_Price-3",
        "Latvia_Milk_Price-4",
        "Lithuania_Milk_Price-1",
        "Lithuania_Milk_Price-2",
        "Lithuania_Milk_Price-3",
        "Lithuania_Milk_Price-4",
        "Netherlands_Milk_Price-1",
        "Netherlands_Milk_Price-2",
        "Netherlands_Milk_Price-3",
        "Netherlands_Milk_Price-4",
        "Poland_Milk_Price-1",
        "Poland_Milk_Price-2",
        "Poland_Milk_Price-3",
        "Poland_Milk_Price-4",
        "Portugal_Milk_Price-1",
        "Portugal_Milk_Price-2",
        "Portugal_Milk_Price-3",
        "Portugal_Milk_Price-4",
        "Romania_Milk_Price-1",
        "Romania_Milk_Price-2",
        "Romania_Milk_Price-3",
        "Romania_Milk_Price-4",
        "Slovakia_Milk_Price-1",
        "Slovakia_Milk_Price-2",
        "Slovakia_Milk_Price-3",
        "Slovakia_Milk_Price-4",
        "Slovenia_Milk_Price-1",
        "Slovenia_Milk_Price-2",
        "Slovenia_Milk_Price-3",
        "Slovenia_Milk_Price-4",
        "Spain_Milk_Price-1",
        "Spain_Milk_Price-2",
        "Spain_Milk_Price-3",
        "Spain_Milk_Price-4",
        "Sweden_Milk_Price-1",
        "Sweden_Milk_Price-2",
        "Sweden_Milk_Price-3",
        "Sweden_Milk_Price-4",
        "Total cattle-1",
        "Total cattle-2",
        "Total cattle-3",
        "Total cattle-4",
        "feed_totals-1",
        "feed_totals-2",
        "feed_totals-3",
        "feed_totals-4",
        "yield_per_supplier-1",
        "yield_per_supplier-2",
        "yield_per_supplier-3",
        "yield_per_supplier-4",
        "cos_week-1",
        "cos_week-2",
        "cos_week-3",
        "cos_week-4",
        "past_values-1",
        "past_values-2",
        "past_values-3",
        "past_values-4",
        "litres_step_1",
        "litres_step_2",
        "litres_step_3",
        "litres_step_4",
        "litres_step_5",
        "litres_step_6",
        "litres_step_7",
        "litres_step_8",
        "litres_step_9",
        "litres_step_10",
        "litres_step_11",
        "litres_step_12",
        "litres_step_13",
        "litres_step_14",
        "litres_step_15",
        "litres_step_16",
        "litres_step_17",
        "litres_step_18",
        "litres_step_19",
        "litres_step_20",
        "litres_step_21",
        "litres_step_22",
        "litres_step_23",
        "litres_step_24",
        "litres_step_25",
        "litres_step_26",
        "litres_step_27",
        "litres_step_28",
        "litres_step_29",
        "litres_step_30",
        "litres_step_31",
        "litres_step_32",
        "litres_step_33",
        "litres_step_34",
        "litres_step_35",
        "litres_step_36",
        "litres_step_37",
        "litres_step_38",
        "litres_step_39",
        "litres_step_40",
