{
    "Execution Time": 0.7879106998443604,
    "Mean Train Score": 819445002157.6661,
    "Mean Test Score": 2443164757131.461,
    "MAPE_Score": 3.4112005373761667,
    "MAE Score": 381845.00524816907,
    "Predictions": [
        11915039.603220573,
        9830430.36131823,
        7376372.826922055,
        5436727.996036133,
        6641551.903314523,
        3374296.1489078365,
        3483019.157314703,
        2469906.527016308,
        4259991.934117613,
        7784114.125048893,
        11262635.471657967,
        15420123.79104945,
        19943394.146623414,
        24174454.08293127,
        26175267.604438927,
        30366284.203480083,
        31590659.582668424,
        34751562.36249061,
        36260082.28001734,
        38190323.48038246,
        39542522.70799025,
        40548814.72506687,
        41140877.06568344,
        41590687.29477804,
        41335770.27468427,
        40496802.487041205,
        39909476.139051124,
        39157070.721262455,
        38618291.36180335,
        37540008.84463896,
        36902873.92428378,
        35932326.2918818,
        35557767.31167617,
        34027056.76903783,
        33692517.25162208,
        32760718.7010279,
        32067593.88175796,
        31400200.001224093,
        30674219.682894345,
        29908807.1116321,
        28403833.349270694,
        26876209.144968674,
        25639253.22442452,
        24371964.27519381,
        22823593.733852815,
        22113924.266700465,
        20356259.594455365,
        18208637.50889729,
        17135081.894246407,
        14839434.90260737,
        13085742.382571483,
        7574011.399323465
    ],
    "Scaler": "RobustScaler",
    "Scoring": "Pearson Correlation",
    "Selected Features": [
        "Grass_growth",
        "num_suppliers",
        "Bulgaria_Milk_Price",
        "Finland_Milk_Price",
        "Lithuania_Milk_Price",
        "Romania_Milk_Price",
        "Spain_Milk_Price",
        "yield_per_supplier",
        "cos_week",
        "Grass_growth-1",
        "Grass_growth-2",
        "Grass_growth-3",
        "num_suppliers-1",
        "num_suppliers-2",
        "num_suppliers-3",
        "Bulgaria_Milk_Price-1",
        "Bulgaria_Milk_Price-2",
        "Finland_Milk_Price-1",
        "Finland_Milk_Price-2",
        "Finland_Milk_Price-3",
        "Ireland_Milk_Price-1",
        "Ireland_Milk_Price-2",
        "Ireland_Milk_Price-3",
        "Lithuania_Milk_Price-1",
        "Lithuania_Milk_Price-2",
        "Lithuania_Milk_Price-3",
        "Romania_Milk_Price-1",
        "Spain_Milk_Price-1",
        "Spain_Milk_Price-2",
        "yield_per_supplier-1",
        "yield_per_supplier-2",
        "yield_per_supplier-3",
        "cos_week-1",
        "cos_week-2",
        "cos_week-3"
    ],
    "Best Parameters": {
        "model__tol": 0.001,
        "model__max_iter": 1000,
        "model__loss": "squared_epsilon_insensitive",
        "model__fit_intercept": true,
        "model__epsilon": 0.01,
        "model__C": 10
    },
    "Best lag": 3
}