{
    "Execution Time": 8.62602186203003,
    "Mean Train Score": 58724318835.46448,
    "Mean Test Score": 1185914814424.2695,
    "MAPE_Score": 50.950003789084406,
    "MAE Score": 4677134.935576924,
    "Predictions": [
        15821163.8,
        15752741.24,
        15442036.64,
        15384069.1,
        15716337.48,
        15651990.54,
        15810336.74,
        14496988.68,
        14387303.6,
        14749042.96,
        16869108.84,
        11734467.39,
        14691774.98,
        16537943.68,
        18851529.06,
        21043701.46,
        23535484.3,
        27344762.82,
        29010093.74,
        31556010.68,
        33918328.28,
        36153367.76,
        39721857.66,
        39402593.78,
        39413339.4,
        39376093.44,
        39376093.44,
        39388099.38,
        39451292.54,
        38582089.5,
        37490017.42,
        36312318.62,
        35772043.92,
        35904507.54,
        35705640.26,
        35657903.88,
        35444103.26,
        35418313.06,
        35091358.48,
        34562577.34,
        34300993.8,
        32217031.4,
        26233133.52,
        25466822.3,
        23538127.98,
        23168764.46,
        21846520.38,
        20981785.92,
        19652274.0,
        18068544.46,
        16542127.68,
        13835318.92
    ],
    "Scaler": "No scaling",
    "Scoring": "F_regression",
    "Selected Features": [
        "Grass_growth",
        "num_suppliers",
        "yield_per_supplier",
        "cos_week",
        "Grass_growth-1",
        "Grass_growth-2",
        "Grass_growth-3",
        "num_suppliers-1",
        "num_suppliers-2",
        "yield_per_supplier-1",
        "yield_per_supplier-2",
        "yield_per_supplier-3",
        "cos_week-1",
        "cos_week-2",
        "cos_week-3"
    ],
    "Best Parameters": {
        "model__n_estimators": 50,
        "model__min_samples_split": 2,
        "model__max_features": null,
        "model__max_depth": 32,
        "model__criterion": "absolute_error"
    },
    "Best lag": 3
}