{
    "Execution Time": 5.440695285797119,
    "Mean Train Score": 785732957772.7849,
    "Mean Test Score": 5074830333558.756,
    "MAPE_Score": 4.624908392953019,
    "MAE Score": 524120.28362595994,
    "Predictions": [
        11990740.656841913,
        10198724.897131734,
        8183143.483448572,
        6360580.443452135,
        5701862.368323302,
        4111291.3226784244,
        4300700.447822314,
        4524573.653099224,
        5710266.159989037,
        8298456.451523922,
        11385175.693947302,
        15458928.223114772,
        19543886.723326296,
        23590493.98546258,
        26299724.562634546,
        30163639.411722474,
        32014748.470018834,
        34742513.7327609,
        36488587.61213795,
        38510248.17482139,
        39985185.72698474,
        40858119.91309659,
        41515377.63308453,
        41961221.912633464,
        41881810.84539714,
        41201560.30977616,
        40403810.365086436,
        39354612.02787547,
        38485318.4151619,
        37566408.991454266,
        37026440.752944954,
        36282273.14652714,
        35480058.65966162,
        34053316.76463015,
        33651029.679596126,
        32986744.04903157,
        32237164.001954846,
        31312619.606624763,
        30436355.13927395,
        29696293.664961897,
        28299467.459696554,
        26877924.65560741,
        25308071.180994216,
        23838447.844121244,
        22353701.00069395,
        21478639.949049056,
        19846532.743889257,
        17867499.553005204,
        16529755.473566415,
        14580574.163758647,
        12852628.06932097,
        8679935.317172255
    ],
    "Scaler": "RobustScaler",
    "Scoring": "Mutual_info_regression",
    "Selected Features": [
        "Week",
        "Grass_growth",
        "num_suppliers",
        "yield_per_supplier",
        "cos_week",
        "Grass_growth-1",
        "Grass_growth-2",
        "Grass_growth-3",
        "Grass_growth-4",
        "Grass_growth-5",
        "Grass_growth-6",
        "num_suppliers-1",
        "num_suppliers-2",
        "yield_per_supplier-1",
        "yield_per_supplier-2",
        "yield_per_supplier-3",
        "yield_per_supplier-4",
        "yield_per_supplier-5",
        "yield_per_supplier-6",
        "cos_week-1",
        "cos_week-2",
        "cos_week-3",
        "cos_week-4",
        "cos_week-5",
        "cos_week-6"
    ],
    "Best Parameters": {
        "model__tol": 0.001,
        "model__solver": "sparse_cg",
        "model__alpha": 1.0
    },
    "Best lag": 6
}