{
    "Execution Time": 0.77557373046875,
    "Mean Train Score": 128016912978.80205,
    "Mean Test Score": 31998571435310.176,
    "MAPE_Score": 2.382117761018227,
    "MAE Score": 161774.22574827776,
    "Predictions": [
        11241792.308628857,
        9080157.189227402,
        6558792.919740975,
        4737643.978419602,
        3661471.3729351163,
        2738634.7388156056,
        3565356.996897042,
        3218563.5855701566,
        4429550.572468042,
        7546434.471129119,
        11210163.949345648,
        15620184.063387,
        19912840.813115202,
        23835290.808395587,
        25522730.164447747,
        30019489.02593156,
        31170586.68494173,
        34780676.262092195,
        36365576.44071313,
        38283849.352302305,
        39571745.355607204,
        40493897.85982946,
        40974853.32624447,
        41274053.09413996,
        40892709.50369847,
        39782301.529390275,
        39089868.21909204,
        38356000.68813583,
        38007676.45215824,
        36942417.78969276,
        36288522.397239,
        35087854.0154047,
        35044798.02044769,
        33563194.87395334,
        33331796.135229945,
        32257753.927995592,
        31660942.225399703,
        31114444.479865283,
        30326638.6756628,
        29495058.89153947,
        28001845.76018186,
        26623000.632279575,
        25343654.15767306,
        24221418.87776822,
        22798117.08498639,
        22222639.696880102,
        20183491.381076813,
        18008459.676110327,
        17042218.294201434,
        14731837.396364808,
        13049227.429692775,
        8171965.201425374
    ],
    "Scaler": "No scaling",
    "Scoring": "No scoring",
    "Selected Features": [
        "Week",
        "Grass_growth",
        "num_suppliers",
        "Austria_Milk_Price",
        "Belgium_Milk_Price",
        "Bulgaria_Milk_Price",
        "Cyprus_Milk_Price",
        "Czechia_Milk_Price",
        "Dairy cows",
        "Denmark_Milk_Price",
        "EU_UK",
        "Estonia_Milk_Price",
        "Finland_Milk_Price",
        "France_Milk_Price",
        "Germany_Milk_Price",
        "Greece_Milk_Price",
        "Hungary_Milk_Price",
        "Ireland_Milk_Price",
        "Italy_Milk_Price",
        "Latvia_Milk_Price",
        "Lithuania_Milk_Price",
        "Netherlands_Milk_Price",
        "Poland_Milk_Price",
        "Portugal_Milk_Price",
        "Romania_Milk_Price",
        "Slovakia_Milk_Price",
        "Slovenia_Milk_Price",
        "Spain_Milk_Price",
        "Sweden_Milk_Price",
        "Total cattle",
        "feed_totals",
        "yield_per_supplier",
        "cos_week",
        "past_values",
        "Grass_growth-1",
        "Grass_growth-2",
        "Grass_growth-3",
        "num_suppliers-1",
        "num_suppliers-2",
        "num_suppliers-3",
        "Austria_Milk_Price-1",
        "Austria_Milk_Price-2",
        "Austria_Milk_Price-3",
        "Belgium_Milk_Price-1",
        "Belgium_Milk_Price-2",
        "Belgium_Milk_Price-3",
        "Bulgaria_Milk_Price-1",
        "Bulgaria_Milk_Price-2",
        "Bulgaria_Milk_Price-3",
        "Cyprus_Milk_Price-1",
        "Cyprus_Milk_Price-2",
        "Cyprus_Milk_Price-3",
        "Czechia_Milk_Price-1",
        "Czechia_Milk_Price-2",
        "Czechia_Milk_Price-3",
        "Dairy cows-1",
        "Dairy cows-2",
        "Dairy cows-3",
        "Denmark_Milk_Price-1",
        "Denmark_Milk_Price-2",
        "Denmark_Milk_Price-3",
        "EU_UK-1",
        "EU_UK-2",
        "EU_UK-3",
        "Estonia_Milk_Price-1",
        "Estonia_Milk_Price-2",
        "Estonia_Milk_Price-3",
        "Finland_Milk_Price-1",
        "Finland_Milk_Price-2",
        "Finland_Milk_Price-3",
        "France_Milk_Price-1",
        "France_Milk_Price-2",
        "France_Milk_Price-3",
        "Germany_Milk_Price-1",
        "Germany_Milk_Price-2",
        "Germany_Milk_Price-3",
        "Greece_Milk_Price-1",
        "Greece_Milk_Price-2",
        "Greece_Milk_Price-3",
        "Hungary_Milk_Price-1",
        "Hungary_Milk_Price-2",
        "Hungary_Milk_Price-3",
        "Ireland_Milk_Price-1",
        "Ireland_Milk_Price-2",
        "Ireland_Milk_Price-3",
        "Italy_Milk_Price-1",
        "Italy_Milk_Price-2",
        "Italy_Milk_Price-3",
        "Latvia_Milk_Price-1",
        "Latvia_Milk_Price-2",
        "Latvia_Milk_Price-3",
        "Lithuania_Milk_Price-1",
        "Lithuania_Milk_Price-2",
        "Lithuania_Milk_Price-3",
        "Netherlands_Milk_Price-1",
        "Netherlands_Milk_Price-2",
        "Netherlands_Milk_Price-3",
        "Poland_Milk_Price-1",
        "Poland_Milk_Price-2",
        "Poland_Milk_Price-3",
        "Portugal_Milk_Price-1",
        "Portugal_Milk_Price-2",
        "Portugal_Milk_Price-3",
        "Romania_Milk_Price-1",
        "Romania_Milk_Price-2",
        "Romania_Milk_Price-3",
        "Slovakia_Milk_Price-1",
        "Slovakia_Milk_Price-2",
        "Slovakia_Milk_Price-3",
        "Slovenia_Milk_Price-1",
        "Slovenia_Milk_Price-2",
        "Slovenia_Milk_Price-3",
        "Spain_Milk_Price-1",
        "Spain_Milk_Price-2",
        "Spain_Milk_Price-3",
        "Sweden_Milk_Price-1",
        "Sweden_Milk_Price-2",
        "Sweden_Milk_Price-3",
        "Total cattle-1",
        "Total cattle-2",
        "Total cattle-3",
        "feed_totals-1",
        "feed_totals-2",
        "feed_totals-3",
        "yield_per_supplier-1",
        "yield_per_supplier-2",
        "yield_per_supplier-3",
        "cos_week-1",
        "cos_week-2",
        "cos_week-3",
        "past_values-1",
        "past_values-2",
        "past_values-3"
    ],
    "Best Parameters": {
        "model__tol": 0.0001,
        "model__solver": "auto",
        "model__alpha": 0.6
    },
    "Best lag": 3
}